Loc Number,Date,Precipitation,Predicted Purchased Cards,Unique Purchased Cards
4,02-04-2026,0.1929133683443069,214,111
4,02-05-2026,0.0,94,56
4,02-06-2026,0.0,299,270
4,02-07-2026,0.0,916,964
4,02-08-2026,0.0,292,263
4,02-09-2026,0.0,82,110
4,02-10-2026,0.0,80,61
4,02-11-2026,0.1377952843904495,168,100
4,02-12-2026,0.0,106,138
4,02-13-2026,0.0,413,328
4,02-14-2026,0.0,"1,174",1331
4,02-15-2026,0.6929134130477905,497,678
4,02-16-2026,0.0118110245093703,357,283
4,02-17-2026,0.0,170,227
4,02-18-2026,0.0078740157186985,280,329
4,02-19-2026,0.0511811077594757,246,267
4,02-20-2026,0.0944881960749626,529,497
4,02-21-2026,0.4724409580230713,"1,252",1130
4,02-22-2026,0.0039370078593492,607,584
4,02-23-2026,0.0,110,127
4,02-24-2026,0.0,101,127
4,02-25-2026,0.0039370078593492,216,145
4,02-26-2026,0.881889820098877,134,135
4,02-27-2026,1.1850396394729614,434,345
4,02-28-2026,0.0,"1,195",1023
4,03-01-2026,0.0,484,490
4,03-02-2026,0.0,105,135
4,03-03-2026,0.0,98,75
4,03-04-2026,0.0,223,131
4,03-05-2026,0.015748031437397,132,106
5,02-04-2026,0.0,208,148
5,02-05-2026,0.0,135,110
5,02-06-2026,0.0,364,217
5,02-07-2026,0.0,825,584
5,02-08-2026,0.0,290,226
5,02-09-2026,0.0,111,72
5,02-10-2026,0.0,105,81
5,02-11-2026,0.0236220490187406,171,158
5,02-12-2026,0.0,158,186
5,02-13-2026,0.0,500,359
5,02-14-2026,0.0,"1,136",1148
5,02-15-2026,0.0354330725967884,477,472
5,02-16-2026,0.0669291317462921,343,252
5,02-17-2026,0.0,133,105
5,02-18-2026,0.015748031437397,243,147
5,02-19-2026,0.0669291391968727,200,125
5,02-20-2026,0.6220472455024719,480,372
5,02-21-2026,0.0,"1,114",1010
5,02-22-2026,0.1377952843904495,586,145
5,02-23-2026,0.0,141,64
5,02-24-2026,0.0,134,118
5,02-25-2026,0.0,229,201
5,02-26-2026,0.0039370078593492,194,200
5,02-27-2026,0.0,493,471
5,02-28-2026,0.0,"1,184",1141
5,03-01-2026,0.0,525,462
5,03-02-2026,0.0,132,115
5,03-03-2026,0.1338582783937454,113,128
5,03-04-2026,0.2440944910049438,250,162
5,03-05-2026,0.2480314821004867,165,132
8,02-04-2026,0.0,317,181
8,02-05-2026,0.0944881960749626,161,169
8,02-06-2026,0.0,389,305
8,02-07-2026,0.0,902,785
8,02-08-2026,0.0,474,360
8,02-09-2026,0.0,157,115
8,02-10-2026,0.0,134,111
8,02-11-2026,0.0078740157186985,277,185
8,02-12-2026,0.0,164,207
8,02-13-2026,0.0511811077594757,496,317
8,02-14-2026,0.0118110245093703,"1,209",1016
8,02-15-2026,0.0314960666000843,650,717
8,02-16-2026,0.0866141691803932,532,428
8,02-17-2026,0.0196850392967462,178,106
8,02-18-2026,0.0236220490187406,375,204
8,02-19-2026,0.015748031437397,228,198
8,02-20-2026,0.0,468,340
8,02-21-2026,0.0078740157186985,"1,179",718
8,02-22-2026,0.0,684,573
8,02-23-2026,0.0236220490187406,201,217
8,02-24-2026,0.0,165,205
8,02-25-2026,0.0,382,248
8,02-26-2026,0.015748031437397,226,182
8,02-27-2026,0.0078740157186985,511,376
8,02-28-2026,0.4291338622570038,"1,425",1158
8,03-01-2026,0.1417322903871536,666,559
8,03-02-2026,0.0590551197528839,173,48
8,03-03-2026,0.1692913323640823,147,138
8,03-04-2026,0.2086613923311233,410,367
8,03-05-2026,0.0787401646375656,186,156
10,02-04-2026,0.0,451,280
10,02-05-2026,0.0,295,252
10,02-06-2026,0.0078740157186985,712,498
10,02-07-2026,0.0,"1,451",1199
10,02-08-2026,0.0,788,471
10,02-09-2026,0.0,267,436
10,02-10-2026,0.0,243,199
10,02-11-2026,1.2716535329818726,392,365
10,02-12-2026,0.0039370078593492,307,223
10,02-13-2026,0.0,837,612
10,02-14-2026,0.0,"1,770",1724
10,02-15-2026,0.0,"1,044",1190
10,02-16-2026,0.8937008380889893,802,772
10,02-17-2026,0.6377953886985779,316,257
10,02-18-2026,0.5590551495552063,506,350
10,02-19-2026,0.4291338622570038,428,305
10,02-20-2026,0.031496062874794,855,686
10,02-21-2026,0.0,"1,714",1381
10,02-22-2026,0.0,"1,054",983
10,02-23-2026,0.0,298,244
10,02-24-2026,0.0,271,257
10,02-25-2026,0.0,486,376
10,02-26-2026,0.0,349,333
10,02-27-2026,0.0,790,642
10,02-28-2026,0.0,"1,766",1456
10,03-01-2026,0.0,"1,037",1044
10,03-02-2026,0.0,292,220
10,03-03-2026,0.0,256,219
10,03-04-2026,0.0,491,367
10,03-05-2026,0.0,315,241
11,02-04-2026,0.0,248,169
11,02-05-2026,0.0,106,90
11,02-06-2026,0.0,344,248
11,02-07-2026,0.0,"1,051",1033
11,02-08-2026,0.0,325,358
11,02-09-2026,0.0,104,117
11,02-10-2026,0.0,101,61
11,02-11-2026,0.0,208,169
11,02-12-2026,0.0,123,155
11,02-13-2026,0.0,507,478
11,02-14-2026,0.0,"1,397",1383
11,02-15-2026,0.5275591015815735,568,802
11,02-16-2026,0.0,367,391
11,02-17-2026,0.0,118,84
11,02-18-2026,0.0393700785934925,272,137
11,02-19-2026,0.0354330725967884,171,148
11,02-20-2026,0.0748031511902809,507,407
11,02-21-2026,0.0,"1,347",1205
11,02-22-2026,0.0039370078593492,632,524
11,02-23-2026,0.0,132,47
11,02-24-2026,0.0,117,146
11,02-25-2026,0.0196850392967462,266,185
11,02-26-2026,0.0,155,175
11,02-27-2026,0.0,467,360
11,02-28-2026,0.0,"1,389",1182
11,03-01-2026,0.015748031437397,530,592
11,03-02-2026,0.0433070883154869,131,122
11,03-03-2026,0.6771653294563293,128,135
11,03-04-2026,0.712598443031311,316,170
11,03-05-2026,1.0748032331466677,124,141
12,02-04-2026,0.007874016650021,306,203
12,02-05-2026,0.0,159,173
12,02-06-2026,0.0,522,495
12,02-07-2026,0.0,"1,195",1068
12,02-08-2026,0.0,479,310
12,02-09-2026,0.0,140,194
12,02-10-2026,0.0,139,121
12,02-11-2026,0.0,289,238
12,02-12-2026,0.0,196,131
12,02-13-2026,0.0078740157186985,680,622
12,02-14-2026,0.0275590568780899,"1,573",1367
12,02-15-2026,0.0,719,737
12,02-16-2026,0.0,481,442
12,02-17-2026,0.0236220490187406,189,200
12,02-18-2026,0.0,382,219
12,02-19-2026,0.0,259,203
12,02-20-2026,0.0,647,593
12,02-21-2026,0.0,"1,535",1197
12,02-22-2026,0.0,746,719
12,02-23-2026,0.0,205,173
12,02-24-2026,0.0,190,135
12,02-25-2026,0.0039370078593492,403,259
12,02-26-2026,0.0,263,219
12,02-27-2026,0.0,658,555
12,02-28-2026,0.0,"1,565",1136
12,03-01-2026,0.0,685,671
12,03-02-2026,0.0,162,160
12,03-03-2026,0.0393700785934925,154,112
12,03-04-2026,0.0354330763220787,371,277
12,03-05-2026,0.0,215,258
13,02-04-2026,0.0,342,193
13,02-05-2026,0.0,171,145
13,02-06-2026,0.0,430,403
13,02-07-2026,0.0,"1,152",1040
13,02-08-2026,0.0,407,383
13,02-09-2026,0.0,132,76
13,02-10-2026,0.0,129,67
13,02-11-2026,0.0,302,202
13,02-12-2026,0.0,185,164
13,02-13-2026,0.0,566,510
13,02-14-2026,0.0,"1,455",1642
13,02-15-2026,0.0,611,803
13,02-16-2026,0.0,516,603
13,02-17-2026,0.078740157186985,255,333
13,02-18-2026,0.0314960591495037,549,444
13,02-19-2026,0.0,368,357
13,02-20-2026,0.196850374341011,682,540
13,02-21-2026,0.0078740138560533,"1,550",1245
13,02-22-2026,0.0,739,667
13,02-23-2026,0.0,200,106
13,02-24-2026,0.0,173,141
13,02-25-2026,0.0078740213066339,419,254
13,02-26-2026,0.0039370064623653,240,179
13,02-27-2026,0.0,569,440
13,02-28-2026,0.0196850392967462,"1,517",1266
13,03-01-2026,0.0,661,776
13,03-02-2026,0.0,165,137
13,03-03-2026,0.0,145,118
13,03-04-2026,0.0275590568780899,384,320
13,03-05-2026,0.0905511900782585,212,173
14,02-04-2026,0.0,406,214
14,02-05-2026,0.0,223,166
14,02-06-2026,0.0,583,422
14,02-07-2026,0.0,"1,106",921
14,02-08-2026,0.0,596,366
14,02-09-2026,0.0,206,156
14,02-10-2026,0.0,198,154
14,02-11-2026,0.6929134726524353,382,296
14,02-12-2026,0.0039370078593492,240,190
14,02-13-2026,0.0,727,466
14,02-14-2026,0.0,"1,433",1419
14,02-15-2026,0.0,878,1050
14,02-16-2026,0.8464566469192505,784,835
14,02-17-2026,0.7716535925865173,277,247
14,02-18-2026,0.4370079040527344,485,436
14,02-19-2026,0.2874015569686889,362,305
14,02-20-2026,0.0078740157186985,697,549
14,02-21-2026,0.0,"1,346",1072
14,02-22-2026,0.0,810,639
14,02-23-2026,0.0,203,109
14,02-24-2026,0.0,178,149
14,02-25-2026,0.0,371,201
14,02-26-2026,0.0,235,206
14,02-27-2026,0.0,640,424
14,02-28-2026,0.0,"1,377",949
14,03-01-2026,0.0,754,708
14,03-02-2026,0.0,214,114
14,03-03-2026,0.0,191,167
14,03-04-2026,0.0,420,238
14,03-05-2026,0.0,235,153
15,02-04-2026,0.0,276,183
15,02-05-2026,0.0,143,102
15,02-06-2026,0.0,352,304
15,02-07-2026,0.0,987,823
15,02-08-2026,0.0,498,357
15,02-09-2026,0.0,135,108
15,02-10-2026,0.0,122,102
15,02-11-2026,0.1456692963838577,225,181
15,02-12-2026,0.0,131,122
15,02-13-2026,0.0,449,360
15,02-14-2026,0.0,"1,263",1182
15,02-15-2026,0.0,670,883
15,02-16-2026,0.0,755,749
15,02-17-2026,0.0,430,527
15,02-18-2026,0.0905511900782585,618,643
15,02-19-2026,0.062992125749588,534,528
15,02-20-2026,0.2952755689620971,769,557
15,02-21-2026,0.0078740157186985,"1,428",1160
15,02-22-2026,0.0354330763220787,907,193
15,02-23-2026,0.0,213,
15,02-24-2026,0.0,173,186
15,02-25-2026,0.0,261,157
15,02-26-2026,0.0275590550154447,152,90
15,02-27-2026,0.0,430,295
15,02-28-2026,0.0,"1,316",1094
15,03-01-2026,0.0,713,652
15,03-02-2026,0.0,149,61
15,03-03-2026,0.1299212574958801,117,75
15,03-04-2026,0.3543307185173034,278,230
15,03-05-2026,0.4881890416145324,128,114
16,02-04-2026,0.0,461,297
16,02-05-2026,0.0,255,199
16,02-06-2026,0.0,620,429
16,02-07-2026,0.0,"1,172",977
16,02-08-2026,0.0,609,389
16,02-09-2026,0.0,222,266
16,02-10-2026,0.0,208,161
16,02-11-2026,0.7244094610214233,426,373
16,02-12-2026,0.0,271,220
16,02-13-2026,0.0,744,570
16,02-14-2026,0.0,"1,404",1317
16,02-15-2026,0.0,876,1036
16,02-16-2026,0.8779526352882385,777,801
16,02-17-2026,0.3503937721252441,331,238
16,02-18-2026,0.5708661675453186,513,331
16,02-19-2026,0.2480314821004867,383,381
16,02-20-2026,0.0039370078593492,718,541
16,02-21-2026,0.0,"1,391",1095
16,02-22-2026,0.0,858,866
16,02-23-2026,0.0,250,153
16,02-24-2026,0.0,229,188
16,02-25-2026,0.0,463,317
16,02-26-2026,0.0,292,270
16,02-27-2026,0.0,697,545
16,02-28-2026,0.0,"1,448",1006
16,03-01-2026,0.0,821,841
16,03-02-2026,0.0,229,162
16,03-03-2026,0.0,202,208
16,03-04-2026,0.0,490,302
16,03-05-2026,0.0,267,246
17,02-04-2026,0.0,202,179
17,02-05-2026,0.0,95,124
17,02-06-2026,0.0,293,234
17,02-07-2026,0.0,744,849
17,02-08-2026,0.0,232,385
17,02-09-2026,0.0,91,75
17,02-10-2026,0.0,88,86
17,02-11-2026,0.0,161,169
17,02-12-2026,0.0,102,145
17,02-13-2026,0.0,413,453
17,02-14-2026,0.0,"1,058",1268
17,02-15-2026,0.4133858382701874,444,667
17,02-16-2026,0.0,296,438
17,02-17-2026,0.0,129,87
17,02-18-2026,0.0196850392967462,233,154
17,02-19-2026,0.0236220490187406,154,151
17,02-20-2026,0.8543307781219482,395,335
17,02-21-2026,0.0,"1,007",1044
17,02-22-2026,0.0,490,353
17,02-23-2026,0.0,120,122
17,02-24-2026,0.0,104,96
17,02-25-2026,0.0236220490187406,212,169
17,02-26-2026,0.0,138,183
17,02-27-2026,0.0,404,296
17,02-28-2026,0.0,"1,073",820
17,03-01-2026,0.0,457,560
17,03-02-2026,0.0,107,123
17,03-03-2026,0.1850393712520599,93,75
17,03-04-2026,0.4055118560791015,242,130
17,03-05-2026,0.7047244906425476,123,80
18,02-04-2026,0.0,284,175
18,02-05-2026,0.0,122,125
18,02-06-2026,0.0,325,271
18,02-07-2026,0.0,794,642
18,02-08-2026,0.0,283,279
18,02-09-2026,0.0,106,89
18,02-10-2026,0.0,104,91
18,02-11-2026,0.0196850392967462,266,165
18,02-12-2026,0.0,161,114
18,02-13-2026,0.015748031437397,464,297
18,02-14-2026,1.2244094610214231,"1,211",1245
18,02-15-2026,0.0,544,602
18,02-16-2026,0.0,342,285
18,02-17-2026,0.0,130,119
18,02-18-2026,0.0039370078593492,347,197
18,02-19-2026,0.0039370078593492,196,205
18,02-20-2026,0.0039370078593492,451,258
18,02-21-2026,0.0,"1,048",802
18,02-22-2026,0.0,543,556
18,02-23-2026,0.0,141,131
18,02-24-2026,0.0,121,137
18,02-25-2026,0.0,322,233
18,02-26-2026,0.0,182,203
18,02-27-2026,0.0,440,365
18,02-28-2026,0.0,"1,113",816
18,03-01-2026,0.0078740157186985,507,569
18,03-02-2026,0.0433070883154869,133,106
18,03-03-2026,0.0236220490187406,108,108
18,03-04-2026,0.0551181137561798,313,237
18,03-05-2026,0.125984251499176,178,187
20,02-04-2026,0.0,275,153
20,02-05-2026,0.0,130,133
20,02-06-2026,0.0,399,392
20,02-07-2026,0.0,"1,148",1218
20,02-08-2026,0.0,366,393
20,02-09-2026,0.0,126,112
20,02-10-2026,0.0,109,130
20,02-11-2026,0.0,235,188
20,02-12-2026,0.0,147,180
20,02-13-2026,0.0,528,614
20,02-14-2026,0.5433071255683899,"1,594",1603
20,02-15-2026,0.5590551495552063,636,909
20,02-16-2026,0.0,402,494
20,02-17-2026,0.0,138,96
20,02-18-2026,0.0,282,207
20,02-19-2026,0.7952756285667419,172,192
20,02-20-2026,0.0,510,465
20,02-21-2026,0.0,"1,535",1320
20,02-22-2026,0.0,664,846
20,02-23-2026,0.0,174,164
20,02-24-2026,0.0,156,176
20,02-25-2026,0.0,336,270
20,02-26-2026,0.0039370078593492,219,248
20,02-27-2026,0.0,549,436
20,02-28-2026,0.0078740157186985,"1,612",1382
20,03-01-2026,0.0,643,838
20,03-02-2026,0.1968503892421722,165,154
20,03-03-2026,0.8976378440856934,151,235
20,03-04-2026,0.5669291019439697,364,227
20,03-05-2026,1.8582677841186523,186,170
21,02-04-2026,0.0,211,123
21,02-05-2026,0.0,90,89
21,02-06-2026,0.0,266,162
21,02-07-2026,0.0,660,532
21,02-08-2026,0.0,232,200
21,02-09-2026,0.0,78,43
21,02-10-2026,0.0196850392967462,90,49
21,02-11-2026,0.125984251499176,207,143
21,02-12-2026,0.0,112,100
21,02-13-2026,0.0078740157186985,394,240
21,02-14-2026,1.0984251499176023,"1,097",928
21,02-15-2026,0.0039370078593492,405,448
21,02-16-2026,0.0,311,235
21,02-17-2026,0.0039370078593492,115,87
21,02-18-2026,0.0,233,107
21,02-19-2026,0.0196850392967462,171,132
21,02-20-2026,0.0078740157186985,371,214
21,02-21-2026,0.0,846,583
21,02-22-2026,0.0,417,351
21,02-23-2026,0.0,91,61
21,02-24-2026,0.0,84,80
21,02-25-2026,0.0,220,133
21,02-26-2026,0.0,112,103
21,02-27-2026,0.0,326,224
21,02-28-2026,0.0,876,536
21,03-01-2026,0.015748031437397,371,313
21,03-02-2026,0.0196850392967462,86,57
21,03-03-2026,0.0275590568780899,79,44
21,03-04-2026,0.0551181212067604,215,153
21,03-05-2026,0.5472440719604492,110,91
22,02-04-2026,0.0,291,225
22,02-05-2026,0.4212598800659179,154,123
22,02-06-2026,0.0,385,396
22,02-07-2026,0.0,"1,078",1069
22,02-08-2026,0.0,383,334
22,02-09-2026,0.0,128,102
22,02-10-2026,0.0236220490187406,117,113
22,02-11-2026,0.0236220490187406,267,150
22,02-12-2026,0.0,153,173
22,02-13-2026,0.0,539,503
22,02-14-2026,0.0,"1,452",1475
22,02-15-2026,0.2677165567874908,771,874
22,02-16-2026,0.0275590568780899,480,538
22,02-17-2026,0.0,173,118
22,02-18-2026,0.0,354,157
22,02-19-2026,0.0,233,140
22,02-20-2026,0.0,517,384
22,02-21-2026,0.0,"1,408",1206
22,02-22-2026,0.0866141766309738,725,800
22,02-23-2026,0.0,145,181
22,02-24-2026,0.0,127,159
22,02-25-2026,0.0,314,281
22,02-26-2026,0.0,177,225
22,02-27-2026,0.0866141766309738,522,500
22,02-28-2026,0.0,"1,392",1534
22,03-01-2026,0.0,553,810
22,03-02-2026,0.0,132,145
22,03-03-2026,0.0,114,151
22,03-04-2026,0.0078740157186985,321,268
22,03-05-2026,0.0,167,178
23,02-04-2026,0.0,277,179
23,02-05-2026,0.0,133,129
23,02-06-2026,0.0,436,392
23,02-07-2026,0.0,"1,141",686
23,02-08-2026,0.0,526,381
23,02-09-2026,0.0,133,115
23,02-10-2026,0.0,131,92
23,02-11-2026,0.007874016650021,275,176
23,02-12-2026,0.0,168,181
23,02-13-2026,0.0,578,395
23,02-14-2026,0.0,"1,439",1410
23,02-15-2026,0.0,755,1097
23,02-16-2026,0.0,832,822
23,02-17-2026,0.0,582,528
23,02-18-2026,0.1535433083772659,"1,030",905
23,02-19-2026,0.0275590568780899,966,815
23,02-20-2026,0.0708661526441574,"1,214",863
23,02-21-2026,0.0708661377429962,"1,830",1290
23,02-22-2026,0.0,"1,020",414
23,02-23-2026,0.0039370078593492,330,
23,02-24-2026,0.0,265,65
23,02-25-2026,0.007874016650021,436,231
23,02-26-2026,0.0,254,288
23,02-27-2026,0.0,598,523
23,02-28-2026,0.0,"1,511",1326
23,03-01-2026,0.0,772,870
23,03-02-2026,0.0,150,148
23,03-03-2026,0.0905511826276779,127,174
23,03-04-2026,0.3976378142833709,378,271
23,03-05-2026,0.078740157186985,185,169
24,02-04-2026,0.0,309,163
24,02-05-2026,0.0,151,135
24,02-06-2026,0.0,448,301
24,02-07-2026,0.0,"1,072",784
24,02-08-2026,0.0,533,362
24,02-09-2026,0.0039370078593492,161,110
24,02-10-2026,0.0944881960749626,151,97
24,02-11-2026,0.2795275449752807,275,202
24,02-12-2026,0.0826771631836891,165,119
24,02-13-2026,0.0,555,380
24,02-14-2026,0.0,"1,363",1196
24,02-15-2026,0.0826771631836891,885,1067
24,02-16-2026,2.354330539703369,754,776
24,02-17-2026,0.9370078444480896,317,284
24,02-18-2026,0.476377934217453,529,577
24,02-19-2026,0.6968504190444946,404,533
24,02-20-2026,0.0039370078593492,648,580
24,02-21-2026,0.0,"1,349",1087
24,02-22-2026,0.0,802,608
24,02-23-2026,0.0,182,111
24,02-24-2026,0.0393700785934925,163,104
24,02-25-2026,0.0118110245093703,331,149
24,02-26-2026,0.0196850392967462,207,162
24,02-27-2026,0.0,533,327
24,02-28-2026,0.0,"1,353",965
24,03-01-2026,0.0,715,589
24,03-02-2026,0.0,168,125
24,03-03-2026,0.0039370078593492,146,93
24,03-04-2026,0.0039370078593492,332,208
24,03-05-2026,0.0,179,108
25,02-04-2026,0.0,249,121
25,02-05-2026,0.0,120,96
25,02-06-2026,0.0,409,340
25,02-07-2026,0.0,986,792
25,02-08-2026,0.0,372,214
25,02-09-2026,0.0,116,113
25,02-10-2026,0.0,103,95
25,02-11-2026,0.0,217,155
25,02-12-2026,0.0,139,139
25,02-13-2026,0.0039370078593492,557,462
25,02-14-2026,0.0551181137561798,"1,372",1415
25,02-15-2026,0.0,595,632
25,02-16-2026,0.0,381,321
25,02-17-2026,0.0236220490187406,160,181
25,02-18-2026,0.0039370078593492,298,137
25,02-19-2026,0.0039370078593492,215,135
25,02-20-2026,0.0,547,426
25,02-21-2026,0.0,"1,340",1007
25,02-22-2026,0.0,688,578
25,02-23-2026,0.0,159,134
25,02-24-2026,0.0,136,136
25,02-25-2026,0.015748031437397,292,203
25,02-26-2026,0.0,185,180
25,02-27-2026,0.0,534,440
25,02-28-2026,0.0,"1,340",897
25,03-01-2026,0.0,584,553
25,03-02-2026,0.0,132,102
25,03-03-2026,0.0748031511902809,107,83
25,03-04-2026,0.0354330725967884,262,170
25,03-05-2026,0.0,157,196
26,02-04-2026,0.0,291,196
26,02-05-2026,0.0,135,151
26,02-06-2026,0.0039370078593492,390,326
26,02-07-2026,0.0,"1,178",1106
26,02-08-2026,0.0,410,362
26,02-09-2026,0.0,128,138
26,02-10-2026,0.0,126,129
26,02-11-2026,0.0078740157186985,261,182
26,02-12-2026,0.0,152,175
26,02-13-2026,0.0,566,450
26,02-14-2026,0.0,"1,559",1636
26,02-15-2026,0.1062992066144943,638,928
26,02-16-2026,0.0,388,346
26,02-17-2026,0.0,173,145
26,02-18-2026,0.1181102395057678,333,262
26,02-19-2026,0.1929133981466293,184,188
26,02-20-2026,0.2755905389785766,538,491
26,02-21-2026,0.0,"1,540",1419
26,02-22-2026,0.0,714,628
26,02-23-2026,0.0,167,173
26,02-24-2026,0.0,152,202
26,02-25-2026,0.015748031437397,321,250
26,02-26-2026,0.0,212,237
26,02-27-2026,0.0,550,446
26,02-28-2026,0.0,"1,574",1452
26,03-01-2026,0.0,676,922
26,03-02-2026,0.0,159,132
26,03-03-2026,0.6850393414497375,150,158
26,03-04-2026,0.2007873803377151,325,228
26,03-05-2026,0.6692913770675659,158,187
27,02-04-2026,0.0,597,301
27,02-05-2026,0.0,323,30
27,02-06-2026,0.0,756,553
27,02-07-2026,0.0,"1,324",1215
27,02-08-2026,0.0,703,395
27,02-09-2026,0.0,264,211
27,02-10-2026,0.0,262,197
27,02-11-2026,0.1889763921499252,572,381
27,02-12-2026,0.0,337,273
27,02-13-2026,0.0,903,698
27,02-14-2026,0.0,"1,656",1311
27,02-15-2026,0.0,966,1055
27,02-16-2026,0.748031497001648,805,1007
27,02-17-2026,0.6574803590774536,414,296
27,02-18-2026,0.2874016165733337,725,429
27,02-19-2026,0.0551181100308895,508,365
27,02-20-2026,0.2874015569686889,"1,056",560
27,02-21-2026,0.0,"1,597",1139
27,02-22-2026,0.0,978,698
27,02-23-2026,0.0,288,213
27,02-24-2026,0.0,276,206
27,02-25-2026,0.0,593,393
27,02-26-2026,0.0,366,247
27,02-27-2026,0.0,834,591
27,02-28-2026,0.0,"1,641",1015
27,03-01-2026,0.0,926,802
27,03-02-2026,0.0,282,216
27,03-03-2026,0.0,267,156
27,03-04-2026,0.0,626,311
27,03-05-2026,0.0,347,243
28,02-04-2026,0.0,264,174
28,02-05-2026,0.0708661451935768,130,198
28,02-06-2026,0.0,433,379
28,02-07-2026,0.0,"1,211",1114
28,02-08-2026,0.0,631,504
28,02-09-2026,0.0,127,86
28,02-10-2026,0.0,117,100
28,02-11-2026,0.0551181100308895,229,182
28,02-12-2026,0.0,138,151
28,02-13-2026,0.0433070883154869,579,452
28,02-14-2026,0.0118110245093703,"1,532",1302
28,02-15-2026,0.1299212723970413,989,972
28,02-16-2026,0.0393700785934925,563,459
28,02-17-2026,0.0236220490187406,165,124
28,02-18-2026,0.0314960666000843,286,183
28,02-19-2026,0.0078740157186985,215,170
28,02-20-2026,0.0,490,370
28,02-21-2026,0.0,"1,432",1165
28,02-22-2026,0.0,835,832
28,02-23-2026,0.0078740157186985,191,135
28,02-24-2026,0.0,147,175
28,02-25-2026,0.0,312,174
28,02-26-2026,0.015748031437397,208,179
28,02-27-2026,0.0354330725967884,592,440
28,02-28-2026,0.0944881811738014,"1,635",1330
28,03-01-2026,0.1299212574958801,935,1007
28,03-02-2026,0.0275590568780899,171,158
28,03-03-2026,0.1102362275123596,148,131
28,03-04-2026,0.133858248591423,301,208
28,03-05-2026,0.1574802845716476,161,163
29,02-04-2026,0.0,252,105
29,02-05-2026,0.0,89,69
29,02-06-2026,0.0,303,199
29,02-07-2026,0.0,766,716
29,02-08-2026,0.0,262,260
29,02-09-2026,0.0,104,63
29,02-10-2026,0.0,95,65
29,02-11-2026,0.0314960666000843,235,145
29,02-12-2026,0.0,119,122
29,02-13-2026,0.0,467,356
29,02-14-2026,0.7834645509719849,"1,183",1111
29,02-15-2026,0.1141732260584831,527,590
29,02-16-2026,0.0,390,390
29,02-17-2026,0.0,138,83
29,02-18-2026,0.0,307,113
29,02-19-2026,0.0,155,96
29,02-20-2026,0.0,397,228
29,02-21-2026,0.0,959,832
29,02-22-2026,0.0,430,441
29,02-23-2026,0.0,110,77
29,02-24-2026,0.0,88,88
29,02-25-2026,0.0,262,139
29,02-26-2026,0.0,114,123
29,02-27-2026,0.0,376,286
29,02-28-2026,0.0118110245093703,"1,025",676
29,03-01-2026,0.0,401,482
29,03-02-2026,0.0118110245093703,119,88
29,03-03-2026,0.0,99,74
29,03-04-2026,0.0314960666000843,304,147
29,03-05-2026,0.4133858680725097,130,88
31,02-04-2026,0.0,305,210
31,02-05-2026,0.0,130,140
31,02-06-2026,0.0118110245093703,357,254
31,02-07-2026,0.0,989,957
31,02-08-2026,0.0,308,416
31,02-09-2026,0.0,117,137
31,02-10-2026,0.0,109,80
31,02-11-2026,0.0118110245093703,250,198
31,02-12-2026,0.0,145,123
31,02-13-2026,0.0,500,591
31,02-14-2026,0.0,"1,349",1483
31,02-15-2026,0.0,501,857
31,02-16-2026,0.0,387,448
31,02-17-2026,0.0,150,146
31,02-18-2026,0.2047244310379028,302,236
31,02-19-2026,0.0354330688714981,182,144
31,02-20-2026,0.1299212574958801,537,340
31,02-21-2026,0.0,"1,347",1052
31,02-22-2026,0.0,624,590
31,02-23-2026,0.0039370078593492,155,152
31,02-24-2026,0.0,134,142
31,02-25-2026,0.0,336,235
31,02-26-2026,0.0,198,198
31,02-27-2026,0.0,503,444
31,02-28-2026,0.0,"1,396",1322
31,03-01-2026,0.0,560,781
31,03-02-2026,0.0,133,159
31,03-03-2026,0.0787401646375656,123,144
31,03-04-2026,0.031496062874794,316,227
31,03-05-2026,0.6417323350906372,164,136
32,02-04-2026,0.0,347,206
32,02-05-2026,0.0,154,158
32,02-06-2026,0.0,418,475
32,02-07-2026,0.0,996,994
32,02-08-2026,0.0,414,423
32,02-09-2026,0.0,115,158
32,02-10-2026,0.0,106,127
32,02-11-2026,0.0708661302924156,281,265
32,02-12-2026,0.0,152,179
32,02-13-2026,0.0,516,417
32,02-14-2026,0.0,"1,250",1407
32,02-15-2026,0.0,556,1061
32,02-16-2026,0.0,787,905
32,02-17-2026,0.0,549,827
32,02-18-2026,0.078740157186985,"1,061",1469
32,02-19-2026,0.0393700785934925,895,1203
32,02-20-2026,0.3937007784843445,"1,115",1130
32,02-21-2026,0.0314960666000843,"1,577",1395
32,02-22-2026,0.0275590568780899,"1,024",238
32,02-23-2026,0.0039370087906718,238,
32,02-24-2026,0.0,177,177
32,02-25-2026,0.0039370078593492,483,240
32,02-26-2026,0.0393700785934925,208,123
32,02-27-2026,0.0,520,494
32,02-28-2026,0.0,"1,292",1342
32,03-01-2026,0.0,634,889
32,03-02-2026,0.0,119,140
32,03-03-2026,0.1496063023805618,102,126
32,03-04-2026,0.2440944910049438,424,285
32,03-05-2026,0.5236220955848694,137,139
33,02-04-2026,0.0,316,178
33,02-05-2026,0.0,151,152
33,02-06-2026,0.0,510,326
33,02-07-2026,0.0,"1,168",1101
33,02-08-2026,0.0,459,440
33,02-09-2026,0.0,128,134
33,02-10-2026,0.0039370078593492,87,90
33,02-11-2026,0.0,271,206
33,02-12-2026,0.0,171,158
33,02-13-2026,0.0,611,497
33,02-14-2026,0.0,"1,372",1221
33,02-15-2026,0.0,628,1102
33,02-16-2026,0.0039370078593492,571,938
33,02-17-2026,0.007874016650021,220,177
33,02-18-2026,0.1023621931672096,403,97
33,02-19-2026,0.015748031437397,332,215
33,02-20-2026,0.3070866465568542,715,403
33,02-21-2026,0.0236220490187406,"1,536",1042
33,02-22-2026,0.015748031437397,783,609
33,02-23-2026,0.0,142,98
33,02-24-2026,0.0,97,117
33,02-25-2026,0.0039370078593492,275,177
33,02-26-2026,0.0,157,208
33,02-27-2026,0.0,533,535
33,02-28-2026,0.0511811077594757,"1,489",1179
33,03-01-2026,0.0,685,601
33,03-02-2026,0.0,180,120
33,03-03-2026,0.0,129,128
33,03-04-2026,0.0,375,210
33,03-05-2026,0.078740157186985,161,179
34,02-04-2026,0.0,299,168
34,02-05-2026,0.0,151,121
34,02-06-2026,0.0,434,365
34,02-07-2026,0.0,943,729
34,02-08-2026,0.0,505,348
34,02-09-2026,0.0,154,204
34,02-10-2026,0.0078740157186985,134,114
34,02-11-2026,1.271653413772583,256,142
34,02-12-2026,0.0078740157186985,158,159
34,02-13-2026,0.0,543,395
34,02-14-2026,0.0,"1,177",1055
34,02-15-2026,0.0,711,816
34,02-16-2026,1.2440944910049438,584,623
34,02-17-2026,0.5787401795387268,180,175
34,02-18-2026,0.5275590419769287,298,226
34,02-19-2026,0.5157480835914612,197,191
34,02-20-2026,0.0118110245093703,492,385
34,02-21-2026,0.0,"1,096",795
34,02-22-2026,0.0,681,664
34,02-23-2026,0.0,161,122
34,02-24-2026,0.0,131,115
34,02-25-2026,0.0,292,185
34,02-26-2026,0.0,172,161
34,02-27-2026,0.0,496,345
34,02-28-2026,0.0,"1,161",775
34,03-01-2026,0.0,651,596
34,03-02-2026,0.0,163,95
34,03-03-2026,0.0,138,121
34,03-04-2026,0.0,307,191
34,03-05-2026,0.0,164,112
35,02-04-2026,0.0,316,272
35,02-05-2026,0.0,187,140
35,02-06-2026,0.0,536,485
35,02-07-2026,0.0,"1,412",1396
35,02-08-2026,0.0,648,632
35,02-09-2026,0.0,189,191
35,02-10-2026,0.0,178,189
35,02-11-2026,0.0,286,204
35,02-12-2026,0.0,213,228
35,02-13-2026,0.0,700,585
35,02-14-2026,0.0,"1,797",1927
35,02-15-2026,0.2047244012355804,942,1210
35,02-16-2026,0.3622047305107116,714,857
35,02-17-2026,0.0,257,246
35,02-18-2026,0.0,411,193
35,02-19-2026,0.125984251499176,313,234
35,02-20-2026,0.5078740119934082,746,529
35,02-21-2026,0.0,"1,796",1653
35,02-22-2026,0.2795275747776031,"1,035",651
35,02-23-2026,0.0118110254406929,210,302
35,02-24-2026,0.0,184,179
35,02-25-2026,0.015748031437397,330,261
35,02-26-2026,0.062992125749588,248,231
35,02-27-2026,0.0,655,591
35,02-28-2026,0.0,"1,810",1702
35,03-01-2026,0.0039370078593492,956,972
35,03-02-2026,0.0,208,152
35,03-03-2026,0.1614173203706741,161,181
35,03-04-2026,0.1811023354530334,353,274
35,03-05-2026,0.0511811077594757,229,235
36,02-04-2026,0.0433070883154869,206,191
36,02-05-2026,0.0039370078593492,107,136
36,02-06-2026,0.0078740157186985,287,243
36,02-07-2026,0.0,848,907
36,02-08-2026,0.0,326,444
36,02-09-2026,0.0,112,118
36,02-10-2026,0.0,100,99
36,02-11-2026,0.0236220490187406,159,139
36,02-12-2026,0.0,121,150
36,02-13-2026,0.0,392,344
36,02-14-2026,0.0,"1,128",1283
36,02-15-2026,1.078740119934082,607,632
36,02-16-2026,0.1850393712520599,385,322
36,02-17-2026,0.0,114,114
36,02-18-2026,0.0,195,171
36,02-19-2026,0.0118110245093703,133,135
36,02-20-2026,0.1653543263673782,452,312
36,02-21-2026,0.078740157186985,"1,134",1131
36,02-22-2026,0.5984251499176025,627,625
36,02-23-2026,0.0,121,144
36,02-24-2026,0.0,103,130
36,02-25-2026,0.0,203,182
36,02-26-2026,1.1220473051071167,162,177
36,02-27-2026,0.1653543412685394,420,406
36,02-28-2026,0.0078740157186985,"1,133",1262
36,03-01-2026,0.0,495,643
36,03-02-2026,0.0,135,167
36,03-03-2026,0.0078740157186985,109,157
36,03-04-2026,0.0,227,153
36,03-05-2026,0.0,147,131
38,02-04-2026,0.0944881960749626,188,95
38,02-05-2026,0.0,106,106
38,02-06-2026,0.0,274,256
38,02-07-2026,0.0,749,601
38,02-08-2026,0.0,316,299
38,02-09-2026,0.0,86,72
38,02-10-2026,0.0,85,45
38,02-11-2026,0.1496063023805618,155,97
38,02-12-2026,0.0,113,90
38,02-13-2026,0.0,374,235
38,02-14-2026,0.0,"1,057",896
38,02-15-2026,1.1968504190444946,465,600
38,02-16-2026,0.0,322,325
38,02-17-2026,0.0,112,120
38,02-18-2026,0.1614173203706741,221,111
38,02-19-2026,0.2559054791927337,145,93
38,02-20-2026,0.0984251946210861,384,270
38,02-21-2026,0.0,"1,038",799
38,02-22-2026,0.0,598,200
38,02-23-2026,0.0,122,79
38,02-24-2026,0.0,110,105
38,02-25-2026,0.0,213,117
38,02-26-2026,0.7834645509719849,132,116
38,02-27-2026,0.0,373,204
38,02-28-2026,0.0,"1,100",720
38,03-01-2026,0.0,572,419
38,03-02-2026,0.0393700823187828,107,61
38,03-03-2026,0.0,92,64
38,03-04-2026,0.0039370078593492,223,132
38,03-05-2026,0.0236220490187406,134,96
39,02-04-2026,0.1102362275123596,305,195
39,02-05-2026,0.0,156,166
39,02-06-2026,0.0,555,475
39,02-07-2026,0.0,"1,315",1191
39,02-08-2026,0.0039370078593492,596,457
39,02-09-2026,0.0,160,108
39,02-10-2026,0.0118110245093703,147,129
39,02-11-2026,0.0669291391968727,276,247
39,02-12-2026,0.0,201,171
39,02-13-2026,0.015748031437397,735,622
39,02-14-2026,0.2834645807743072,"1,782",1778
39,02-15-2026,0.8582677245140076,933,1090
39,02-16-2026,0.0,512,482
39,02-17-2026,0.0,184,120
39,02-18-2026,0.0196850392967462,389,165
39,02-19-2026,0.0078740157186985,237,195
39,02-20-2026,0.0196850392967462,682,476
39,02-21-2026,0.0236220490187406,"1,694",1322
39,02-22-2026,0.0,868,885
39,02-23-2026,0.0,171,143
39,02-24-2026,0.0,143,194
39,02-25-2026,0.0,335,275
39,02-26-2026,0.0078740157186985,199,194
39,02-27-2026,0.0039370078593492,681,693
39,02-28-2026,0.0,"1,632",1418
39,03-01-2026,0.0,819,954
39,03-02-2026,0.0,174,127
39,03-03-2026,0.0393700785934925,136,133
39,03-04-2026,0.0866141766309738,342,199
39,03-05-2026,0.0433070920407772,188,161
42,02-04-2026,0.0708661451935768,294,205
42,02-05-2026,0.0,174,164
42,02-06-2026,0.0,486,385
42,02-07-2026,0.0,"1,254",1281
42,02-08-2026,0.0,494,477
42,02-09-2026,0.0,172,128
42,02-10-2026,0.0,164,123
42,02-11-2026,0.0748031511902809,287,154
42,02-12-2026,0.0,211,188
42,02-13-2026,0.0,654,566
42,02-14-2026,0.0078740157186985,"1,600",1526
42,02-15-2026,1.7007874250411987,879,1067
42,02-16-2026,0.0,541,463
42,02-17-2026,0.0,198,154
42,02-18-2026,0.2362204790115356,342,179
42,02-19-2026,0.507874071598053,240,155
42,02-20-2026,0.3346456885337829,667,398
42,02-21-2026,0.0236220490187406,"1,693",1498
42,02-22-2026,0.0,792,861
42,02-23-2026,0.0,191,184
42,02-24-2026,0.0,165,182
42,02-25-2026,0.0,332,207
42,02-26-2026,1.2401574850082395,193,217
42,02-27-2026,0.0,612,532
42,02-28-2026,0.0,"1,626",1389
42,03-01-2026,0.0,715,723
42,03-02-2026,0.0629921332001686,227,145
42,03-03-2026,0.0905511826276779,204,152
42,03-04-2026,0.0118110245093703,381,188
42,03-05-2026,0.0511811003088951,259,137
43,02-04-2026,0.0,241,120
43,02-05-2026,0.0,96,103
43,02-06-2026,0.0,295,254
43,02-07-2026,0.0,604,479
43,02-08-2026,0.0,236,214
43,02-09-2026,0.0,97,91
43,02-10-2026,0.0,94,75
43,02-11-2026,0.0,210,143
43,02-12-2026,0.0,115,102
43,02-13-2026,0.0039370078593492,410,293
43,02-14-2026,0.0354330688714981,907,699
43,02-15-2026,0.0,418,446
43,02-16-2026,0.0,326,391
43,02-17-2026,0.6653544902801514,153,98
43,02-18-2026,0.0354330725967884,282,221
43,02-19-2026,0.0039370078593492,149,119
43,02-20-2026,0.0354330725967884,421,296
43,02-21-2026,0.0,777,553
43,02-22-2026,0.0,434,391
43,02-23-2026,0.0,121,79
43,02-24-2026,0.0,110,103
43,02-25-2026,0.0,255,169
43,02-26-2026,0.0,135,125
43,02-27-2026,0.0,394,312
43,02-28-2026,0.0,844,509
43,03-01-2026,0.0,382,386
43,03-02-2026,0.0,108,94
43,03-03-2026,0.0,98,114
43,03-04-2026,0.0,259,166
43,03-05-2026,0.0,124,98
44,02-04-2026,0.0,363,278
44,02-05-2026,0.0,188,187
44,02-06-2026,0.0,519,496
44,02-07-2026,0.0,"1,252",1028
44,02-08-2026,0.0,677,435
44,02-09-2026,0.0,161,115
44,02-10-2026,0.0,144,134
44,02-11-2026,0.0275590606033802,316,316
44,02-12-2026,0.0,193,149
44,02-13-2026,0.0,628,401
44,02-14-2026,0.0,"1,544",1673
44,02-15-2026,0.0,899,1204
44,02-16-2026,0.0039370078593492,"1,009",1158
44,02-17-2026,0.0,656,901
44,02-18-2026,0.0826771631836891,"1,115",1367
44,02-19-2026,0.0275590568780899,"1,005",1182
44,02-20-2026,0.3503937423229217,"1,368",1241
44,02-21-2026,0.0118110245093703,"1,945",1392
44,02-22-2026,0.0472440980374813,"1,322",275
44,02-23-2026,0.0,363,
44,02-24-2026,0.0,315,255
44,02-25-2026,0.0,566,175
44,02-26-2026,0.0393700785934925,268,198
44,02-27-2026,0.0,673,481
44,02-28-2026,0.0,"1,652",1481
44,03-01-2026,0.0039370078593492,913,879
44,03-02-2026,0.0,177,160
44,03-03-2026,0.15748031437397,136,150
44,03-04-2026,0.2283464521169662,456,430
44,03-05-2026,0.539370059967041,182,183
45,02-04-2026,0.2677165269851684,287,187
45,02-05-2026,0.0,121,121
45,02-06-2026,0.0,365,316
45,02-07-2026,0.0,"1,069",1162
45,02-08-2026,0.0,494,524
45,02-09-2026,0.0,112,91
45,02-10-2026,0.0,106,92
45,02-11-2026,0.125984251499176,238,176
45,02-12-2026,0.0,144,223
45,02-13-2026,0.0,492,564
45,02-14-2026,0.0,"1,379",1561
45,02-15-2026,0.7204723954200745,810,939
45,02-16-2026,0.0,454,469
45,02-17-2026,0.0,160,149
45,02-18-2026,0.0039370078593492,306,203
45,02-19-2026,0.0551181212067604,198,176
45,02-20-2026,0.1417322903871536,535,352
45,02-21-2026,0.712598443031311,"1,450",1354
45,02-22-2026,0.0078740157186985,781,836
45,02-23-2026,0.0,124,150
45,02-24-2026,0.0,92,126
45,02-25-2026,0.0039370078593492,264,201
45,02-26-2026,1.1968504190444946,159,139
45,02-27-2026,0.6377953290939331,491,378
45,02-28-2026,0.0039370078593492,"1,418",1133
45,03-01-2026,0.0,672,764
45,03-02-2026,0.0,131,101
45,03-03-2026,0.0,115,127
45,03-04-2026,0.0,299,228
45,03-05-2026,0.0,158,138
47,02-04-2026,0.0039370078593492,225,168
47,02-05-2026,0.0,109,82
47,02-06-2026,0.0,327,316
47,02-07-2026,0.0,726,796
47,02-08-2026,0.0,226,194
47,02-09-2026,0.0,103,72
47,02-10-2026,0.0,99,68
47,02-11-2026,0.0,212,176
47,02-12-2026,0.0,125,140
47,02-13-2026,0.0,454,434
47,02-14-2026,0.0,"1,018",1031
47,02-15-2026,0.0,424,581
47,02-16-2026,0.0,345,293
47,02-17-2026,0.0,132,93
47,02-18-2026,0.0,251,166
47,02-19-2026,0.0,162,89
47,02-20-2026,0.0,426,336
47,02-21-2026,0.0,961,907
47,02-22-2026,0.0,430,504
47,02-23-2026,0.0,126,121
47,02-24-2026,0.0,115,104
47,02-25-2026,0.0,242,174
47,02-26-2026,0.0039370078593492,143,147
47,02-27-2026,0.0,422,340
47,02-28-2026,0.0,"1,007",933
47,03-01-2026,0.0,410,613
47,03-02-2026,0.0,119,92
47,03-03-2026,0.0196850392967462,104,79
47,03-04-2026,0.0039370078593492,243,221
47,03-05-2026,0.0,138,116
49,02-04-2026,0.0,141,94
49,02-05-2026,0.0,57,81
49,02-06-2026,0.0,242,192
49,02-07-2026,0.0,629,642
49,02-08-2026,0.0,169,200
49,02-09-2026,0.0,52,84
49,02-10-2026,0.0,49,50
49,02-11-2026,0.0,103,127
49,02-12-2026,0.0,74,137
49,02-13-2026,0.0,354,299
49,02-14-2026,0.8425195813179016,996,806
49,02-15-2026,0.0196850392967462,352,509
49,02-16-2026,0.0,270,197
49,02-17-2026,0.0,60,48
49,02-18-2026,0.0,137,69
49,02-19-2026,0.0039370078593492,76,108
49,02-20-2026,0.0,307,237
49,02-21-2026,0.0,832,738
49,02-22-2026,0.0,352,356
49,02-23-2026,0.0,72,70
49,02-24-2026,0.0,62,51
49,02-25-2026,0.0,143,136
49,02-26-2026,0.0039370078593492,83,99
49,02-27-2026,0.0,324,254
49,02-28-2026,0.0,906,883
49,03-01-2026,0.3582677245140075,405,250
49,03-02-2026,0.4566929638385772,68,56
49,03-03-2026,0.1377952694892883,61,80
49,03-04-2026,0.0866141840815544,159,97
49,03-05-2026,0.078740157186985,93,83
50,02-04-2026,0.0,391,249
50,02-05-2026,0.0,276,235
50,02-06-2026,0.0,613,567
50,02-07-2026,0.0,"1,148",837
50,02-08-2026,0.0,520,430
50,02-09-2026,0.0,223,174
50,02-10-2026,0.0,226,184
50,02-11-2026,0.0118110245093703,364,233
50,02-12-2026,0.0,298,284
50,02-13-2026,0.0,750,581
50,02-14-2026,0.0,"1,466",1661
50,02-15-2026,0.0,773,924
50,02-16-2026,0.0,785,620
50,02-17-2026,0.0,441,488
50,02-18-2026,0.0669291391968727,649,577
50,02-19-2026,0.0354330725967884,584,664
50,02-20-2026,0.3267716765403747,956,829
50,02-21-2026,0.0511811003088951,"1,562",1182
50,02-22-2026,0.078740157186985,927,291
50,02-23-2026,0.0,296,282
50,02-24-2026,0.0,281,199
50,02-25-2026,0.0,447,314
50,02-26-2026,0.0236220490187406,346,334
50,02-27-2026,0.0,761,723
50,02-28-2026,0.0,"1,512",1478
50,03-01-2026,0.0118110245093703,748,700
50,03-02-2026,0.0,246,258
50,03-03-2026,0.1299212723970413,246,207
50,03-04-2026,0.2165354341268539,453,335
50,03-05-2026,0.5354331135749817,313,329
51,02-04-2026,0.0,244,182
51,02-05-2026,0.0,118,93
51,02-06-2026,0.0,364,307
51,02-07-2026,0.0,928,772
51,02-08-2026,0.0,306,250
51,02-09-2026,0.0039370078593492,97,105
51,02-10-2026,0.0,99,97
51,02-11-2026,0.0,197,185
51,02-12-2026,0.0,124,143
51,02-13-2026,0.0,484,432
51,02-14-2026,0.0,"1,213",1167
51,02-15-2026,0.0,518,656
51,02-16-2026,0.0,369,408
51,02-17-2026,0.0196850392967462,145,156
51,02-18-2026,0.2716535329818725,233,84
51,02-19-2026,0.0,155,103
51,02-20-2026,0.0,462,343
51,02-21-2026,0.0,"1,205",1034
51,02-22-2026,0.0,577,532
51,02-23-2026,0.0,147,103
51,02-24-2026,0.0118110245093703,119,117
51,02-25-2026,0.0,251,193
51,02-26-2026,0.0,162,196
51,02-27-2026,0.0,480,371
51,02-28-2026,0.0,"1,257",1132
51,03-01-2026,0.0,503,663
51,03-02-2026,0.0,135,91
51,03-03-2026,0.0,118,133
51,03-04-2026,0.0,280,188
51,03-05-2026,0.0,159,169
52,02-04-2026,0.0,292,173
52,02-05-2026,0.0,155,148
52,02-06-2026,0.0196850392967462,397,326
52,02-07-2026,0.0,786,597
52,02-08-2026,0.0,368,267
52,02-09-2026,0.0,137,90
52,02-10-2026,0.0,130,128
52,02-11-2026,0.0,263,165
52,02-12-2026,0.0,177,148
52,02-13-2026,0.0039370078593492,533,341
52,02-14-2026,0.0039370078593492,"1,055",1043
52,02-15-2026,0.0,566,575
52,02-16-2026,0.0,433,294
52,02-17-2026,0.31496062874794,232,151
52,02-18-2026,0.0236220490187406,331,172
52,02-19-2026,0.0039370078593492,226,217
52,02-20-2026,0.0118110245093703,513,346
52,02-21-2026,0.0,979,747
52,02-22-2026,0.0,579,499
52,02-23-2026,0.0,181,143
52,02-24-2026,0.0,169,137
52,02-25-2026,0.0,328,278
52,02-26-2026,0.0,221,211
52,02-27-2026,0.0,518,414
52,02-28-2026,0.0,"1,051",772
52,03-01-2026,0.0,560,509
52,03-02-2026,0.0,166,119
52,03-03-2026,0.0,147,135
52,03-04-2026,0.0,332,223
52,03-05-2026,0.0,204,188
53,02-04-2026,0.0,174,115
53,02-05-2026,0.0,78,62
53,02-06-2026,0.0,266,207
53,02-07-2026,0.0,736,719
53,02-08-2026,0.0,256,221
53,02-09-2026,0.0,80,53
53,02-10-2026,0.0,77,89
53,02-11-2026,0.0039370078593492,136,119
53,02-12-2026,0.0,97,143
53,02-13-2026,0.0,408,328
53,02-14-2026,0.0,"1,124",962
53,02-15-2026,0.031496062874794,475,680
53,02-16-2026,0.015748031437397,358,532
53,02-17-2026,0.0,110,155
53,02-18-2026,0.0433070883154869,176,94
53,02-19-2026,0.0748031511902809,132,83
53,02-20-2026,0.5275590419769287,412,232
53,02-21-2026,0.0,"1,031",806
53,02-22-2026,0.1141732260584831,543,168
53,02-23-2026,0.0,116,42
53,02-24-2026,0.0,93,67
53,02-25-2026,0.0,183,136
53,02-26-2026,0.0866141691803932,131,106
53,02-27-2026,0.0,373,360
53,02-28-2026,0.0,"1,057",759
53,03-01-2026,0.0039370078593492,464,426
53,03-02-2026,0.0,96,63
53,03-03-2026,0.1614173203706741,76,72
53,03-04-2026,0.251968502998352,226,136
53,03-05-2026,0.1614173203706741,101,83
54,02-04-2026,0.0,133,79
54,02-05-2026,0.0,50,58
54,02-06-2026,0.0,227,154
54,02-07-2026,0.0,580,466
54,02-08-2026,0.0,158,154
54,02-09-2026,0.0,47,30
54,02-10-2026,0.0,51,49
54,02-11-2026,0.0708661451935768,121,81
54,02-12-2026,0.0,79,98
54,02-13-2026,0.0,337,221
54,02-14-2026,0.3976377844810486,955,738
54,02-15-2026,0.0039370078593492,308,333
54,02-16-2026,0.0,259,151
54,02-17-2026,0.0,70,64
54,02-18-2026,0.0,146,64
54,02-19-2026,0.0,106,45
54,02-20-2026,0.0,292,219
54,02-21-2026,0.0275590568780899,832,555
54,02-22-2026,0.0,350,386
54,02-23-2026,0.0,77,77
54,02-24-2026,0.0,63,68
54,02-25-2026,0.0,161,128
54,02-26-2026,0.0,99,80
54,02-27-2026,0.0,317,283
54,02-28-2026,0.0,832,489
54,03-01-2026,0.0,332,285
54,03-02-2026,0.0,58,61
54,03-03-2026,0.0,50,59
54,03-04-2026,0.0748031511902809,159,91
54,03-05-2026,0.1220472306013107,92,65
55,02-04-2026,0.0118110245093703,150,130
55,02-05-2026,0.0,80,69
55,02-06-2026,0.0,228,197
55,02-07-2026,0.0,642,734
55,02-08-2026,0.0,170,270
55,02-09-2026,0.0,73,66
55,02-10-2026,0.0,69,93
55,02-11-2026,0.0,110,124
55,02-12-2026,0.0,87,123
55,02-13-2026,0.0,326,287
55,02-14-2026,0.0,931,1030
55,02-15-2026,0.4645669162273407,380,556
55,02-16-2026,0.7401575446128845,337,259
55,02-17-2026,0.0,76,106
55,02-18-2026,0.0,131,83
55,02-19-2026,0.3543306887149811,94,135
55,02-20-2026,0.4055118262767792,336,266
55,02-21-2026,0.0,847,757
55,02-22-2026,0.2874015867710113,416,321
55,02-23-2026,0.0196850392967462,78,83
55,02-24-2026,0.0,63,110
55,02-25-2026,0.0,132,124
55,02-26-2026,0.125984251499176,91,130
55,02-27-2026,0.0039370078593492,296,291
55,02-28-2026,0.0,906,796
55,03-01-2026,0.0,321,319
55,03-02-2026,0.0551181100308895,89,91
55,03-03-2026,0.1692913472652435,71,80
55,03-04-2026,0.0,161,124
55,03-05-2026,0.0,100,121
56,02-04-2026,0.0,105,75
56,02-05-2026,0.0,41,27
56,02-06-2026,0.0,130,136
56,02-07-2026,0.0,306,313
56,02-08-2026,0.0551181100308895,34,103
56,02-09-2026,0.0,32,36
56,02-10-2026,0.0,30,38
56,02-11-2026,0.0,62,78
56,02-12-2026,0.0,46,77
56,02-13-2026,0.2440944910049438,212,184
56,02-14-2026,0.4960630536079407,537,520
56,02-15-2026,0.1377952843904495,204,242
56,02-16-2026,0.0,174,136
56,02-17-2026,0.0,31,57
56,02-18-2026,0.0,79,57
56,02-19-2026,0.0,47,54
56,02-20-2026,0.0,161,119
56,02-21-2026,0.031496062874794,439,299
56,02-22-2026,0.0,141,234
56,02-23-2026,0.0,39,88
56,02-24-2026,0.0,33,72
56,02-25-2026,0.0,90,93
56,02-26-2026,0.0236220490187406,53,48
56,02-27-2026,0.0,173,154
56,02-28-2026,0.0393700785934925,500,427
56,03-01-2026,0.0039370078593492,138,208
56,03-02-2026,0.031496062874794,38,50
56,03-03-2026,0.0,22,41
56,03-04-2026,1.712598443031311,120,91
56,03-05-2026,0.0118110245093703,52,58
57,02-04-2026,0.0,215,116
57,02-05-2026,0.0,99,74
57,02-06-2026,0.0,301,269
57,02-07-2026,0.0,"1,010",930
57,02-08-2026,0.0,270,286
57,02-09-2026,0.0,87,73
57,02-10-2026,0.0,79,79
57,02-11-2026,0.0,161,101
57,02-12-2026,0.0,101,87
57,02-13-2026,0.0,405,286
57,02-14-2026,0.0039370078593492,"1,313",1302
57,02-15-2026,0.5944882035255432,465,560
57,02-16-2026,0.0,304,296
57,02-17-2026,0.0,96,105
57,02-18-2026,0.0748031511902809,209,103
57,02-19-2026,0.2362204939126968,161,115
57,02-20-2026,0.3425196707248688,420,321
57,02-21-2026,0.0,"1,342",1099
57,02-22-2026,0.0,559,495
57,02-23-2026,0.0,110,97
57,02-24-2026,0.0,99,103
57,02-25-2026,0.0039370078593492,230,144
57,02-26-2026,0.0,162,95
57,02-27-2026,0.0,419,314
57,02-28-2026,0.0,"1,400",1081
57,03-01-2026,0.0,506,609
57,03-02-2026,0.0,105,137
57,03-03-2026,0.6062992811203003,109,112
57,03-04-2026,0.9606299996376038,255,59
57,03-05-2026,0.6850394606590271,123,6
58,02-04-2026,0.0,153,85
58,02-05-2026,0.0,75,55
58,02-06-2026,0.0,227,163
58,02-07-2026,0.0,633,557
58,02-08-2026,0.0,175,300
58,02-09-2026,0.0,65,74
58,02-10-2026,0.0,65,59
58,02-11-2026,0.0,109,76
58,02-12-2026,0.0,79,89
58,02-13-2026,0.0,330,297
58,02-14-2026,0.0,852,1016
58,02-15-2026,0.4488189220428467,358,532
58,02-16-2026,0.0,271,346
58,02-17-2026,0.0,86,102
58,02-18-2026,0.0433070883154869,142,90
58,02-19-2026,0.0196850392967462,103,90
58,02-20-2026,0.8149606585502625,317,238
58,02-21-2026,0.0,823,812
58,02-22-2026,0.0039370078593492,374,402
58,02-23-2026,0.0,89,82
58,02-24-2026,0.0,80,79
58,02-25-2026,0.0433070883154869,151,108
58,02-26-2026,0.0,106,111
58,02-27-2026,0.0,306,216
58,02-28-2026,0.0,869,716
58,03-01-2026,0.0,310,411
58,03-02-2026,0.0,82,74
58,03-03-2026,0.31496062874794,78,60
58,03-04-2026,0.4291339516639709,189,125
58,03-05-2026,0.988189160823822,85,107
59,02-04-2026,0.0,177,97
59,02-05-2026,0.0,87,98
59,02-06-2026,0.0039370083250105,214,189
59,02-07-2026,0.0,598,584
59,02-08-2026,0.0,180,237
59,02-09-2026,0.0,76,53
59,02-10-2026,0.0,69,61
59,02-11-2026,0.0,132,113
59,02-12-2026,0.0,88,86
59,02-13-2026,0.0,306,284
59,02-14-2026,0.0,794,876
59,02-15-2026,0.0,325,411
59,02-16-2026,0.0,286,222
59,02-17-2026,0.0,82,124
59,02-18-2026,0.1299212425947189,162,106
59,02-19-2026,0.0,111,107
59,02-20-2026,0.3858267962932586,325,199
59,02-21-2026,0.0,764,689
59,02-22-2026,0.0,351,379
59,02-23-2026,0.0,114,119
59,02-24-2026,0.0,103,130
59,02-25-2026,0.0,212,197
59,02-26-2026,0.0,148,151
59,02-27-2026,0.0,313,384
59,02-28-2026,0.0,853,694
59,03-01-2026,0.0039370078593492,373,450
59,03-02-2026,0.0,96,120
59,03-03-2026,0.0,80,84
59,03-04-2026,0.0,191,139
59,03-05-2026,0.015748031437397,111,108
60,02-04-2026,0.0,184,126
60,02-05-2026,0.0,95,65
60,02-06-2026,0.0,240,205
60,02-07-2026,0.0,581,463
60,02-08-2026,0.0,217,198
60,02-09-2026,0.0,93,118
60,02-10-2026,0.0118110245093703,89,55
60,02-11-2026,1.0629922151565552,135,106
60,02-12-2026,0.1653543263673782,101,87
60,02-13-2026,0.0,333,225
60,02-14-2026,0.0,811,721
60,02-15-2026,0.0511811077594757,387,475
60,02-16-2026,2.09448790550232,356,385
60,02-17-2026,0.5826771259307861,107,174
60,02-18-2026,0.1929133683443069,205,272
60,02-19-2026,0.7047244906425476,128,212
60,02-20-2026,0.031496062874794,348,276
60,02-21-2026,0.0,758,583
60,02-22-2026,0.0,402,358
60,02-23-2026,0.0,119,77
60,02-24-2026,0.2362204790115356,107,74
60,02-25-2026,0.7362205386161804,172,139
60,02-26-2026,0.0039370078593492,119,117
60,02-27-2026,0.0,316,248
60,02-28-2026,0.0,803,566
60,03-01-2026,0.0,363,410
60,03-02-2026,0.0039370078593492,99,97
60,03-03-2026,0.0,91,71
60,03-04-2026,0.0078740157186985,191,106
60,03-05-2026,0.0,113,109
61,02-04-2026,0.0,216,121
61,02-05-2026,0.0,89,80
61,02-06-2026,0.0,292,199
61,02-07-2026,0.0,785,437
61,02-08-2026,0.0,348,232
61,02-09-2026,0.0,79,66
61,02-10-2026,0.0,76,72
61,02-11-2026,0.0,181,122
61,02-12-2026,0.0,102,92
61,02-13-2026,0.0,380,227
61,02-14-2026,0.0,"1,047",969
61,02-15-2026,0.0,516,629
61,02-16-2026,0.0,600,519
61,02-17-2026,0.0,430,435
61,02-18-2026,0.0748031511902809,674,656
61,02-19-2026,0.0,631,682
61,02-20-2026,0.01181102078408,837,459
61,02-21-2026,0.0314960666000843,"1,220",840
61,02-22-2026,0.0,745,363
61,02-23-2026,0.0,202,
61,02-24-2026,0.0,161,134
61,02-25-2026,0.0039370078593492,302,206
61,02-26-2026,0.0,151,144
61,02-27-2026,0.0,397,323
61,02-28-2026,0.0,"1,082",864
61,03-01-2026,0.0,557,463
61,03-02-2026,0.0,97,96
61,03-03-2026,0.0118110217154026,80,96
61,03-04-2026,0.374015748500824,249,136
61,03-05-2026,0.0078740157186985,120,121
62,02-04-2026,0.0,267,153
62,02-05-2026,0.0,124,115
62,02-06-2026,0.0,406,285
62,02-07-2026,0.0,"1,077",918
62,02-08-2026,0.0,416,318
62,02-09-2026,0.0,123,74
62,02-10-2026,0.0,119,91
62,02-11-2026,0.062992125749588,253,199
62,02-12-2026,0.0,170,195
62,02-13-2026,0.0039370078593492,566,459
62,02-14-2026,0.413385808467865,"1,549",1524
62,02-15-2026,0.110236220061779,725,860
62,02-16-2026,0.0,415,364
62,02-17-2026,0.0,172,115
62,02-18-2026,0.0,358,185
62,02-19-2026,0.0,227,187
62,02-20-2026,0.0039370078593492,594,438
62,02-21-2026,0.0196850392967462,"1,495",1085
62,02-22-2026,0.0,712,776
62,02-23-2026,0.0,147,122
62,02-24-2026,0.0,130,142
62,02-25-2026,0.0,321,218
62,02-26-2026,0.0,191,167
62,02-27-2026,0.0,532,445
62,02-28-2026,0.0,"1,452",1128
62,03-01-2026,0.0,631,693
62,03-02-2026,0.0,147,130
62,03-03-2026,0.0039370078593492,140,141
62,03-04-2026,0.062992125749588,311,207
62,03-05-2026,0.15748031437397,183,160
63,02-04-2026,0.0,220,146
63,02-05-2026,0.0,99,96
63,02-06-2026,0.0,290,272
63,02-07-2026,0.350393682718277,739,621
63,02-08-2026,1.0748032331466677,310,236
63,02-09-2026,0.1811023652553558,116,96
63,02-10-2026,0.0118110245093703,101,71
63,02-11-2026,0.0,191,134
63,02-12-2026,0.0,117,133
63,02-13-2026,0.0118110245093703,395,310
63,02-14-2026,0.2283464521169662,"1,041",881
63,02-15-2026,0.236220434308052,549,654
63,02-16-2026,0.1614173203706741,373,318
63,02-17-2026,0.1220472231507301,162,88
63,02-18-2026,0.1023621931672096,257,121
63,02-19-2026,0.1771653443574905,193,149
63,02-20-2026,0.0472440980374813,412,308
63,02-21-2026,0.2047244310379028,988,706
63,02-22-2026,0.5708661675453186,593,488
63,02-23-2026,1.2244094610214231,159,126
63,02-24-2026,0.6141732931137085,135,147
63,02-25-2026,0.125984251499176,274,193
63,02-26-2026,0.0,171,177
63,02-27-2026,0.0,400,340
63,02-28-2026,0.0,956,727
63,03-01-2026,0.0,468,470
63,03-02-2026,0.0039370078593492,117,142
63,03-03-2026,0.015748031437397,106,114
63,03-04-2026,0.7440945506095886,291,154
63,03-05-2026,0.2283464521169662,147,115
64,02-04-2026,0.0,519,310
64,02-05-2026,0.2283464670181274,254,321
64,02-06-2026,0.0,542,487
64,02-07-2026,0.0,"1,163",1016
64,02-08-2026,0.0,514,363
64,02-09-2026,0.0,214,148
64,02-10-2026,0.0,214,165
64,02-11-2026,0.0,484,337
64,02-12-2026,0.0078740157186985,271,230
64,02-13-2026,0.0,711,538
64,02-14-2026,0.0,"1,538",1381
64,02-15-2026,0.0039370078593492,848,842
64,02-16-2026,0.4488189220428467,674,534
64,02-17-2026,0.0,251,267
64,02-18-2026,0.0,569,359
64,02-19-2026,0.0,339,296
64,02-20-2026,0.0,707,467
64,02-21-2026,0.0,"1,527",1043
64,02-22-2026,0.1377952843904495,972,803
64,02-23-2026,0.0,259,308
64,02-24-2026,0.0,235,332
64,02-25-2026,0.0,558,352
64,02-26-2026,0.0,283,282
64,02-27-2026,0.1968503892421722,758,631
64,02-28-2026,0.6535434126853943,"1,933",1208
64,03-01-2026,0.0078740157186985,755,671
64,03-02-2026,0.0,250,202
64,03-03-2026,0.0551181100308895,235,206
64,03-04-2026,0.0,601,323
64,03-05-2026,0.0118110245093703,294,239
66,02-04-2026,0.0,123,47
66,02-05-2026,0.0,48,49
66,02-06-2026,0.0,170,150
66,02-07-2026,0.0,422,321
66,02-08-2026,0.0118110245093703,69,79
66,02-09-2026,0.0,38,41
66,02-10-2026,0.0,39,65
66,02-11-2026,0.0,81,60
66,02-12-2026,0.0,58,63
66,02-13-2026,0.0,256,178
66,02-14-2026,0.4370078444480896,679,590
66,02-15-2026,0.0354330763220787,236,277
66,02-16-2026,0.0,205,104
66,02-17-2026,0.0,43,45
66,02-18-2026,0.0,103,66
66,02-19-2026,0.0,61,68
66,02-20-2026,0.0,216,184
66,02-21-2026,0.0,537,483
66,02-22-2026,0.0,215,226
66,02-23-2026,0.0,66,42
66,02-24-2026,0.0,57,51
66,02-25-2026,0.0,131,92
66,02-26-2026,0.0,80,124
66,02-27-2026,0.0,245,165
66,02-28-2026,0.0,611,381
66,03-01-2026,0.0393700785934925,221,235
66,03-02-2026,0.0078740157186985,52,55
66,03-03-2026,0.015748031437397,39,72
66,03-04-2026,0.0984251946210861,134,58
66,03-05-2026,0.1456692963838577,62,50
67,02-04-2026,0.0,294,159
67,02-05-2026,0.0,163,145
67,02-06-2026,0.0157480333000421,392,292
67,02-07-2026,0.0,"1,052",936
67,02-08-2026,0.0,420,327
67,02-09-2026,0.0,158,135
67,02-10-2026,0.0,137,116
67,02-11-2026,0.0,254,148
67,02-12-2026,0.0,167,153
67,02-13-2026,0.0,525,346
67,02-14-2026,0.0,"1,354",1497
67,02-15-2026,0.0,616,759
67,02-16-2026,0.0,458,431
67,02-17-2026,0.0,180,147
67,02-18-2026,0.3464566767215729,284,156
67,02-19-2026,0.0118110245093703,238,147
67,02-20-2026,0.0866141766309738,566,365
67,02-21-2026,0.0,"1,389",1008
67,02-22-2026,0.0,737,622
67,02-23-2026,0.0,190,134
67,02-24-2026,0.0,156,141
67,02-25-2026,0.0,321,257
67,02-26-2026,0.0,224,306
67,02-27-2026,0.0,547,545
67,02-28-2026,0.0,"1,455",1219
67,03-01-2026,0.0,688,784
67,03-02-2026,0.0,182,243
67,03-03-2026,0.0039370078593492,151,105
67,03-04-2026,0.078740157186985,322,186
67,03-05-2026,0.0354330725967884,204,201
68,02-04-2026,0.0,129,89
68,02-05-2026,0.0,70,49
68,02-06-2026,0.0,195,148
68,02-07-2026,0.0,410,371
68,02-08-2026,0.0196850392967462,101,109
68,02-09-2026,0.2047243863344192,58,75
68,02-10-2026,0.0,49,62
68,02-11-2026,0.0944881811738014,87,90
68,02-12-2026,0.0039370078593492,66,50
68,02-13-2026,0.0,268,251
68,02-14-2026,0.0,576,705
68,02-15-2026,0.0,232,279
68,02-16-2026,0.0,236,217
68,02-17-2026,0.2362204641103744,82,62
68,02-18-2026,0.0078740157186985,119,97
68,02-19-2026,0.0,91,78
68,02-20-2026,0.0,249,228
68,02-21-2026,0.0,530,486
68,02-22-2026,0.0,237,262
68,02-23-2026,0.0,78,57
68,02-24-2026,0.5511810779571533,77,74
68,02-25-2026,0.0984252095222473,127,127
68,02-26-2026,0.0,94,99
68,02-27-2026,0.0,256,243
68,02-28-2026,0.0,584,482
68,03-01-2026,0.0433070883154869,245,257
68,03-02-2026,0.1456692814826965,63,86
68,03-03-2026,0.0039370078593492,56,71
68,03-04-2026,0.0590551197528839,135,155
68,03-05-2026,0.1889763474464416,79,72
69,02-04-2026,0.0393700785934925,286,174
69,02-05-2026,0.0236220508813858,153,157
69,02-06-2026,0.0,417,341
69,02-07-2026,0.0039370078593492,"1,185",1090
69,02-08-2026,0.0,430,445
69,02-09-2026,0.0,146,104
69,02-10-2026,0.0,123,125
69,02-11-2026,0.0354330725967884,232,220
69,02-12-2026,0.0,166,179
69,02-13-2026,0.0,536,447
69,02-14-2026,0.0,"1,469",1550
69,02-15-2026,0.2125984132289886,720,963
69,02-16-2026,0.952755868434906,603,618
69,02-17-2026,0.0,187,128
69,02-18-2026,0.0,313,188
69,02-19-2026,0.3031495809555053,231,225
69,02-20-2026,0.8267717361450195,567,415
69,02-21-2026,0.0196850392967462,"1,502",1285
69,02-22-2026,1.181102275848389,811,585
69,02-23-2026,0.0826771631836891,182,196
69,02-24-2026,0.0,154,190
69,02-25-2026,0.0,316,236
69,02-26-2026,0.5787401795387268,228,245
69,02-27-2026,0.0433070883154869,514,470
69,02-28-2026,0.0,"1,470",1467
69,03-01-2026,0.0,638,751
69,03-02-2026,0.0314960666000843,190,199
69,03-03-2026,0.0826771706342697,156,197
69,03-04-2026,0.0,345,236
69,03-05-2026,0.0,207,232
70,02-04-2026,0.0,284,212
70,02-05-2026,0.0,137,153
70,02-06-2026,0.0,371,330
70,02-07-2026,0.0,939,812
70,02-08-2026,0.0,359,327
70,02-09-2026,0.0,143,108
70,02-10-2026,0.0,136,124
70,02-11-2026,0.0,266,180
70,02-12-2026,0.0,167,153
70,02-13-2026,0.0,527,331
70,02-14-2026,0.0,"1,296",1339
70,02-15-2026,0.0,540,765
70,02-16-2026,0.0,699,628
70,02-17-2026,0.0078740157186985,473,565
70,02-18-2026,0.0669291391968727,815,749
70,02-19-2026,0.0,732,808
70,02-20-2026,0.0236220452934503,"1,023",399
70,02-21-2026,0.0078740157186985,"1,526",1179
70,02-22-2026,0.0,832,556
70,02-23-2026,0.0,255,177
70,02-24-2026,0.0,226,177
70,02-25-2026,0.0,371,279
70,02-26-2026,0.007874016650021,226,250
70,02-27-2026,0.0,515,478
70,02-28-2026,0.0,"1,316",1320
70,03-01-2026,0.0,608,790
70,03-02-2026,0.0,174,184
70,03-03-2026,0.0196850392967462,140,84
70,03-04-2026,0.1023622155189514,340,269
70,03-05-2026,0.1023622006177902,185,176
71,02-04-2026,0.0,176,114
71,02-05-2026,0.0,94,74
71,02-06-2026,0.0,248,223
71,02-07-2026,0.0039370083250105,697,565
71,02-08-2026,0.0,239,219
71,02-09-2026,0.0,98,75
71,02-10-2026,0.0078740157186985,100,70
71,02-11-2026,0.0039370078593492,154,113
71,02-12-2026,0.0,114,124
71,02-13-2026,0.0,357,234
71,02-14-2026,0.0,979,1074
71,02-15-2026,0.0,420,599
71,02-16-2026,0.0,518,482
71,02-17-2026,0.0866141691803932,366,416
71,02-18-2026,0.2204724550247192,553,586
71,02-19-2026,0.0078740157186985,517,614
71,02-20-2026,0.4370078444480896,662,688
71,02-21-2026,0.0314960666000843,"1,069",1005
71,02-22-2026,0.0118110263720154,601,473
71,02-23-2026,0.0,167,101
71,02-24-2026,0.0,131,141
71,02-25-2026,0.0157480333000421,232,177
71,02-26-2026,0.0,158,134
71,02-27-2026,0.0,351,376
71,02-28-2026,0.0078740157186985,"1,020",1056
71,03-01-2026,0.0,443,485
71,03-02-2026,0.0,117,116
71,03-03-2026,0.0433070920407772,108,121
71,03-04-2026,0.0826771706342697,200,165
71,03-05-2026,0.15748031437397,132,129
72,02-04-2026,0.0590551234781742,173,75
72,02-05-2026,0.110236220061779,85,94
72,02-06-2026,0.0236220490187406,248,187
72,02-07-2026,0.0,657,701
72,02-08-2026,0.0,182,219
72,02-09-2026,0.0,70,80
72,02-10-2026,0.0,71,67
72,02-11-2026,0.0551181137561798,132,97
72,02-12-2026,0.0,87,71
72,02-13-2026,0.0,360,314
72,02-14-2026,0.0,960,1030
72,02-15-2026,0.9881891012191772,448,464
72,02-16-2026,0.0078740157186985,274,183
72,02-17-2026,0.0,79,73
72,02-18-2026,0.0,163,66
72,02-19-2026,0.0866141766309738,135,96
72,02-20-2026,0.015748031437397,340,262
72,02-21-2026,0.0826771631836891,914,712
72,02-22-2026,0.1299212574958801,428,402
72,02-23-2026,0.0,79,100
72,02-24-2026,0.0,64,44
72,02-25-2026,0.0,153,158
72,02-26-2026,0.6653543710708618,98,113
72,02-27-2026,0.1220472529530525,343,251
72,02-28-2026,0.0,894,702
72,03-01-2026,0.0,304,399
72,03-02-2026,0.0,77,73
72,03-03-2026,0.0039370078593492,66,72
72,03-04-2026,0.0,178,111
72,03-05-2026,0.0,90,104
74,02-04-2026,0.0,348,188
74,02-05-2026,0.0039370078593492,165,147
74,02-06-2026,0.0,467,329
74,02-07-2026,0.0,"1,178",1105
74,02-08-2026,0.0,424,384
74,02-09-2026,0.0,144,73
74,02-10-2026,0.0,140,100
74,02-11-2026,0.0,278,171
74,02-12-2026,0.0,161,162
74,02-13-2026,0.0,585,477
74,02-14-2026,0.0,"1,479",1503
74,02-15-2026,0.0196850392967462,554,907
74,02-16-2026,0.0,533,536
74,02-17-2026,0.0,307,366
74,02-18-2026,0.2165354341268539,464,364
74,02-19-2026,0.2952755689620971,344,298
74,02-20-2026,0.0748031586408615,697,534
74,02-21-2026,0.0,"1,596",1150
74,02-22-2026,0.0,818,588
74,02-23-2026,0.0,209,132
74,02-24-2026,0.0,192,199
74,02-25-2026,0.0,386,224
74,02-26-2026,0.0,257,190
74,02-27-2026,0.0,615,490
74,02-28-2026,0.0039370078593492,"1,626",1263
74,03-01-2026,0.0,717,743
74,03-02-2026,0.0,169,180
74,03-03-2026,0.0039370078593492,152,143
74,03-04-2026,0.0,364,297
74,03-05-2026,0.6771653890609741,175,175
75,02-04-2026,0.0,267,129
75,02-05-2026,0.0,148,123
75,02-06-2026,0.0,378,280
75,02-07-2026,0.0,785,666
75,02-08-2026,0.0,409,253
75,02-09-2026,0.0,147,117
75,02-10-2026,0.015748031437397,124,73
75,02-11-2026,0.6653544902801514,253,209
75,02-12-2026,0.0,150,191
75,02-13-2026,0.0,490,275
75,02-14-2026,0.0,"1,025",794
75,02-15-2026,0.0,590,578
75,02-16-2026,1.3149607181549072,584,595
75,02-17-2026,0.2874015569686889,215,185
75,02-18-2026,0.4803149998188019,340,169
75,02-19-2026,0.4488188922405243,254,168
75,02-20-2026,0.0039370078593492,456,415
75,02-21-2026,0.0,956,713
75,02-22-2026,0.0,619,498
75,02-23-2026,0.0,171,117
75,02-24-2026,0.0,137,164
75,02-25-2026,0.0,265,218
75,02-26-2026,0.0,174,147
75,02-27-2026,0.0,456,303
75,02-28-2026,0.0,"1,000",743
75,03-01-2026,0.0,587,434
75,03-02-2026,0.0,153,120
75,03-03-2026,0.0,127,134
75,03-04-2026,0.0,278,178
75,03-05-2026,0.0,164,92
76,02-04-2026,0.0,190,91
76,02-05-2026,0.0,82,74
76,02-06-2026,0.007874016650021,268,253
76,02-07-2026,0.0,646,611
76,02-08-2026,0.0,260,236
76,02-09-2026,0.0,74,57
76,02-10-2026,0.0,66,52
76,02-11-2026,0.0,138,131
76,02-12-2026,0.0,79,105
76,02-13-2026,0.0,359,274
76,02-14-2026,0.0,871,651
76,02-15-2026,0.0,421,409
76,02-16-2026,0.0,342,239
76,02-17-2026,0.0,108,68
76,02-18-2026,0.2874015867710113,165,64
76,02-19-2026,0.0,123,95
76,02-20-2026,0.0905511677265167,384,283
76,02-21-2026,0.0,832,603
76,02-22-2026,0.0,432,351
76,02-23-2026,0.0,110,50
76,02-24-2026,0.0,90,37
76,02-25-2026,0.0,203,84
76,02-26-2026,0.0,121,114
76,02-27-2026,0.0,359,207
76,02-28-2026,0.0,886,509
76,03-01-2026,0.0,397,483
76,03-02-2026,0.0,92,77
76,03-03-2026,0.0,77,59
76,03-04-2026,0.0118110245093703,190,101
76,03-05-2026,0.0590551234781742,79,58
77,02-04-2026,0.5157480835914612,285,165
77,02-05-2026,0.015748031437397,49,146
77,02-06-2026,0.0,257,167
77,02-07-2026,0.0,738,586
77,02-08-2026,0.0,219,237
77,02-09-2026,0.0,78,65
77,02-10-2026,0.0,62,68
77,02-11-2026,0.0,169,96
77,02-12-2026,0.0354330688714981,81,97
77,02-13-2026,0.0,361,306
77,02-14-2026,0.0,"1,050",1116
77,02-15-2026,1.2519686222076416,742,767
77,02-16-2026,0.0,376,377
77,02-17-2026,0.0,113,107
77,02-18-2026,0.0,257,178
77,02-19-2026,0.0275590568780899,156,119
77,02-20-2026,0.2913385927677154,465,293
77,02-21-2026,0.0866141766309738,"1,117",924
77,02-22-2026,0.0472440980374813,544,433
77,02-23-2026,0.0,119,134
77,02-24-2026,0.0,96,139
77,02-25-2026,0.015748031437397,258,129
77,02-26-2026,0.0433070883154869,132,101
77,02-27-2026,0.291338562965393,472,296
77,02-28-2026,0.015748031437397,"1,097",944
77,03-01-2026,0.0,425,418
77,03-02-2026,0.0,142,103
77,03-03-2026,0.0,121,110
77,03-04-2026,0.0,297,179
77,03-05-2026,0.0,150,111
78,02-04-2026,0.0,212,137
78,02-05-2026,0.0,134,101
78,02-06-2026,0.0,294,221
78,02-07-2026,0.0,548,468
78,02-08-2026,0.0,243,231
78,02-09-2026,0.0,136,100
78,02-10-2026,0.0039370078593492,113,125
78,02-11-2026,0.6181102991104126,175,123
78,02-12-2026,0.0,139,159
78,02-13-2026,0.0,392,256
78,02-14-2026,0.0,731,671
78,02-15-2026,0.015748031437397,400,409
78,02-16-2026,1.291338562965393,439,408
78,02-17-2026,0.3346456885337829,158,121
78,02-18-2026,0.3031495809555053,233,177
78,02-19-2026,0.5039370059967041,169,180
78,02-20-2026,0.0,322,312
78,02-21-2026,0.0,630,512
78,02-22-2026,0.0,348,369
78,02-23-2026,0.0,142,153
78,02-24-2026,0.0,118,107
78,02-25-2026,0.0,193,188
78,02-26-2026,0.0,144,135
78,02-27-2026,0.0,331,275
78,02-28-2026,0.0,679,501
78,03-01-2026,0.0,289,341
78,03-02-2026,0.0,119,99
78,03-03-2026,0.0,102,110
78,03-04-2026,0.0,191,187
78,03-05-2026,0.0,116,128
79,02-04-2026,0.0,124,75
79,02-05-2026,0.0,53,52
79,02-06-2026,0.0,161,157
79,02-07-2026,0.0,360,407
79,02-08-2026,0.0,89,111
79,02-09-2026,0.0,41,40
79,02-10-2026,0.0,42,49
79,02-11-2026,0.0,83,82
79,02-12-2026,0.0,60,67
79,02-13-2026,0.0078740157186985,236,204
79,02-14-2026,0.3543307185173034,595,597
79,02-15-2026,0.0,223,287
79,02-16-2026,0.0,208,150
79,02-17-2026,0.0472440980374813,58,50
79,02-18-2026,0.0,101,92
79,02-19-2026,0.0078740157186985,81,89
79,02-20-2026,0.0118110245093703,220,176
79,02-21-2026,0.0,477,453
79,02-22-2026,0.0,217,312
79,02-23-2026,0.0,69,69
79,02-24-2026,0.0,65,64
79,02-25-2026,0.0,134,106
79,02-26-2026,0.0,90,99
79,02-27-2026,0.0,231,214
79,02-28-2026,0.0,536,464
79,03-01-2026,0.0,202,243
79,03-02-2026,0.0,55,35
79,03-03-2026,0.0,50,52
79,03-04-2026,0.0,133,103
79,03-05-2026,0.0,76,60
80,02-04-2026,0.0,200,142
80,02-05-2026,0.0,102,136
80,02-06-2026,0.0,310,275
80,02-07-2026,0.0,789,566
80,02-08-2026,0.0,295,244
80,02-09-2026,0.0,97,93
80,02-10-2026,0.0,99,97
80,02-11-2026,0.0,172,128
80,02-12-2026,0.0,123,139
80,02-13-2026,0.0,432,435
80,02-14-2026,0.0,"1,084",1165
80,02-15-2026,0.0,461,721
80,02-16-2026,0.0,474,590
80,02-17-2026,0.0,264,342
80,02-18-2026,0.0,395,321
80,02-19-2026,0.0,306,216
80,02-20-2026,0.0,493,262
80,02-21-2026,0.0,"1,063",930
80,02-22-2026,0.0,548,279
80,02-23-2026,0.0,139,1
80,02-24-2026,0.0,115,206
80,02-25-2026,0.0,211,154
80,02-26-2026,0.0,143,132
80,02-27-2026,0.0,402,382
80,02-28-2026,0.0,"1,079",997
80,03-01-2026,0.0,484,543
80,03-02-2026,0.0,108,83
80,03-03-2026,0.0,90,69
80,03-04-2026,0.0275590568780899,199,165
80,03-05-2026,0.0,122,130
81,02-04-2026,0.0,143,70
81,02-05-2026,0.0,55,47
81,02-06-2026,0.0,185,142
81,02-07-2026,0.0,457,430
81,02-08-2026,0.0039370078593492,111,136
81,02-09-2026,0.0,43,33
81,02-10-2026,0.0,45,34
81,02-11-2026,0.3307086527347564,98,27
81,02-12-2026,0.0,67,53
81,02-13-2026,0.0,289,222
81,02-14-2026,0.4842519760131836,758,567
81,02-15-2026,0.0078740157186985,279,356
81,02-16-2026,0.0,227,183
81,02-17-2026,0.0,52,35
81,02-18-2026,0.0,135,64
81,02-19-2026,0.0,79,67
81,02-20-2026,0.015748031437397,250,179
81,02-21-2026,0.0,594,443
81,02-22-2026,0.0,263,270
81,02-23-2026,0.0,64,43
81,02-24-2026,0.0,47,37
81,02-25-2026,0.0,138,71
81,02-26-2026,0.0,75,63
81,02-27-2026,0.0,248,137
81,02-28-2026,0.0,647,330
81,03-01-2026,0.0,235,235
81,03-02-2026,0.0039370078593492,52,60
81,03-03-2026,0.0,43,55
81,03-04-2026,0.0511811077594757,151,88
81,03-05-2026,0.3188976645469665,76,57
82,02-04-2026,0.0,248,90
82,02-05-2026,0.0,130,105
82,02-06-2026,0.0,351,331
82,02-07-2026,0.0,851,621
82,02-08-2026,0.0,436,334
82,02-09-2026,0.0,120,85
82,02-10-2026,0.0,103,93
82,02-11-2026,0.078740157186985,206,146
82,02-12-2026,0.0,133,128
82,02-13-2026,0.0,464,339
82,02-14-2026,0.0,"1,178",1036
82,02-15-2026,0.0,601,622
82,02-16-2026,0.0,609,526
82,02-17-2026,0.0,312,367
82,02-18-2026,0.110236220061779,568,533
82,02-19-2026,0.078740157186985,516,564
82,02-20-2026,0.2795275449752807,773,596
82,02-21-2026,0.0078740157186985,"1,342",949
82,02-22-2026,0.0078740157186985,919,129
82,02-23-2026,0.0,213,
82,02-24-2026,0.0,175,130
82,02-25-2026,0.0,326,172
82,02-26-2026,0.0511811077594757,214,203
82,02-27-2026,0.0,521,361
82,02-28-2026,0.0,"1,235",1102
82,03-01-2026,0.0,705,692
82,03-02-2026,0.0,155,110
82,03-03-2026,0.1338582634925842,141,125
82,03-04-2026,0.2283464521169662,280,234
82,03-05-2026,0.4212598502635956,160,163
83,02-04-2026,0.0,113,39
83,02-05-2026,0.0,58,66
83,02-06-2026,0.0,158,98
83,02-07-2026,0.0,319,234
83,02-08-2026,0.0,62,102
83,02-09-2026,0.0,46,39
83,02-10-2026,0.0,52,29
83,02-11-2026,0.0196850392967462,80,75
83,02-12-2026,0.0,78,106
83,02-13-2026,0.015748031437397,239,206
83,02-14-2026,1.2244094610214231,539,503
83,02-15-2026,0.0,189,168
83,02-16-2026,0.0,205,101
83,02-17-2026,0.0,48,73
83,02-18-2026,0.0039370078593492,97,61
83,02-19-2026,0.0039370078593492,62,82
83,02-20-2026,0.0039370078593492,204,133
83,02-21-2026,0.0,421,248
83,02-22-2026,0.0,174,119
83,02-23-2026,0.0,57,52
83,02-24-2026,0.0,47,43
83,02-25-2026,0.0,112,76
83,02-26-2026,0.0,84,62
83,02-27-2026,0.0,218,143
83,02-28-2026,0.0,484,274
83,03-01-2026,0.0078740157186985,183,146
83,03-02-2026,0.0433070883154869,66,49
83,03-03-2026,0.0236220490187406,57,36
83,03-04-2026,0.0551181137561798,134,43
83,03-05-2026,0.125984251499176,100,93
84,02-04-2026,0.0,270,178
84,02-05-2026,0.0,111,89
84,02-06-2026,0.0,370,309
84,02-07-2026,0.0,984,529
84,02-08-2026,0.0,409,300
84,02-09-2026,0.0,105,87
84,02-10-2026,0.0,91,95
84,02-11-2026,0.0,224,134
84,02-12-2026,0.0,124,106
84,02-13-2026,0.0,492,294
84,02-14-2026,0.0,"1,268",1235
84,02-15-2026,0.0,552,834
84,02-16-2026,0.0,661,703
84,02-17-2026,0.0,470,483
84,02-18-2026,0.031496062874794,853,913
84,02-19-2026,0.0,702,671
84,02-20-2026,0.007874016650021,981,666
84,02-21-2026,0.0118110291659832,"1,535",941
84,02-22-2026,0.0,898,567
84,02-23-2026,0.0,250,
84,02-24-2026,0.0,224,222
84,02-25-2026,0.0,422,201
84,02-26-2026,0.0,238,175
84,02-27-2026,0.0,555,347
84,02-28-2026,0.0,"1,357",858
84,03-01-2026,0.0,648,612
84,03-02-2026,0.0,137,95
84,03-03-2026,0.0039370087906718,117,99
84,03-04-2026,0.2795275449752807,341,263
84,03-05-2026,0.015748031437397,161,84
85,02-04-2026,0.0,229,82
85,02-05-2026,0.0,115,87
85,02-06-2026,0.0078740157186985,310,223
85,02-07-2026,0.0,905,677
85,02-08-2026,0.0,221,227
85,02-09-2026,0.0,96,109
85,02-10-2026,0.0,95,96
85,02-11-2026,0.0,184,130
85,02-12-2026,0.0,119,110
85,02-13-2026,0.0,443,376
85,02-14-2026,0.0,"1,189",1217
85,02-15-2026,0.0,394,473
85,02-16-2026,0.0,305,305
85,02-17-2026,0.0,128,150
85,02-18-2026,0.3307086825370788,231,155
85,02-19-2026,0.0,162,83
85,02-20-2026,0.5078740119934082,465,270
85,02-21-2026,0.0,"1,164",787
85,02-22-2026,0.0,455,390
85,02-23-2026,0.0,124,90
85,02-24-2026,0.0,104,65
85,02-25-2026,0.0,223,133
85,02-26-2026,0.0,155,120
85,02-27-2026,0.0,425,317
85,02-28-2026,0.0,"1,241",818
85,03-01-2026,0.0,404,490
85,03-02-2026,0.0,115,76
85,03-03-2026,0.0,107,76
85,03-04-2026,0.0,245,183
85,03-05-2026,0.2204724103212356,133,97
86,02-04-2026,0.0,315,180
86,02-05-2026,0.0,141,142
86,02-06-2026,0.0,398,376
86,02-07-2026,0.0,954,828
86,02-08-2026,0.0,351,359
86,02-09-2026,0.0,142,127
86,02-10-2026,0.0039370083250105,122,123
86,02-11-2026,0.0,273,238
86,02-12-2026,0.0,162,153
86,02-13-2026,0.0,539,403
86,02-14-2026,0.0,"1,301",1234
86,02-15-2026,0.0,527,709
86,02-16-2026,0.0,647,605
86,02-17-2026,0.015748031437397,427,398
86,02-18-2026,0.547244131565094,646,721
86,02-19-2026,0.0905511826276779,621,693
86,02-20-2026,0.2322834581136703,857,694
86,02-21-2026,0.0,"1,417",1056
86,02-22-2026,0.0,747,619
86,02-23-2026,0.0,240,89
86,02-24-2026,0.0,188,174
86,02-25-2026,0.015748031437397,388,233
86,02-26-2026,0.0,241,179
86,02-27-2026,0.0,555,421
86,02-28-2026,0.0944881960749626,"1,359",1104
86,03-01-2026,0.0,591,728
86,03-02-2026,0.0,175,172
86,03-03-2026,0.031496062874794,146,152
86,03-04-2026,0.015748031437397,355,276
86,03-05-2026,0.3937007784843445,208,195
87,02-04-2026,0.0,267,168
87,02-05-2026,0.0,124,119
87,02-06-2026,0.0,366,299
87,02-07-2026,0.0,852,752
87,02-08-2026,0.0,309,274
87,02-09-2026,0.0,117,98
87,02-10-2026,0.0,107,86
87,02-11-2026,0.0,229,154
87,02-12-2026,0.0,139,150
87,02-13-2026,0.0,486,458
87,02-14-2026,0.0,"1,176",1218
87,02-15-2026,0.0,515,624
87,02-16-2026,0.0,360,317
87,02-17-2026,0.0,131,136
87,02-18-2026,0.2677165567874908,275,61
87,02-19-2026,0.0,167,116
87,02-20-2026,0.0,470,347
87,02-21-2026,0.0,"1,152",954
87,02-22-2026,0.0,562,532
87,02-23-2026,0.0,139,85
87,02-24-2026,0.0118110245093703,112,111
87,02-25-2026,0.0,272,215
87,02-26-2026,0.0,162,192
87,02-27-2026,0.0,476,407
87,02-28-2026,0.0,"1,188",926
87,03-01-2026,0.0,517,663
87,03-02-2026,0.0,148,139
87,03-03-2026,0.0,129,182
87,03-04-2026,0.0,297,158
87,03-05-2026,0.0039370078593492,164,163
88,02-04-2026,0.0,214,147
88,02-05-2026,0.0,126,157
88,02-06-2026,0.0,308,329
88,02-07-2026,0.0,658,562
88,02-08-2026,0.0,286,230
88,02-09-2026,0.0,125,169
88,02-10-2026,0.0236220490187406,111,76
88,02-11-2026,0.7322834730148315,176,160
88,02-12-2026,0.0,133,137
88,02-13-2026,0.0,412,399
88,02-14-2026,0.0,925,1052
88,02-15-2026,0.0,478,592
88,02-16-2026,1.039370059967041,415,367
88,02-17-2026,0.6141732335090637,107,121
88,02-18-2026,0.4055117964744568,194,126
88,02-19-2026,0.385826826095581,151,167
88,02-20-2026,0.0236220490187406,396,349
88,02-21-2026,0.0,856,670
88,02-22-2026,0.0,488,477
88,02-23-2026,0.0,136,112
88,02-24-2026,0.0,119,79
88,02-25-2026,0.0,209,216
88,02-26-2026,0.0,153,178
88,02-27-2026,0.0,378,321
88,02-28-2026,0.0,914,651
88,03-01-2026,0.0,448,428
88,03-02-2026,0.0,139,104
88,03-03-2026,0.0,118,105
88,03-04-2026,0.0,228,142
88,03-05-2026,0.0,150,144
89,02-04-2026,0.3818897604942322,334,167
89,02-05-2026,0.0,147,157
89,02-06-2026,0.0,456,373
89,02-07-2026,0.0,"1,131",1081
89,02-08-2026,0.0039370078593492,463,413
89,02-09-2026,0.0,137,136
89,02-10-2026,0.015748031437397,129,94
89,02-11-2026,0.1377952843904495,290,186
89,02-12-2026,0.0,182,177
89,02-13-2026,0.0118110245093703,642,557
89,02-14-2026,0.2637794911861419,"1,625",1460
89,02-15-2026,0.665354311466217,824,965
89,02-16-2026,0.0,460,428
89,02-17-2026,0.0,145,110
89,02-18-2026,0.0078740157186985,322,154
89,02-19-2026,0.0039370078593492,196,169
89,02-20-2026,0.1062992066144943,564,369
89,02-21-2026,0.0039370078593492,"1,409",1148
89,02-22-2026,0.0,633,750
89,02-23-2026,0.0,134,138
89,02-24-2026,0.0,122,121
89,02-25-2026,0.0,295,225
89,02-26-2026,0.0039370078593492,175,179
89,02-27-2026,0.0,515,513
89,02-28-2026,0.0,"1,405",1121
89,03-01-2026,0.0,628,726
89,03-02-2026,0.0,147,89
89,03-03-2026,0.0748031511902809,129,116
89,03-04-2026,0.0984251946210861,315,184
89,03-05-2026,0.0866141766309738,166,166
90,02-04-2026,0.0,271,141
90,02-05-2026,0.0,135,118
90,02-06-2026,0.0039370078593492,370,356
90,02-07-2026,0.0,767,640
90,02-08-2026,0.0,346,251
90,02-09-2026,0.0,130,82
90,02-10-2026,0.0,126,111
90,02-11-2026,0.0,252,156
90,02-12-2026,0.0,166,135
90,02-13-2026,0.0433070883154869,540,430
90,02-14-2026,0.0,"1,105",1000
90,02-15-2026,0.0,611,539
90,02-16-2026,0.0,428,309
90,02-17-2026,0.3385826647281647,198,143
90,02-18-2026,0.0275590550154447,335,216
90,02-19-2026,0.0,220,195
90,02-20-2026,0.0,524,353
90,02-21-2026,0.0,"1,056",808
90,02-22-2026,0.0,648,477
90,02-23-2026,0.0,177,114
90,02-24-2026,0.0,165,143
90,02-25-2026,0.0,319,259
90,02-26-2026,0.0,220,210
90,02-27-2026,0.0,526,429
90,02-28-2026,0.0,"1,088",861
90,03-01-2026,0.0,581,581
90,03-02-2026,0.0,160,129
90,03-03-2026,0.0,145,106
90,03-04-2026,0.0,328,230
90,03-05-2026,0.0,204,176
91,02-04-2026,0.0,235,124
91,02-05-2026,0.0,125,120
91,02-06-2026,0.0,352,238
91,02-07-2026,0.0,965,945
91,02-08-2026,0.0,384,329
91,02-09-2026,0.0,120,121
91,02-10-2026,0.0,102,87
91,02-11-2026,0.0,191,135
91,02-12-2026,0.0,134,138
91,02-13-2026,0.0,473,360
91,02-14-2026,0.0,"1,268",1057
91,02-15-2026,0.275590568780899,660,762
91,02-16-2026,0.4094488024711609,530,611
91,02-17-2026,0.0,133,229
91,02-18-2026,0.0,225,131
91,02-19-2026,0.4448818564414978,174,120
91,02-20-2026,0.7165354490280151,467,351
91,02-21-2026,0.0,"1,211",1015
91,02-22-2026,0.2637795209884643,710,488
91,02-23-2026,0.0078740082681179,138,265
91,02-24-2026,0.0,112,93
91,02-25-2026,0.0,227,144
91,02-26-2026,0.0590551234781742,157,117
91,02-27-2026,0.0,433,361
91,02-28-2026,0.0,"1,263",967
91,03-01-2026,0.0,590,588
91,03-02-2026,0.0,142,112
91,03-03-2026,0.1377952694892883,128,75
91,03-04-2026,0.2007873803377151,286,163
91,03-05-2026,0.015748031437397,152,148
92,02-04-2026,0.0,276,147
92,02-05-2026,0.0,124,117
92,02-06-2026,0.0,369,310
92,02-07-2026,0.275590568780899,784,742
92,02-08-2026,0.0,285,221
92,02-09-2026,0.0,117,83
92,02-10-2026,0.0,112,115
92,02-11-2026,0.0,257,193
92,02-12-2026,0.0,154,146
92,02-13-2026,0.0826771631836891,496,442
92,02-14-2026,0.0118110245093703,"1,040",1251
92,02-15-2026,0.0,497,578
92,02-16-2026,0.0,362,204
92,02-17-2026,0.0,132,89
92,02-18-2026,0.0,288,127
92,02-19-2026,0.0,161,172
92,02-20-2026,0.0,459,403
92,02-21-2026,0.0,983,807
92,02-22-2026,0.0,509,546
92,02-23-2026,0.0,138,94
92,02-24-2026,0.0,120,102
92,02-25-2026,0.0,295,166
92,02-26-2026,0.0,176,207
92,02-27-2026,0.0,488,376
92,02-28-2026,0.0,"1,065",858
92,03-01-2026,0.0,500,536
92,03-02-2026,0.0,161,138
92,03-03-2026,0.0,144,127
92,03-04-2026,0.0,338,207
92,03-05-2026,0.0,192,176
93,02-04-2026,0.0,240,170
93,02-05-2026,0.0,114,95
93,02-06-2026,0.0,324,267
93,02-07-2026,0.0,801,498
93,02-08-2026,0.0,245,266
93,02-09-2026,0.0,99,113
93,02-10-2026,0.0354330725967884,95,60
93,02-11-2026,0.0,189,132
93,02-12-2026,0.0,117,83
93,02-13-2026,0.0,443,268
93,02-14-2026,0.0,"1,063",1097
93,02-15-2026,0.0,365,648
93,02-16-2026,0.0,500,450
93,02-17-2026,0.0236220490187406,340,421
93,02-18-2026,0.2992126047611236,520,522
93,02-19-2026,0.0275590568780899,513,593
93,02-20-2026,0.4212598800659179,727,773
93,02-21-2026,0.0157480333000421,"1,246",1000
93,02-22-2026,0.0,624,512
93,02-23-2026,0.0157480333000421,166,60
93,02-24-2026,0.0,142,122
93,02-25-2026,0.015748031437397,264,190
93,02-26-2026,0.0,192,208
93,02-27-2026,0.0,464,374
93,02-28-2026,0.0393700785934925,"1,199",991
93,03-01-2026,0.0,487,659
93,03-02-2026,0.0,133,113
93,03-03-2026,0.015748031437397,115,143
93,03-04-2026,0.0393700823187828,264,170
93,03-05-2026,0.1338582634925842,163,167
94,02-04-2026,0.0,299,180
94,02-05-2026,0.0,167,138
94,02-06-2026,0.0118110245093703,414,388
94,02-07-2026,0.0,857,615
94,02-08-2026,0.0,411,245
94,02-09-2026,0.0,163,283
94,02-10-2026,0.0,160,100
94,02-11-2026,0.0511811077594757,302,164
94,02-12-2026,0.0,191,163
94,02-13-2026,0.0,566,404
94,02-14-2026,0.0,"1,136",1001
94,02-15-2026,0.0,658,774
94,02-16-2026,0.0,623,483
94,02-17-2026,0.2283464521169662,244,190
94,02-18-2026,0.3188976645469665,377,182
94,02-19-2026,0.0275590568780899,270,172
94,02-20-2026,0.031496062874794,561,368
94,02-21-2026,0.0,"1,074",803
94,02-22-2026,0.0,668,639
94,02-23-2026,0.0,206,206
94,02-24-2026,0.0,177,197
94,02-25-2026,0.0,344,216
94,02-26-2026,0.0,224,212
94,02-27-2026,0.0,529,399
94,02-28-2026,0.0,"1,096",750
94,03-01-2026,0.0,611,649
94,03-02-2026,0.0,181,120
94,03-03-2026,0.0,153,135
94,03-04-2026,0.0,342,234
94,03-05-2026,0.0,209,164
95,02-04-2026,0.0,170,116
95,02-05-2026,0.0,94,91
95,02-06-2026,0.0,262,186
95,02-07-2026,0.0,735,589
95,02-08-2026,0.0,267,254
95,02-09-2026,0.0,90,56
95,02-10-2026,0.0,77,51
95,02-11-2026,0.0,121,107
95,02-12-2026,0.0,100,99
95,02-13-2026,0.0,361,369
95,02-14-2026,0.0,"1,054",1108
95,02-15-2026,0.2244094461202621,453,531
95,02-16-2026,0.3937007486820221,388,375
95,02-17-2026,0.0,112,96
95,02-18-2026,0.0078740157186985,163,86
95,02-19-2026,0.2401574999094009,135,102
95,02-20-2026,0.8307086825370789,326,272
95,02-21-2026,0.0,"1,000",998
95,02-22-2026,0.3149606585502624,551,317
95,02-23-2026,0.0433070883154869,120,120
95,02-24-2026,0.0,104,95
95,02-25-2026,0.0039370078593492,165,117
95,02-26-2026,0.0944881960749626,131,110
95,02-27-2026,0.0,349,307
95,02-28-2026,0.0,"1,064",994
95,03-01-2026,0.0,496,472
95,03-02-2026,0.0,131,98
95,03-03-2026,0.1614173352718353,98,73
95,03-04-2026,0.1929133683443069,206,109
95,03-05-2026,0.0393700785934925,126,117
96,02-04-2026,0.712598443031311,212,96
96,02-05-2026,0.1653543263673782,76,110
96,02-06-2026,0.0078740157186985,253,232
96,02-07-2026,0.0039370078593492,657,779
96,02-08-2026,0.0,184,261
96,02-09-2026,0.0,76,63
96,02-10-2026,0.0,74,84
96,02-11-2026,0.0433070920407772,144,118
96,02-12-2026,0.0,93,69
96,02-13-2026,0.0,376,272
96,02-14-2026,0.0,909,1116
96,02-15-2026,0.6692913770675659,326,582
96,02-16-2026,0.0236220490187406,290,321
96,02-17-2026,0.0,83,82
96,02-18-2026,0.0,170,117
96,02-19-2026,0.031496062874794,109,84
96,02-20-2026,0.3779527842998504,363,227
96,02-21-2026,0.913385808467865,815,804
96,02-22-2026,0.1141732260584831,393,406
96,02-23-2026,0.0,86,129
96,02-24-2026,0.0,68,92
96,02-25-2026,0.0,168,107
96,02-26-2026,0.31496062874794,104,114
96,02-27-2026,0.8779528141021729,337,294
96,02-28-2026,0.0039370078593492,910,608
96,03-01-2026,0.0,342,376
96,03-02-2026,0.0,89,72
96,03-03-2026,0.0,75,97
96,03-04-2026,0.0,194,126
96,03-05-2026,0.0,101,144
97,02-04-2026,0.0,135,100
97,02-05-2026,0.0,56,74
97,02-06-2026,0.0,214,165
97,02-07-2026,0.0,683,506
97,02-08-2026,0.0,121,188
97,02-09-2026,0.0,53,33
97,02-10-2026,0.0905511826276779,60,65
97,02-11-2026,0.1456692963838577,122,100
97,02-12-2026,0.0,77,100
97,02-13-2026,0.0,335,234
97,02-14-2026,0.2283464670181274,"1,191",978
97,02-15-2026,1.9566929340362549,324,339
97,02-16-2026,0.0,246,171
97,02-17-2026,0.0,60,55
97,02-18-2026,0.0,130,87
97,02-19-2026,0.0039370078593492,101,88
97,02-20-2026,0.0,292,255
97,02-21-2026,0.0472440980374813,"1,061",811
97,02-22-2026,0.0,356,387
97,02-23-2026,0.0,88,123
97,02-24-2026,0.0,81,59
97,02-25-2026,0.015748031437397,212,115
97,02-26-2026,0.015748031437397,133,82
97,02-27-2026,0.0,321,225
97,02-28-2026,0.0,"1,014",776
97,03-01-2026,0.0,293,314
97,03-02-2026,0.1417322754859924,61,54
97,03-03-2026,0.0039370078593492,48,50
97,03-04-2026,0.0039370078593492,150,80
97,03-05-2026,0.015748031437397,82,59
98,02-04-2026,0.0,193,120
98,02-05-2026,0.0,88,130
98,02-06-2026,0.0,306,238
98,02-07-2026,0.0,723,736
98,02-08-2026,0.0,265,362
98,02-09-2026,0.0,94,56
98,02-10-2026,0.0039370078593492,71,91
98,02-11-2026,0.0,160,110
98,02-12-2026,0.0,105,174
98,02-13-2026,0.0,446,491
98,02-14-2026,0.0,"1,007",1023
98,02-15-2026,0.0,436,921
98,02-16-2026,0.0,427,732
98,02-17-2026,0.0,141,101
98,02-18-2026,0.1692913174629211,227,117
98,02-19-2026,0.0275590550154447,192,147
98,02-20-2026,0.2795275449752807,466,376
98,02-21-2026,0.0078740157186985,955,781
98,02-22-2026,0.0,455,315
98,02-23-2026,0.0,118,69
98,02-24-2026,0.0,74,82
98,02-25-2026,0.0039370078593492,160,100
98,02-26-2026,0.0,105,101
98,02-27-2026,0.0,378,330
98,02-28-2026,0.031496062874794,975,641
98,03-01-2026,0.0,405,483
98,03-02-2026,0.0,119,69
98,03-03-2026,0.0039370078593492,73,99
98,03-04-2026,0.0,204,113
98,03-05-2026,0.1299212723970413,108,84
99,02-04-2026,0.0,159,70
99,02-05-2026,0.0,86,75
99,02-06-2026,0.0,231,160
99,02-07-2026,0.0,599,478
99,02-08-2026,0.0,255,234
99,02-09-2026,0.0,83,63
99,02-10-2026,0.0,77,70
99,02-11-2026,0.0,113,99
99,02-12-2026,0.0,91,72
99,02-13-2026,0.0,315,240
99,02-14-2026,0.0,826,804
99,02-15-2026,0.2165354341268539,432,486
99,02-16-2026,0.3228346407413482,331,395
99,02-17-2026,0.0,105,122
99,02-18-2026,0.0039370078593492,162,95
99,02-19-2026,0.1496063023805618,135,60
99,02-20-2026,0.7952755689620972,307,173
99,02-21-2026,0.0,758,617
99,02-22-2026,0.2874015569686889,489,279
99,02-23-2026,0.0236220434308052,107,112
99,02-24-2026,0.0,88,89
99,02-25-2026,0.0118110245093703,142,86
99,02-26-2026,0.1062992140650749,118,164
99,02-27-2026,0.0,293,196
99,02-28-2026,0.0,823,694
99,03-01-2026,0.0,417,480
99,03-02-2026,0.0,111,59
99,03-03-2026,0.1574803292751312,86,83
99,03-04-2026,0.196850374341011,190,134
99,03-05-2026,0.181102380156517,103,98
100,02-04-2026,0.0,245,161
100,02-05-2026,0.0,109,110
100,02-06-2026,0.0,300,332
100,02-07-2026,0.0,809,796
100,02-08-2026,0.0,251,288
100,02-09-2026,0.0,103,90
100,02-10-2026,0.0,100,77
100,02-11-2026,0.0,211,137
100,02-12-2026,0.0,122,169
100,02-13-2026,0.0,422,380
100,02-14-2026,0.0,"1,082",1135
100,02-15-2026,0.0,416,647
100,02-16-2026,0.0,340,351
100,02-17-2026,0.0,143,113
100,02-18-2026,0.0944882035255432,299,178
100,02-19-2026,0.1141732260584831,198,143
100,02-20-2026,0.4133858680725097,420,303
100,02-21-2026,0.0,"1,038",926
100,02-22-2026,0.0,485,482
100,02-23-2026,0.0,133,168
100,02-24-2026,0.0,119,156
100,02-25-2026,0.0,282,198
100,02-26-2026,0.0,169,147
100,02-27-2026,0.0,402,366
100,02-28-2026,0.0,"1,101",972
100,03-01-2026,0.0,444,574
100,03-02-2026,0.0,117,104
100,03-03-2026,0.0314960666000843,103,68
100,03-04-2026,0.0039370078593492,265,192
100,03-05-2026,0.7283464670181274,143,146
101,02-04-2026,0.0,151,85
101,02-05-2026,0.0,73,52
101,02-06-2026,0.0,256,214
101,02-07-2026,0.0,644,632
101,02-08-2026,0.0,162,129
101,02-09-2026,0.0,61,51
101,02-10-2026,0.0,68,36
101,02-11-2026,0.0,125,87
101,02-12-2026,0.0,93,120
101,02-13-2026,0.0,376,315
101,02-14-2026,1.177165389060974,965,976
101,02-15-2026,0.0039370078593492,316,348
101,02-16-2026,0.0,256,244
101,02-17-2026,0.0,77,63
101,02-18-2026,0.0078740157186985,149,55
101,02-19-2026,0.0118110245093703,107,59
101,02-20-2026,0.0,321,206
101,02-21-2026,0.0,806,620
101,02-22-2026,0.0,295,362
101,02-23-2026,0.0,70,84
101,02-24-2026,0.0,64,43
101,02-25-2026,0.0,149,144
101,02-26-2026,0.0354330688714981,90,103
101,02-27-2026,0.0,320,248
101,02-28-2026,0.0905511826276779,886,587
101,03-01-2026,0.4488188922405243,322,336
101,03-02-2026,0.2795275449752807,69,78
101,03-03-2026,0.0826771706342697,57,35
101,03-04-2026,0.1023622006177902,169,118
101,03-05-2026,0.0039370078593492,87,75
102,02-04-2026,0.0,287,135
102,02-05-2026,0.0,142,73
102,02-06-2026,0.0,342,224
102,02-07-2026,0.0,694,660
102,02-08-2026,0.0,383,258
102,02-09-2026,0.015748031437397,131,133
102,02-10-2026,0.1141732335090637,142,98
102,02-11-2026,0.6299213171005249,255,196
102,02-12-2026,0.3503937721252441,151,146
102,02-13-2026,0.0,443,298
102,02-14-2026,0.0196850392967462,976,633
102,02-15-2026,0.4133858382701874,696,636
102,02-16-2026,1.4055118560791016,601,599
102,02-17-2026,0.7834645509719849,199,231
102,02-18-2026,0.3779528141021728,353,258
102,02-19-2026,0.7834647297859192,246,217
102,02-20-2026,0.0,440,330
102,02-21-2026,0.0,900,548
102,02-22-2026,0.0,614,425
102,02-23-2026,0.0,148,18
102,02-24-2026,0.0748031511902809,130,75
102,02-25-2026,0.1259842365980148,307,140
102,02-26-2026,0.0,157,118
102,02-27-2026,0.0,409,258
102,02-28-2026,0.0,925,541
102,03-01-2026,0.0118110245093703,550,454
102,03-02-2026,0.1023622006177902,165,77
102,03-03-2026,0.0,132,89
102,03-04-2026,0.0118110245093703,296,114
102,03-05-2026,0.0,158,111
103,02-04-2026,0.0,306,158
103,02-05-2026,0.0,151,100
103,02-06-2026,0.0039370078593492,419,307
103,02-07-2026,0.0,791,637
103,02-08-2026,0.0,365,274
103,02-09-2026,0.0,139,82
103,02-10-2026,0.0,127,105
103,02-11-2026,1.2874016761779783,312,238
103,02-12-2026,0.0039370078593492,158,126
103,02-13-2026,0.0,534,427
103,02-14-2026,0.0,"1,044",860
103,02-15-2026,0.0,569,603
103,02-16-2026,0.6220472455024719,606,764
103,02-17-2026,0.4566929638385772,287,268
103,02-18-2026,0.3307086825370788,423,355
103,02-19-2026,0.125984251499176,341,291
103,02-20-2026,0.1929133683443069,702,481
103,02-21-2026,0.0,974,812
103,02-22-2026,0.0,579,508
103,02-23-2026,0.0,185,92
103,02-24-2026,0.0,155,113
103,02-25-2026,0.0,300,184
103,02-26-2026,0.0,175,116
103,02-27-2026,0.0,494,373
103,02-28-2026,0.0,"1,028",678
103,03-01-2026,0.0,547,416
103,03-02-2026,0.0,145,101
103,03-03-2026,0.0,126,103
103,03-04-2026,0.0078740157186985,313,213
103,03-05-2026,0.0,165,150
104,02-04-2026,0.5157480239868164,188,80
104,02-05-2026,0.1496062874794006,101,202
104,02-06-2026,0.0,241,207
104,02-07-2026,0.0,759,721
104,02-08-2026,0.0,209,306
104,02-09-2026,0.0,73,50
104,02-10-2026,0.0,66,61
104,02-11-2026,0.0708661451935768,103,93
104,02-12-2026,0.0,98,176
104,02-13-2026,0.0,331,307
104,02-14-2026,0.0,"1,010",970
104,02-15-2026,0.7322834730148315,397,437
104,02-16-2026,0.0236220490187406,270,228
104,02-17-2026,0.0,75,69
104,02-18-2026,0.0,138,100
104,02-19-2026,0.0472440980374813,108,155
104,02-20-2026,0.2362204790115356,336,276
104,02-21-2026,1.0866142511367798,949,807
104,02-22-2026,0.0669291391968727,433,447
104,02-23-2026,0.0,78,119
104,02-24-2026,0.0,64,68
104,02-25-2026,0.0,129,131
104,02-26-2026,0.4291338622570038,113,146
104,02-27-2026,0.9488189220428468,317,314
104,02-28-2026,0.0,974,883
104,03-01-2026,0.0,373,393
104,03-02-2026,0.0,85,90
104,03-03-2026,0.0,68,79
104,03-04-2026,0.0,161,108
104,03-05-2026,0.0,107,74
105,02-04-2026,0.0,155,117
105,02-05-2026,0.0,73,41
105,02-06-2026,0.0,195,142
105,02-07-2026,0.0,384,272
105,02-08-2026,0.0,137,106
105,02-09-2026,0.0,57,51
105,02-10-2026,0.0,63,49
105,02-11-2026,0.0,123,61
105,02-12-2026,0.0,88,81
105,02-13-2026,0.2322834730148315,301,234
105,02-14-2026,0.0905511826276779,588,476
105,02-15-2026,0.0,258,244
105,02-16-2026,0.0,230,91
105,02-17-2026,0.3582677841186523,84,61
105,02-18-2026,0.0,159,88
105,02-19-2026,0.15748031437397,123,76
105,02-20-2026,0.0078740157186985,260,131
105,02-21-2026,0.0,494,367
105,02-22-2026,0.0,267,210
105,02-23-2026,0.0,77,70
105,02-24-2026,0.0,71,57
105,02-25-2026,0.0,150,145
105,02-26-2026,0.0,100,186
105,02-27-2026,0.0,252,231
105,02-28-2026,0.0,541,360
105,03-01-2026,0.0,230,213
105,03-02-2026,0.0,66,62
105,03-03-2026,0.0,57,62
105,03-04-2026,0.0,161,125
105,03-05-2026,0.0,92,66
106,02-04-2026,0.4448819160461426,155,83
106,02-05-2026,0.0,50,81
106,02-06-2026,0.0,179,90
106,02-07-2026,0.0,460,157
106,02-08-2026,0.0,120,156
106,02-09-2026,0.0,56,69
106,02-10-2026,0.0,54,37
106,02-11-2026,0.2165354341268539,112,77
106,02-12-2026,0.0078740157186985,68,40
106,02-13-2026,0.0,289,84
106,02-14-2026,0.015748031437397,713,128
106,02-15-2026,0.7047244310379028,318,127
106,02-16-2026,0.0,248,76
106,02-17-2026,0.0039370078593492,80,122
106,02-18-2026,0.0118110245093703,158,167
106,02-19-2026,0.0354330725967884,111,144
106,02-20-2026,0.0826771706342697,299,230
106,02-21-2026,0.0866141766309738,710,494
106,02-22-2026,0.015748031437397,392,335
106,02-23-2026,0.0,70,87
106,02-24-2026,0.0,61,101
106,02-25-2026,0.0,140,99
106,02-26-2026,0.0472440980374813,98,111
106,02-27-2026,0.6417322754859924,306,217
106,02-28-2026,0.0078740157186985,764,825
106,03-01-2026,0.0,273,342
106,03-02-2026,0.0,75,48
106,03-03-2026,0.0039370078593492,75,54
106,03-04-2026,0.0393700785934925,184,59
106,03-05-2026,0.051181111484766,128,94
107,02-04-2026,0.3858267962932586,289,84
107,02-05-2026,0.3188976645469665,104,97
107,02-06-2026,0.0,313,234
107,02-07-2026,0.0196850392967462,918,776
107,02-08-2026,0.0,271,255
107,02-09-2026,0.0,107,58
107,02-10-2026,0.0,96,80
107,02-11-2026,0.0629921332001686,214,111
107,02-12-2026,0.0,129,105
107,02-13-2026,0.0,471,423
107,02-14-2026,0.0,"1,284",1205
107,02-15-2026,0.2244094461202621,590,787
107,02-16-2026,0.2440944910049438,488,317
107,02-17-2026,0.0,151,168
107,02-18-2026,0.0,317,276
107,02-19-2026,0.0236220490187406,226,169
107,02-20-2026,0.0118110245093703,460,275
107,02-21-2026,1.003937005996704,"1,381",850
107,02-22-2026,0.4803149998188019,748,456
107,02-23-2026,0.0,128,126
107,02-24-2026,0.0,111,127
107,02-25-2026,0.0,272,182
107,02-26-2026,0.0118110245093703,170,130
107,02-27-2026,1.7165354490280151,549,411
107,02-28-2026,0.0196850392967462,"1,308",1024
107,03-01-2026,0.0,508,516
107,03-02-2026,0.0,160,132
107,03-03-2026,0.0,128,116
107,03-04-2026,0.0,326,186
107,03-05-2026,0.0,197,123
108,02-04-2026,0.2874015569686889,150,34
108,02-05-2026,0.0,46,70
108,02-06-2026,0.0,161,167
108,02-07-2026,0.0,386,442
108,02-08-2026,0.0,112,152
108,02-09-2026,0.0,42,47
108,02-10-2026,0.0,44,27
108,02-11-2026,0.1889763921499252,85,41
108,02-12-2026,0.0,51,45
108,02-13-2026,0.0,241,156
108,02-14-2026,0.0,566,569
108,02-15-2026,0.8700787425041199,264,351
108,02-16-2026,0.015748031437397,262,188
108,02-17-2026,0.0,63,108
108,02-18-2026,0.0078740157186985,110,98
108,02-19-2026,0.0629921332001686,75,95
108,02-20-2026,0.0984251946210861,248,126
108,02-21-2026,0.251968502998352,566,503
108,02-22-2026,0.0196850392967462,280,261
108,02-23-2026,0.0,52,36
108,02-24-2026,0.0,41,51
108,02-25-2026,0.031496062874794,108,54
108,02-26-2026,0.6023622751235962,63,52
108,02-27-2026,0.4015748500823974,234,140
108,02-28-2026,0.0,544,404
108,03-01-2026,0.0,209,221
108,03-02-2026,0.0,55,35
108,03-03-2026,0.0,46,31
108,03-04-2026,0.0,122,52
108,03-05-2026,0.0236220490187406,61,51
109,02-04-2026,0.0,140,93
109,02-05-2026,0.0,64,140
109,02-06-2026,0.0,190,157
109,02-07-2026,0.0,405,343
109,02-08-2026,0.0,141,153
109,02-09-2026,0.0,52,123
109,02-10-2026,0.0,53,59
109,02-11-2026,0.0,101,67
109,02-12-2026,0.0,72,54
109,02-13-2026,0.0,277,175
109,02-14-2026,0.0236220490187406,624,692
109,02-15-2026,0.0039370078593492,259,364
109,02-16-2026,0.0,209,89
109,02-17-2026,0.0,46,62
109,02-18-2026,0.0,105,60
109,02-19-2026,0.0,69,78
109,02-20-2026,0.0,229,208
109,02-21-2026,0.015748031437397,554,415
109,02-22-2026,0.0,276,327
109,02-23-2026,0.0,70,69
109,02-24-2026,0.0,65,50
109,02-25-2026,0.0,144,97
109,02-26-2026,0.0,96,66
109,02-27-2026,0.0,260,238
109,02-28-2026,0.0078740157186985,621,463
109,03-01-2026,0.0,264,353
109,03-02-2026,0.0,63,46
109,03-03-2026,0.0,55,54
109,03-04-2026,0.0039370078593492,142,51
109,03-05-2026,0.0039370078593492,83,70
110,02-04-2026,0.0236220490187406,267,141
110,02-05-2026,0.0196850392967462,139,146
110,02-06-2026,0.0,347,321
110,02-07-2026,0.0,665,685
110,02-08-2026,0.0,278,301
110,02-09-2026,0.0039370078593492,128,125
110,02-10-2026,0.0,131,121
110,02-11-2026,0.007874016650021,250,162
110,02-12-2026,0.0,172,196
110,02-13-2026,0.0,480,351
110,02-14-2026,0.0118110226467251,963,908
110,02-15-2026,0.0118110245093703,447,552
110,02-16-2026,0.0,388,385
110,02-17-2026,0.0,142,99
110,02-18-2026,0.0,273,165
110,02-19-2026,0.0,175,119
110,02-20-2026,0.0,423,330
110,02-21-2026,0.0,842,652
110,02-22-2026,0.0,449,464
110,02-23-2026,0.0,162,131
110,02-24-2026,0.0,136,145
110,02-25-2026,0.0,282,228
110,02-26-2026,0.0,180,213
110,02-27-2026,0.0,441,452
110,02-28-2026,0.0,918,691
110,03-01-2026,0.0,427,467
110,03-02-2026,0.0,157,178
110,03-03-2026,0.0,139,116
110,03-04-2026,0.0,310,244
110,03-05-2026,0.0,198,230
111,02-04-2026,0.0748031511902809,150,142
111,02-05-2026,0.015748031437397,69,62
111,02-06-2026,0.015748031437397,227,179
111,02-07-2026,0.0,654,721
111,02-08-2026,0.0,221,333
111,02-09-2026,0.0,59,63
111,02-10-2026,0.0,56,62
111,02-11-2026,0.015748031437397,104,96
111,02-12-2026,0.0,71,103
111,02-13-2026,0.0,316,299
111,02-14-2026,0.0,899,965
111,02-15-2026,1.059055209159851,468,543
111,02-16-2026,0.0826771631836891,285,226
111,02-17-2026,0.0,71,125
111,02-18-2026,0.0039370078593492,133,164
111,02-19-2026,0.0708661451935768,100,116
111,02-20-2026,0.0196850392967462,317,336
111,02-21-2026,0.1062992140650749,905,769
111,02-22-2026,0.1456692963838577,472,429
111,02-23-2026,0.0,77,98
111,02-24-2026,0.0,62,61
111,02-25-2026,0.0,132,122
111,02-26-2026,0.8779528141021729,77,102
111,02-27-2026,0.2874015569686889,355,295
111,02-28-2026,0.0,887,804
111,03-01-2026,0.0,342,426
111,03-02-2026,0.0,73,65
111,03-03-2026,0.0196850392967462,59,164
111,03-04-2026,0.0,150,100
111,03-05-2026,0.0,78,94
112,02-04-2026,0.0,300,160
112,02-05-2026,0.0,174,128
112,02-06-2026,0.0,484,362
112,02-07-2026,0.0,996,772
112,02-08-2026,0.0,514,341
112,02-09-2026,0.0,164,102
112,02-10-2026,0.031496062874794,148,125
112,02-11-2026,1.2874014377593994,271,174
112,02-12-2026,0.0039370078593492,187,127
112,02-13-2026,0.0,586,375
112,02-14-2026,0.0,"1,207",991
112,02-15-2026,0.0,763,884
112,02-16-2026,1.3897639513015747,588,477
112,02-17-2026,0.3897637724876404,210,75
112,02-18-2026,0.4015748500823974,340,205
112,02-19-2026,0.5039370656013489,231,157
112,02-20-2026,0.0,552,379
112,02-21-2026,0.0,"1,189",960
112,02-22-2026,0.0,751,679
112,02-23-2026,0.0,173,114
112,02-24-2026,0.0,155,131
112,02-25-2026,0.0,312,183
112,02-26-2026,0.0,208,52
112,02-27-2026,0.0,560,463
112,02-28-2026,0.0,"1,247",873
112,03-01-2026,0.0,696,637
112,03-02-2026,0.0,167,89
112,03-03-2026,0.0,149,151
112,03-04-2026,0.0,319,206
112,03-05-2026,0.0,199,149
113,02-04-2026,0.5196850895881653,229,177
113,02-05-2026,0.0,94,91
113,02-06-2026,0.0,245,216
113,02-07-2026,0.110236220061779,567,513
113,02-08-2026,0.1220472529530525,330,416
113,02-09-2026,0.15748031437397,87,84
113,02-10-2026,0.0669291391968727,79,98
113,02-11-2026,0.0196850392967462,170,121
113,02-12-2026,0.1653543412685394,94,99
113,02-13-2026,0.0354330725967884,335,213
113,02-14-2026,0.3464566767215729,806,657
113,02-15-2026,0.2637794911861419,549,534
113,02-16-2026,0.0275590568780899,299,267
113,02-17-2026,0.0236220490187406,81,55
113,02-18-2026,0.031496062874794,179,85
113,02-19-2026,0.0,104,96
113,02-20-2026,0.0,290,243
113,02-21-2026,0.0,685,595
113,02-22-2026,0.0,530,409
113,02-23-2026,0.0,111,71
113,02-24-2026,0.078740157186985,87,73
113,02-25-2026,0.0118110245093703,203,172
113,02-26-2026,0.0118110245093703,116,60
113,02-27-2026,0.0236220490187406,325,256
113,02-28-2026,0.0039370078593492,768,555
113,03-01-2026,0.0,516,551
113,03-02-2026,0.0196850392967462,105,177
113,03-03-2026,0.0,90,82
113,03-04-2026,0.2992126047611236,237,153
113,03-05-2026,0.1023622155189514,125,94
114,02-04-2026,0.0,278,160
114,02-05-2026,0.0,155,170
114,02-06-2026,0.0,509,451
114,02-07-2026,0.0,"1,250",898
114,02-08-2026,0.0,626,333
114,02-09-2026,0.0,159,134
114,02-10-2026,0.0,143,112
114,02-11-2026,0.0039370078593492,247,159
114,02-12-2026,0.0,173,165
114,02-13-2026,0.0,652,612
114,02-14-2026,0.0,"1,591",1528
114,02-15-2026,0.0,937,1276
114,02-16-2026,0.0,841,780
114,02-17-2026,0.0,371,326
114,02-18-2026,0.1062992066144943,535,243
114,02-19-2026,0.0472440980374813,425,266
114,02-20-2026,0.2992125749588012,808,511
114,02-21-2026,0.0039370078593492,"1,719",1155
114,02-22-2026,0.015748031437397,"1,092",213
114,02-23-2026,0.0,185,
114,02-24-2026,0.0,159,193
114,02-25-2026,0.0,303,165
114,02-26-2026,0.031496062874794,193,134
114,02-27-2026,0.0,615,412
114,02-28-2026,0.0,"1,623",1319
114,03-01-2026,0.0,886,775
114,03-02-2026,0.0,153,102
114,03-03-2026,0.1456693112850189,128,119
114,03-04-2026,0.2244094461202621,329,208
114,03-05-2026,0.385826826095581,176,169
115,02-04-2026,0.0,251,115
115,02-05-2026,0.0,126,101
115,02-06-2026,0.0,369,286
115,02-07-2026,0.3897637724876404,"1,066",950
115,02-08-2026,0.31496062874794,469,319
115,02-09-2026,0.578740119934082,167,109
115,02-10-2026,0.0472440980374813,129,98
115,02-11-2026,0.0,215,154
115,02-12-2026,0.0,134,106
115,02-13-2026,0.1377952843904495,530,387
115,02-14-2026,0.350393682718277,"1,398",1097
115,02-15-2026,0.0,645,791
115,02-16-2026,0.062992125749588,519,449
115,02-17-2026,0.0078740157186985,246,278
115,02-18-2026,0.1062992066144943,401,357
115,02-19-2026,0.0314960666000843,292,286
115,02-20-2026,0.0,562,567
115,02-21-2026,0.2244094461202621,"1,376",1193
115,02-22-2026,0.2086614072322845,782,651
115,02-23-2026,0.7401575446128845,191,128
115,02-24-2026,0.0236220490187406,140,148
115,02-25-2026,0.0118110245093703,268,221
115,02-26-2026,0.0,165,193
115,02-27-2026,0.015748031437397,493,292
115,02-28-2026,0.0,"1,318",994
115,03-01-2026,0.0,604,619
115,03-02-2026,0.0,138,109
115,03-03-2026,0.0748031511902809,131,88
115,03-04-2026,0.6220473051071167,310,145
115,03-05-2026,0.0669291317462921,153,132
116,02-04-2026,0.0,229,169
116,02-05-2026,0.0,116,106
116,02-06-2026,0.0,322,297
116,02-07-2026,0.0,896,978
116,02-08-2026,0.0,365,441
116,02-09-2026,0.0,129,85
116,02-10-2026,0.0,118,98
116,02-11-2026,0.0,208,159
116,02-12-2026,0.0,139,211
116,02-13-2026,0.0,456,372
116,02-14-2026,0.0,"1,214",1431
116,02-15-2026,0.1889763921499252,571,789
116,02-16-2026,0.3700787425041199,449,645
116,02-17-2026,0.0,172,170
116,02-18-2026,0.031496062874794,267,199
116,02-19-2026,0.1023622006177902,217,169
116,02-20-2026,0.5157480835914612,438,413
116,02-21-2026,0.0,"1,194",1136
116,02-22-2026,0.2716535329818725,676,389
116,02-23-2026,0.0157480277121067,141,150
116,02-24-2026,0.0,121,130
116,02-25-2026,0.015748031437397,233,198
116,02-26-2026,0.0511811003088951,140,175
116,02-27-2026,0.0,418,414
116,02-28-2026,0.0,"1,233",1114
116,03-01-2026,0.0,597,689
116,03-02-2026,0.0,135,107
116,03-03-2026,0.15748031437397,114,108
116,03-04-2026,0.1929133683443069,271,211
116,03-05-2026,0.0354330688714981,141,154
117,02-04-2026,0.0,155,98
117,02-05-2026,0.0,68,81
117,02-06-2026,0.0,267,281
117,02-07-2026,0.0,639,679
117,02-08-2026,0.0433070883154869,196,217
117,02-09-2026,0.0,60,89
117,02-10-2026,0.0,59,63
117,02-11-2026,0.0,120,117
117,02-12-2026,0.0,78,100
117,02-13-2026,0.0,361,321
117,02-14-2026,0.8543307781219482,988,996
117,02-15-2026,0.0748031511902809,369,486
117,02-16-2026,0.0,283,230
117,02-17-2026,0.0,70,69
117,02-18-2026,0.0,152,77
117,02-19-2026,0.0,97,68
117,02-20-2026,0.0,328,281
117,02-21-2026,0.0078740157186985,849,746
117,02-22-2026,0.0,355,439
117,02-23-2026,0.0,95,95
117,02-24-2026,0.0,86,97
117,02-25-2026,0.0,174,141
117,02-26-2026,0.0,102,116
117,02-27-2026,0.0,325,252
117,02-28-2026,0.0,833,650
117,03-01-2026,0.1377952843904495,347,419
117,03-02-2026,0.6377953290939331,61,124
117,03-03-2026,0.0078740157186985,51,74
117,03-04-2026,0.2362204790115356,185,128
117,03-05-2026,3.0314958095550537,130,109
118,02-04-2026,0.0,242,125
118,02-05-2026,0.0,120,85
118,02-06-2026,0.0,385,258
118,02-07-2026,0.0,"1,021",621
118,02-08-2026,0.0,459,287
118,02-09-2026,0.0,122,33
118,02-10-2026,0.0,100,67
118,02-11-2026,0.0078740157186985,182,79
118,02-12-2026,0.0,129,145
118,02-13-2026,0.0,491,270
118,02-14-2026,0.0,"1,358",965
118,02-15-2026,0.0,686,752
118,02-16-2026,0.0078740157186985,609,485
118,02-17-2026,0.0,187,163
118,02-18-2026,0.062992125749588,287,127
118,02-19-2026,0.0669291391968727,225,109
118,02-20-2026,0.3425197303295135,521,211
118,02-21-2026,0.0,"1,351",841
118,02-22-2026,0.0748031437397003,776,144
118,02-23-2026,0.0,150,
118,02-24-2026,0.0,116,150
118,02-25-2026,0.0,248,111
118,02-26-2026,0.0118110245093703,155,110
118,02-27-2026,0.0,492,328
118,02-28-2026,0.0,"1,386",813
118,03-01-2026,0.0275590568780899,654,538
118,03-02-2026,0.0,143,118
118,03-03-2026,0.1771653592586517,109,67
118,03-04-2026,0.2322834581136703,292,170
118,03-05-2026,0.3622047901153564,146,78
119,02-04-2026,0.0,141,125
119,02-05-2026,0.0,64,109
119,02-06-2026,0.0,212,206
119,02-07-2026,0.0,642,558
119,02-08-2026,0.0,169,219
119,02-09-2026,0.0,61,42
119,02-10-2026,0.0118110245093703,53,40
119,02-11-2026,0.291338562965393,80,80
119,02-12-2026,0.0,85,52
119,02-13-2026,0.0,332,280
119,02-14-2026,0.0708661451935768,994,857
119,02-15-2026,2.078740119934082,351,523
119,02-16-2026,0.0,277,238
119,02-17-2026,0.0,70,46
119,02-18-2026,0.0078740157186985,126,57
119,02-19-2026,0.0078740157186985,107,85
119,02-20-2026,0.0,289,205
119,02-21-2026,0.0236220490187406,923,838
119,02-22-2026,0.0,401,407
119,02-23-2026,0.0,89,90
119,02-24-2026,0.0,77,76
119,02-25-2026,0.0039370078593492,147,111
119,02-26-2026,0.2204724252223968,116,116
119,02-27-2026,0.0,312,235
119,02-28-2026,0.0,959,833
119,03-01-2026,0.0,387,417
119,03-02-2026,0.0551181137561798,80,57
119,03-03-2026,0.0039370078593492,70,73
119,03-04-2026,0.0196850392967462,149,80
119,03-05-2026,0.078740157186985,91,88
120,02-04-2026,0.0,379,279
120,02-05-2026,0.338582694530487,182,177
120,02-06-2026,0.0,484,438
120,02-07-2026,0.0,"1,185",1187
120,02-08-2026,0.0,472,436
120,02-09-2026,0.0,165,170
120,02-10-2026,0.0,161,141
120,02-11-2026,0.0,349,238
120,02-12-2026,0.0472440980374813,207,223
120,02-13-2026,0.0,653,658
120,02-14-2026,0.0,"1,549",1422
120,02-15-2026,0.0,823,1029
120,02-16-2026,0.84645676612854,595,556
120,02-17-2026,0.0,183,154
120,02-18-2026,0.0,426,236
120,02-19-2026,0.0,234,248
120,02-20-2026,0.0,616,481
120,02-21-2026,0.0,"1,539",1131
120,02-22-2026,0.2480315119028091,975,1016
120,02-23-2026,0.0,193,243
120,02-24-2026,0.0,163,189
120,02-25-2026,0.0,411,306
120,02-26-2026,0.0,213,236
120,02-27-2026,0.385826826095581,737,558
120,02-28-2026,1.0354331731796265,"1,899",1276
120,03-01-2026,0.0354330725967884,773,878
120,03-02-2026,0.015748031437397,192,317
120,03-03-2026,0.0196850392967462,172,141
120,03-04-2026,0.0472440980374813,448,216
120,03-05-2026,0.2913385927677154,203,235
121,02-04-2026,0.0,135,82
121,02-05-2026,0.0,58,50
121,02-06-2026,0.0039370078593492,195,159
121,02-07-2026,0.0,537,380
121,02-08-2026,0.0,126,126
121,02-09-2026,0.0,45,39
121,02-10-2026,0.0,41,35
121,02-11-2026,0.0,79,71
121,02-12-2026,0.0,51,62
121,02-13-2026,0.0,277,198
121,02-14-2026,0.0,702,724
121,02-15-2026,0.0,254,276
121,02-16-2026,0.0,223,73
121,02-17-2026,0.0,42,55
121,02-18-2026,0.0905511900782585,95,71
121,02-19-2026,0.0,59,63
121,02-20-2026,0.2559055089950561,288,208
121,02-21-2026,0.0,671,536
121,02-22-2026,0.0,282,269
121,02-23-2026,0.0,74,69
121,02-24-2026,0.0,66,56
121,02-25-2026,0.0,135,79
121,02-26-2026,0.0,91,126
121,02-27-2026,0.0,276,259
121,02-28-2026,0.0,752,472
121,03-01-2026,0.0,272,326
121,03-02-2026,0.0,63,63
121,03-03-2026,0.0039370078593492,50,72
121,03-04-2026,0.0,142,91
121,03-05-2026,0.0275590568780899,77,55
122,02-04-2026,0.0,297,149
122,02-05-2026,0.0,164,122
122,02-06-2026,0.0039370078593492,402,306
122,02-07-2026,0.0,778,660
122,02-08-2026,0.0,408,323
122,02-09-2026,0.0,156,216
122,02-10-2026,0.0,136,126
122,02-11-2026,0.3661417961120605,269,181
122,02-12-2026,0.0,172,200
122,02-13-2026,0.0,504,330
122,02-14-2026,0.0,"1,021",944
122,02-15-2026,0.0039370078593492,622,725
122,02-16-2026,1.1338582038879397,552,581
122,02-17-2026,0.4015748798847198,190,154
122,02-18-2026,0.7834645509719849,292,187
122,02-19-2026,0.2440944910049438,227,238
122,02-20-2026,0.0,469,382
122,02-21-2026,0.0,967,787
122,02-22-2026,0.0,647,520
122,02-23-2026,0.0,167,94
122,02-24-2026,0.0,149,116
122,02-25-2026,0.0,300,199
122,02-26-2026,0.0,194,161
122,02-27-2026,0.0,478,350
122,02-28-2026,0.0,"1,016",749
122,03-01-2026,0.0,597,518
122,03-02-2026,0.0,158,131
122,03-03-2026,0.0,133,104
122,03-04-2026,0.0,305,182
122,03-05-2026,0.0,180,183
124,02-04-2026,0.0,202,160
124,02-05-2026,0.0,117,112
124,02-06-2026,0.0,328,320
124,02-07-2026,0.0,681,632
124,02-08-2026,0.0,208,188
124,02-09-2026,0.0354330763220787,98,116
124,02-10-2026,0.0,97,99
124,02-11-2026,0.0826771631836891,154,39
124,02-12-2026,0.8661417365074158,124,142
124,02-13-2026,0.1102362275123596,450,453
124,02-14-2026,0.0,884,1057
124,02-15-2026,0.0,341,497
124,02-16-2026,0.0,302,295
124,02-17-2026,0.078740157186985,106,97
124,02-18-2026,0.0275590568780899,192,98
124,02-19-2026,0.0,133,158
124,02-20-2026,0.0,394,353
124,02-21-2026,0.0,828,692
124,02-22-2026,0.0,348,371
124,02-23-2026,0.0,107,93
124,02-24-2026,0.0,99,168
124,02-25-2026,0.9094488620758056,189,162
124,02-26-2026,0.220472440123558,147,213
124,02-27-2026,0.0,415,389
124,02-28-2026,0.0,907,705
124,03-01-2026,0.0078740157186985,331,400
124,03-02-2026,0.748031497001648,108,112
124,03-03-2026,0.3700787425041199,105,104
124,03-04-2026,0.0,205,117
124,03-05-2026,0.1535432785749435,119,125
125,02-04-2026,0.0,188,149
125,02-05-2026,0.0,97,122
125,02-06-2026,0.0,324,293
125,02-07-2026,0.0,812,676
125,02-08-2026,0.0,377,333
125,02-09-2026,0.0,106,122
125,02-10-2026,0.0,95,114
125,02-11-2026,0.0118110245093703,155,112
125,02-12-2026,0.0,115,119
125,02-13-2026,0.0,448,464
125,02-14-2026,0.0,"1,112",1110
125,02-15-2026,0.0,542,804
125,02-16-2026,0.0,536,642
125,02-17-2026,0.0,243,340
125,02-18-2026,0.078740157186985,290,163
125,02-19-2026,0.015748031437397,267,172
125,02-20-2026,0.507874071598053,520,359
125,02-21-2026,0.0236220490187406,"1,128",986
125,02-22-2026,0.0196850392967462,678,246
125,02-23-2026,0.0039370064623653,149,34
125,02-24-2026,0.0,125,268
125,02-25-2026,0.0,208,260
125,02-26-2026,0.0,150,121
125,02-27-2026,0.0,430,327
125,02-28-2026,0.0,"1,118",1028
125,03-01-2026,0.0,549,685
125,03-02-2026,0.0,114,142
125,03-03-2026,0.1732283383607864,111,117
125,03-04-2026,0.3031496107578277,241,174
125,03-05-2026,0.3346456289291382,141,125
126,02-04-2026,0.0,289,165
126,02-05-2026,0.0,139,114
126,02-06-2026,0.0118110226467251,441,363
126,02-07-2026,0.0,"1,063",819
126,02-08-2026,0.0,414,346
126,02-09-2026,0.0,135,91
126,02-10-2026,0.0,117,101
126,02-11-2026,0.0,238,144
126,02-12-2026,0.0,141,157
126,02-13-2026,0.0,571,470
126,02-14-2026,0.0,"1,351",1434
126,02-15-2026,0.0,684,727
126,02-16-2026,0.0,497,430
126,02-17-2026,0.0,164,153
126,02-18-2026,0.4488189220428467,270,155
126,02-19-2026,0.0,210,151
126,02-20-2026,0.2952755987644195,569,333
126,02-21-2026,0.0,"1,392",937
126,02-22-2026,0.0,757,608
126,02-23-2026,0.0,184,106
126,02-24-2026,0.0,147,125
126,02-25-2026,0.0,330,148
126,02-26-2026,0.0,224,180
126,02-27-2026,0.0,577,490
126,02-28-2026,0.0,"1,429",1027
126,03-01-2026,0.0,614,703
126,03-02-2026,0.0,142,163
126,03-03-2026,0.015748031437397,128,127
126,03-04-2026,0.0905511900782585,295,153
126,03-05-2026,0.228346437215805,150,140
127,02-04-2026,0.0,257,117
127,02-05-2026,0.0,113,93
127,02-06-2026,0.0,320,210
127,02-07-2026,0.0,681,564
127,02-08-2026,0.0,344,204
127,02-09-2026,0.0,115,101
127,02-10-2026,0.0078740157186985,100,96
127,02-11-2026,0.7637795209884644,218,148
127,02-12-2026,0.0,112,106
127,02-13-2026,0.0,431,316
127,02-14-2026,0.0,897,602
127,02-15-2026,0.0039370078593492,528,602
127,02-16-2026,1.4291340112686155,477,458
127,02-17-2026,0.1456692665815353,168,107
127,02-18-2026,0.3582677245140075,275,187
127,02-19-2026,0.3425197303295135,185,176
127,02-20-2026,0.0,392,273
127,02-21-2026,0.0,830,566
127,02-22-2026,0.0,520,465
127,02-23-2026,0.0,117,73
127,02-24-2026,0.0,97,61
127,02-25-2026,0.0,234,158
127,02-26-2026,0.0,123,113
127,02-27-2026,0.0,396,270
127,02-28-2026,0.0,903,561
127,03-01-2026,0.0,486,531
127,03-02-2026,0.0,114,61
127,03-03-2026,0.0,88,50
127,03-04-2026,0.0,239,147
127,03-05-2026,0.0,106,93
128,02-04-2026,0.2401574850082397,180,111
128,02-05-2026,0.0,84,94
128,02-06-2026,0.0,326,320
128,02-07-2026,0.0,"1,051",934
128,02-08-2026,0.0,305,335
128,02-09-2026,0.0275590550154447,80,66
128,02-10-2026,0.0,81,53
128,02-11-2026,0.118110217154026,154,98
128,02-12-2026,0.0,105,125
128,02-13-2026,0.0,466,351
128,02-14-2026,0.0,"1,388",1481
128,02-15-2026,0.6574803590774536,514,634
128,02-16-2026,0.0,331,367
128,02-17-2026,0.0,115,95
128,02-18-2026,0.0236220490187406,183,119
128,02-19-2026,0.0944881960749626,138,168
128,02-20-2026,0.0669291317462921,447,299
128,02-21-2026,0.1614173352718353,"1,371",1170
128,02-22-2026,0.0,572,571
128,02-23-2026,0.0,132,98
128,02-24-2026,0.0,112,129
128,02-25-2026,0.0,219,192
128,02-26-2026,0.1653543263673782,129,185
128,02-27-2026,0.3188976347446441,480,399
128,02-28-2026,0.0,"1,421",1352
128,03-01-2026,0.0,524,531
128,03-02-2026,0.0,111,80
128,03-03-2026,0.0,89,86
128,03-04-2026,0.0,210,145
128,03-05-2026,0.0,127,93
129,02-04-2026,0.0,271,116
129,02-05-2026,0.0,117,103
129,02-06-2026,0.0,367,225
129,02-07-2026,0.0,"1,006",993
129,02-08-2026,0.0,399,328
129,02-09-2026,0.0,116,92
129,02-10-2026,0.0,103,82
129,02-11-2026,0.0,215,142
129,02-12-2026,0.0,118,135
129,02-13-2026,0.0,487,384
129,02-14-2026,0.0,"1,313",1190
129,02-15-2026,0.2598425149917602,660,868
129,02-16-2026,0.3307086527347564,565,527
129,02-17-2026,0.0,141,248
129,02-18-2026,0.0,267,158
129,02-19-2026,0.31496062874794,186,127
129,02-20-2026,0.720472514629364,495,267
129,02-21-2026,0.0,"1,266",1026
129,02-22-2026,0.251968502998352,725,401
129,02-23-2026,0.0,125,159
129,02-24-2026,0.0,94,85
129,02-25-2026,0.0,239,145
129,02-26-2026,0.0433070883154869,134,132
129,02-27-2026,0.0,430,260
129,02-28-2026,0.0,"1,285",926
129,03-01-2026,0.0,557,575
129,03-02-2026,0.0,127,71
129,03-03-2026,0.1535433232784271,104,75
129,03-04-2026,0.2047244012355804,327,152
129,03-05-2026,0.0275590568780899,136,85
130,02-04-2026,0.0,195,127
130,02-05-2026,0.0,99,86
130,02-06-2026,0.0,269,169
130,02-07-2026,0.0,620,394
130,02-08-2026,0.0,303,196
130,02-09-2026,0.0,87,104
130,02-10-2026,0.0,74,121
130,02-11-2026,0.0078740157186985,132,152
130,02-12-2026,0.0,93,110
130,02-13-2026,0.0,343,275
130,02-14-2026,0.0,814,712
130,02-15-2026,0.0,435,531
130,02-16-2026,0.0,473,444
130,02-17-2026,0.0,267,443
130,02-18-2026,0.0748031511902809,430,573
130,02-19-2026,0.0393700785934925,398,464
130,02-20-2026,0.3503937423229217,563,500
130,02-21-2026,0.0,878,616
130,02-22-2026,0.0748031511902809,652,112
130,02-23-2026,0.0,150,3
130,02-24-2026,0.0,123,53
130,02-25-2026,0.0,253,67
130,02-26-2026,0.0393700785934925,150,87
130,02-27-2026,0.0,356,233
130,02-28-2026,0.0,851,563
130,03-01-2026,0.0039370078593492,453,437
130,03-02-2026,0.0,104,76
130,03-03-2026,0.1653543263673782,84,62
130,03-04-2026,0.2244094461202621,224,94
130,03-05-2026,0.4527558982372284,114,106
131,02-04-2026,0.0039370078593492,144,85
131,02-05-2026,0.0,75,60
131,02-06-2026,0.0039370041340589,203,233
131,02-07-2026,0.0,611,612
131,02-08-2026,0.0,147,167
131,02-09-2026,0.0,63,60
131,02-10-2026,0.0,64,59
131,02-11-2026,0.0039370078593492,97,100
131,02-12-2026,0.0,83,88
131,02-13-2026,0.0,302,242
131,02-14-2026,0.0472440980374813,828,760
131,02-15-2026,0.4370078444480896,323,344
131,02-16-2026,0.0,229,177
131,02-17-2026,0.0,66,84
131,02-18-2026,0.0039370078593492,115,69
131,02-19-2026,0.015748031437397,87,72
131,02-20-2026,0.1062992066144943,307,160
131,02-21-2026,0.015748031437397,782,665
131,02-22-2026,0.0039370078593492,322,288
131,02-23-2026,0.0,74,79
131,02-24-2026,0.0,60,75
131,02-25-2026,0.0118110245093703,116,82
131,02-26-2026,0.0669291317462921,83,76
131,02-27-2026,0.0,264,205
131,02-28-2026,0.0,793,731
131,03-01-2026,0.0,285,352
131,03-02-2026,0.338582694530487,68,59
131,03-03-2026,0.1181102395057678,68,64
131,03-04-2026,0.5748031139373779,180,112
131,03-05-2026,0.799212634563446,83,92
132,02-04-2026,0.0,227,146
132,02-05-2026,0.0,110,147
132,02-06-2026,0.0,340,246
132,02-07-2026,0.0,884,876
132,02-08-2026,0.0,317,381
132,02-09-2026,0.0,109,115
132,02-10-2026,0.0,108,96
132,02-11-2026,0.0039370078593492,186,125
132,02-12-2026,0.0,137,159
132,02-13-2026,0.0,499,482
132,02-14-2026,0.0,"1,223",1275
132,02-15-2026,0.1220472529530525,508,713
132,02-16-2026,0.110236220061779,421,403
132,02-17-2026,0.0,130,82
132,02-18-2026,0.0590551197528839,223,134
132,02-19-2026,0.0905511826276779,155,158
132,02-20-2026,0.5039370059967041,448,339
132,02-21-2026,0.0,"1,142",1082
132,02-22-2026,0.1614173203706741,582,317
132,02-23-2026,0.0039370087906718,142,106
132,02-24-2026,0.0,112,114
132,02-25-2026,0.0,229,210
132,02-26-2026,0.0,149,152
132,02-27-2026,0.0,438,358
132,02-28-2026,0.0,"1,188",929
132,03-01-2026,0.0039370078593492,521,601
132,03-02-2026,0.0,129,118
132,03-03-2026,0.2874015867710113,118,99
132,03-04-2026,0.15748031437397,239,193
132,03-05-2026,0.2480315119028091,148,183
133,02-04-2026,0.0,174,95
133,02-05-2026,0.0,86,98
133,02-06-2026,0.0,223,250
133,02-07-2026,0.0,507,420
133,02-08-2026,0.0,173,154
133,02-09-2026,0.0,75,83
133,02-10-2026,0.0039370078593492,70,66
133,02-11-2026,0.0078740157186985,136,128
133,02-12-2026,0.0039370078593492,93,103
133,02-13-2026,0.0433070883154869,331,263
133,02-14-2026,0.1220472529530525,763,667
133,02-15-2026,0.078740157186985,332,412
133,02-16-2026,0.0,269,138
133,02-17-2026,0.0,86,104
133,02-18-2026,0.0039370078593492,163,117
133,02-19-2026,0.0,113,105
133,02-20-2026,0.0236220490187406,325,245
133,02-21-2026,0.0472440980374813,691,545
133,02-22-2026,0.0,314,452
133,02-23-2026,0.0,101,89
133,02-24-2026,0.0,86,99
133,02-25-2026,0.0,177,180
133,02-26-2026,0.0,117,111
133,02-27-2026,0.0039370078593492,315,263
133,02-28-2026,0.0,688,568
133,03-01-2026,0.0,295,325
133,03-02-2026,0.0118110245093703,86,85
133,03-03-2026,0.0039370078593492,77,92
133,03-04-2026,0.0196850392967462,190,115
133,03-05-2026,0.0118110245093703,118,101
134,02-04-2026,0.0,210,133
134,02-05-2026,0.0,102,67
134,02-06-2026,0.0,312,255
134,02-07-2026,0.0,904,832
134,02-08-2026,0.0,286,307
134,02-09-2026,0.0,98,68
134,02-10-2026,0.0,99,80
134,02-11-2026,0.0039370078593492,171,168
134,02-12-2026,0.0,115,114
134,02-13-2026,0.0,418,407
134,02-14-2026,0.0,"1,198",1257
134,02-15-2026,0.0196850392967462,460,655
134,02-16-2026,0.007874016650021,342,298
134,02-17-2026,0.0,129,111
134,02-18-2026,0.0236220490187406,253,170
134,02-19-2026,0.0669291391968727,139,33
134,02-20-2026,0.5590551495552063,402,301
134,02-21-2026,0.0,"1,128",904
134,02-22-2026,0.1181102395057678,542,559
134,02-23-2026,0.0,119,91
134,02-24-2026,0.0,101,122
134,02-25-2026,0.0,204,137
134,02-26-2026,0.0433070845901966,123,110
134,02-27-2026,0.0,391,297
134,02-28-2026,0.0,"1,176",869
134,03-01-2026,0.0,459,615
134,03-02-2026,0.0,113,106
134,03-03-2026,0.1692913323640823,97,79
134,03-04-2026,0.2086614072322845,254,165
134,03-05-2026,0.1811023652553558,116,105
135,02-04-2026,0.0,176,97
135,02-05-2026,0.1850393712520599,72,82
135,02-06-2026,0.0,186,181
135,02-07-2026,0.0,447,555
135,02-08-2026,0.0,177,183
135,02-09-2026,0.0,63,81
135,02-10-2026,0.0,62,43
135,02-11-2026,0.0,138,69
135,02-12-2026,0.0039370078593492,76,95
135,02-13-2026,0.0,273,181
135,02-14-2026,0.0,636,631
135,02-15-2026,0.0472440980374813,342,357
135,02-16-2026,0.6062992215156555,351,315
135,02-17-2026,0.0,82,77
135,02-18-2026,0.0,170,124
135,02-19-2026,0.0,96,90
135,02-20-2026,0.0,242,190
135,02-21-2026,0.0,570,446
135,02-22-2026,0.0393700785934925,364,366
135,02-23-2026,0.0,91,136
135,02-24-2026,0.0,76,80
135,02-25-2026,0.0,180,155
135,02-26-2026,0.0,90,72
135,02-27-2026,0.1811023652553558,282,280
135,02-28-2026,1.3267717361450195,773,530
135,03-01-2026,0.0,285,347
135,03-02-2026,0.0,75,60
135,03-03-2026,0.0196850392967462,68,74
135,03-04-2026,0.0511811077594757,182,103
135,03-05-2026,0.1181102395057678,89,81
136,02-04-2026,0.0,255,139
136,02-05-2026,0.3425196707248688,138,156
136,02-06-2026,0.0,355,295
136,02-07-2026,0.0,835,809
136,02-08-2026,0.0,402,304
136,02-09-2026,0.0,125,120
136,02-10-2026,0.0,110,95
136,02-11-2026,0.0,219,161
136,02-12-2026,0.0,132,129
136,02-13-2026,0.0078740157186985,473,312
136,02-14-2026,0.0,"1,115",1035
136,02-15-2026,0.0,578,714
136,02-16-2026,0.1889763623476028,431,372
136,02-17-2026,0.0,130,130
136,02-18-2026,0.0039370078593492,286,188
136,02-19-2026,0.0,183,147
136,02-20-2026,0.0,462,314
136,02-21-2026,0.0,"1,051",756
136,02-22-2026,0.0669291391968727,679,612
136,02-23-2026,0.0,138,218
136,02-24-2026,0.0,119,147
136,02-25-2026,0.0,259,226
136,02-26-2026,0.0039370078593492,150,120
136,02-27-2026,0.015748031437397,465,262
136,02-28-2026,0.267716497182846,"1,246",829
136,03-01-2026,0.251968502998352,606,533
136,03-02-2026,0.0118110245093703,134,133
136,03-03-2026,0.0236220490187406,114,124
136,03-04-2026,0.0196850392967462,273,190
136,03-05-2026,0.1535433083772659,154,143
137,02-04-2026,0.5708662867546082,236,90
137,02-05-2026,0.0118110226467251,81,84
137,02-06-2026,0.0826771631836891,189,177
137,02-07-2026,0.0,455,507
137,02-08-2026,0.0,123,192
137,02-09-2026,0.0,70,52
137,02-10-2026,0.0,67,36
137,02-11-2026,0.2086614072322845,153,78
137,02-12-2026,0.0,96,81
137,02-13-2026,0.0,295,254
137,02-14-2026,0.0,629,660
137,02-15-2026,0.6259841918945312,302,597
137,02-16-2026,0.0708661377429962,255,174
137,02-17-2026,0.0,87,84
137,02-18-2026,0.0196850392967462,200,118
137,02-19-2026,0.3307086825370788,158,130
137,02-20-2026,0.0354330725967884,316,220
137,02-21-2026,0.0905511677265167,697,489
137,02-22-2026,0.0236220490187406,355,332
137,02-23-2026,0.0,85,99
137,02-24-2026,0.0,73,97
137,02-25-2026,0.0,169,101
137,02-26-2026,1.17322838306427,128,111
137,02-27-2026,0.0,264,277
137,02-28-2026,0.0,649,558
137,03-01-2026,0.0,241,287
137,03-02-2026,0.0708661451935768,94,93
137,03-03-2026,0.0,76,52
137,03-04-2026,0.0,193,96
137,03-05-2026,0.0039370078593492,117,70
138,02-04-2026,0.0433070883154869,176,122
138,02-05-2026,0.0039370078593492,83,95
138,02-06-2026,0.0039370087906718,235,217
138,02-07-2026,0.0,680,636
138,02-08-2026,0.0,229,270
138,02-09-2026,0.0,78,57
138,02-10-2026,0.0,74,58
138,02-11-2026,0.0,121,100
138,02-12-2026,0.0,93,91
138,02-13-2026,0.0,324,266
138,02-14-2026,0.0,935,1023
138,02-15-2026,1.035433053970337,397,374
138,02-16-2026,0.2165354341268539,273,136
138,02-17-2026,0.0,70,66
138,02-18-2026,0.0,131,116
138,02-19-2026,0.0118110245093703,94,80
138,02-20-2026,0.4685039222240448,336,241
138,02-21-2026,0.0905511826276779,919,854
138,02-22-2026,0.2755905389785766,474,432
138,02-23-2026,0.0,91,77
138,02-24-2026,0.0,78,66
138,02-25-2026,0.0,154,132
138,02-26-2026,0.4842520356178283,120,108
138,02-27-2026,0.0314960666000843,323,308
138,02-28-2026,0.0,934,759
138,03-01-2026,0.0039370078593492,383,360
138,03-02-2026,0.0354330725967884,100,93
138,03-03-2026,0.0314960666000843,87,85
138,03-04-2026,0.0,180,99
138,03-05-2026,0.0,116,106
140,02-04-2026,0.374015748500824,256,128
140,02-05-2026,0.0,118,118
140,02-06-2026,0.0,364,306
140,02-07-2026,0.0,"1,158",1165
140,02-08-2026,0.0,392,455
140,02-09-2026,0.0,95,59
140,02-10-2026,0.0,89,51
140,02-11-2026,0.2165354341268539,198,84
140,02-12-2026,0.0,131,89
140,02-13-2026,0.0,504,359
140,02-14-2026,0.0039370078593492,"1,477",1442
140,02-15-2026,1.3267717361450195,626,784
140,02-16-2026,0.0,429,510
140,02-17-2026,0.0,224,345
140,02-18-2026,0.0196850392967462,484,467
140,02-19-2026,0.0472440980374813,379,440
140,02-20-2026,0.3897637724876404,669,686
140,02-21-2026,0.338582694530487,"1,658",1347
140,02-22-2026,0.0,744,717
140,02-23-2026,0.0,131,117
140,02-24-2026,0.0,106,114
140,02-25-2026,0.0,260,193
140,02-26-2026,0.3897637724876404,169,157
140,02-27-2026,1.2401576042175293,499,460
140,02-28-2026,0.0118110245093703,"1,599",1462
140,03-01-2026,0.0,648,815
140,03-02-2026,0.0,140,153
140,03-03-2026,0.0,115,112
140,03-04-2026,0.0,282,156
140,03-05-2026,0.0078740157186985,162,109
141,02-04-2026,0.0,252,137
141,02-05-2026,0.0,121,95
141,02-06-2026,0.0,379,257
141,02-07-2026,0.0,972,769
141,02-08-2026,0.0,425,439
141,02-09-2026,0.0,119,63
141,02-10-2026,0.0,101,90
141,02-11-2026,0.0,198,114
141,02-12-2026,0.0,122,97
141,02-13-2026,0.0,490,366
141,02-14-2026,0.0,"1,285",1239
141,02-15-2026,0.220472440123558,680,779
141,02-16-2026,0.2637795507907867,481,572
141,02-17-2026,0.0,136,310
141,02-18-2026,0.0,246,108
141,02-19-2026,0.1811023652553558,158,78
141,02-20-2026,0.5944882035255432,485,329
141,02-21-2026,0.0,"1,205",917
141,02-22-2026,0.2165354341268539,714,310
141,02-23-2026,0.0118110217154026,130,171
141,02-24-2026,0.0,102,87
141,02-25-2026,0.0,233,155
141,02-26-2026,0.0590551197528839,129,122
141,02-27-2026,0.0,481,395
141,02-28-2026,0.0,"1,255",928
141,03-01-2026,0.0039370078593492,630,577
141,03-02-2026,0.0,133,70
141,03-03-2026,0.1929134130477905,137,91
141,03-04-2026,0.2086613923311233,286,131
141,03-05-2026,0.0039370078593492,136,130
142,02-04-2026,0.1535433083772659,214,92
142,02-05-2026,0.0,96,75
142,02-06-2026,0.0,306,227
142,02-07-2026,0.0,743,682
142,02-08-2026,0.0,268,256
142,02-09-2026,0.0,83,93
142,02-10-2026,0.0,91,107
142,02-11-2026,0.0826771706342697,201,168
142,02-12-2026,0.0,121,139
142,02-13-2026,0.0039370078593492,479,367
142,02-14-2026,0.2401574999094009,"1,148",954
142,02-15-2026,0.6062992215156555,554,555
142,02-16-2026,0.0,303,253
142,02-17-2026,0.0,91,75
142,02-18-2026,0.015748031437397,218,131
142,02-19-2026,0.0078740157186985,95,106
142,02-20-2026,0.1062991991639137,416,269
142,02-21-2026,0.0236220490187406,951,878
142,02-22-2026,0.0,416,415
142,02-23-2026,0.0,85,73
142,02-24-2026,0.0,75,95
142,02-25-2026,0.0,201,134
142,02-26-2026,0.0,102,82
142,02-27-2026,0.0,371,312
142,02-28-2026,0.0,948,707
142,03-01-2026,0.0,377,476
142,03-02-2026,0.0,83,56
142,03-03-2026,0.0236220490187406,69,74
142,03-04-2026,0.1692913472652435,208,197
142,03-05-2026,0.0472441017627716,93,59
143,02-04-2026,0.0,200,142
143,02-05-2026,0.0,93,87
143,02-06-2026,0.0,313,265
143,02-07-2026,0.0039370078593492,913,618
143,02-08-2026,0.0,446,460
143,02-09-2026,0.0,95,135
143,02-10-2026,0.0,82,73
143,02-11-2026,0.0039370083250105,163,111
143,02-12-2026,0.0,101,89
143,02-13-2026,0.0,433,254
143,02-14-2026,0.0,"1,248",1207
143,02-15-2026,0.0,623,889
143,02-16-2026,0.0,703,778
143,02-17-2026,0.0,434,499
143,02-18-2026,0.0866141766309738,735,657
143,02-19-2026,0.0,619,705
143,02-20-2026,0.0078740157186985,873,562
143,02-21-2026,0.0354330763220787,"1,433",1037
143,02-22-2026,0.0,853,541
143,02-23-2026,0.0,190,1
143,02-24-2026,0.0,158,267
143,02-25-2026,0.0039370078593492,264,135
143,02-26-2026,0.0,146,165
143,02-27-2026,0.0,436,324
143,02-28-2026,0.0,"1,263",1111
143,03-01-2026,0.0,652,613
143,03-02-2026,0.0,114,99
143,03-03-2026,0.0118110217154026,91,64
143,03-04-2026,0.3267716765403747,249,146
143,03-05-2026,0.0039370078593492,123,86
144,02-04-2026,0.1771653443574905,148,68
144,02-05-2026,0.0,63,77
144,02-06-2026,0.0,249,198
144,02-07-2026,0.0,664,636
144,02-08-2026,0.0,158,217
144,02-09-2026,0.0,53,22
144,02-10-2026,0.0,55,58
144,02-11-2026,0.3188976645469665,113,88
144,02-12-2026,0.0,82,81
144,02-13-2026,0.0,346,354
144,02-14-2026,0.0,933,1115
144,02-15-2026,0.7519684433937073,332,522
144,02-16-2026,0.0,223,248
144,02-17-2026,0.0,60,57
144,02-18-2026,0.0,126,70
144,02-19-2026,0.1181102320551872,107,93
144,02-20-2026,0.078740157186985,321,257
144,02-21-2026,0.4842519462108612,909,757
144,02-22-2026,0.0,335,321
144,02-23-2026,0.0,81,46
144,02-24-2026,0.0,73,56
144,02-25-2026,0.0,156,70
144,02-26-2026,0.5196850299835205,114,88
144,02-27-2026,0.2401574999094009,384,234
144,02-28-2026,0.0,932,774
144,03-01-2026,0.0,315,335
144,03-02-2026,0.0039370078593492,80,51
144,03-03-2026,0.0,67,65
144,03-04-2026,0.0,171,70
144,03-05-2026,0.0196850392967462,107,62
145,02-04-2026,0.0,144,100
145,02-05-2026,0.0,56,76
145,02-06-2026,0.0,260,196
145,02-07-2026,0.0,672,593
145,02-08-2026,0.0,156,184
145,02-09-2026,0.0,51,65
145,02-10-2026,0.0,53,49
145,02-11-2026,0.0,116,86
145,02-12-2026,0.0,80,146
145,02-13-2026,0.0118110245093703,371,313
145,02-14-2026,0.6968504190444946,"1,021",876
145,02-15-2026,0.0078740157186985,340,421
145,02-16-2026,0.0,254,162
145,02-17-2026,0.0,79,68
145,02-18-2026,0.0,175,92
145,02-19-2026,0.0,107,62
145,02-20-2026,0.0,361,253
145,02-21-2026,0.0,940,842
145,02-22-2026,0.0,366,422
145,02-23-2026,0.0,92,68
145,02-24-2026,0.0,79,69
145,02-25-2026,0.0,183,109
145,02-26-2026,0.031496062874794,108,109
145,02-27-2026,0.0,366,283
145,02-28-2026,0.2125984281301498,"1,042",774
145,03-01-2026,0.7795276045799255,355,412
145,03-02-2026,0.0,77,54
145,03-03-2026,0.0,65,48
145,03-04-2026,0.0078740157186985,170,116
145,03-05-2026,0.0,100,72
146,02-04-2026,0.0,243,175
146,02-05-2026,0.0,119,105
146,02-06-2026,0.0,362,239
146,02-07-2026,0.007874016650021,"1,009",918
146,02-08-2026,0.0,291,286
146,02-09-2026,0.0,121,142
146,02-10-2026,0.0,111,80
146,02-11-2026,0.0,204,173
146,02-12-2026,0.0,134,143
146,02-13-2026,0.0,527,558
146,02-14-2026,0.0,"1,345",1290
146,02-15-2026,0.0354330725967884,478,606
146,02-16-2026,0.0,415,369
146,02-17-2026,0.0,162,88
146,02-18-2026,0.1692913472652435,267,127
146,02-19-2026,0.0078740157186985,179,118
146,02-20-2026,0.6653543710708618,475,338
146,02-21-2026,0.0,"1,310",1121
146,02-22-2026,0.0039370078593492,581,534
146,02-23-2026,0.0,159,107
146,02-24-2026,0.0,136,137
146,02-25-2026,0.0,270,193
146,02-26-2026,0.0,186,194
146,02-27-2026,0.0,490,415
146,02-28-2026,0.0,"1,358",1099
146,03-01-2026,0.0,493,623
146,03-02-2026,0.0,137,82
146,03-03-2026,0.3858267962932586,130,122
146,03-04-2026,0.0944881960749626,247,196
146,03-05-2026,0.8779528141021729,121,113
147,02-04-2026,0.0,247,178
147,02-05-2026,0.0,94,104
147,02-06-2026,0.0,328,281
147,02-07-2026,0.0,875,714
147,02-08-2026,0.0,325,369
147,02-09-2026,0.0,81,89
147,02-10-2026,0.0,77,129
147,02-11-2026,0.0,205,175
147,02-12-2026,0.0,99,126
147,02-13-2026,0.0,461,269
147,02-14-2026,0.0,"1,206",1137
147,02-15-2026,0.0,484,815
147,02-16-2026,0.0,407,315
147,02-17-2026,0.0,171,141
147,02-18-2026,0.0,430,267
147,02-19-2026,0.0,314,237
147,02-20-2026,0.0,570,205
147,02-21-2026,0.0,"1,205",840
147,02-22-2026,0.0,597,595
147,02-23-2026,0.0,413,114
147,02-24-2026,0.0,396,711
147,02-25-2026,0.0,704,848
147,02-26-2026,0.0,539,901
147,02-27-2026,0.0,799,957
147,02-28-2026,0.0,"1,451",1137
147,03-01-2026,0.0,719,685
147,03-02-2026,0.0,164,125
147,03-03-2026,0.0,131,51
147,03-04-2026,0.0275590568780899,307,182
147,03-05-2026,0.0,158,118
148,02-04-2026,0.0,268,147
148,02-05-2026,0.0,137,110
148,02-06-2026,0.0,348,277
148,02-07-2026,0.0,810,653
148,02-08-2026,0.0,410,308
148,02-09-2026,0.0,147,207
148,02-10-2026,0.062992125749588,138,107
148,02-11-2026,1.460630178451538,238,199
148,02-12-2026,0.0433070883154869,151,159
148,02-13-2026,0.0,465,361
148,02-14-2026,0.0,"1,077",1020
148,02-15-2026,0.0,619,761
148,02-16-2026,1.2795275449752808,561,595
148,02-17-2026,0.6811023354530334,217,125
148,02-18-2026,0.2795275449752807,340,194
148,02-19-2026,0.4330708980560303,277,235
148,02-20-2026,0.0,445,356
148,02-21-2026,0.0,"1,017",809
148,02-22-2026,0.0,649,545
148,02-23-2026,0.0,168,133
148,02-24-2026,0.0078740157186985,153,132
148,02-25-2026,0.0118110245093703,269,189
148,02-26-2026,0.0,179,174
148,02-27-2026,0.0,438,356
148,02-28-2026,0.0,"1,059",675
148,03-01-2026,0.0,597,553
148,03-02-2026,0.0,159,140
148,03-03-2026,0.0,132,114
148,03-04-2026,0.0,280,179
148,03-05-2026,0.0,159,123
150,02-04-2026,0.0,205,117
150,02-05-2026,0.0,97,88
150,02-06-2026,0.0,304,271
150,02-07-2026,0.4488188922405243,736,729
150,02-08-2026,0.1653543263673782,282,207
150,02-09-2026,0.1771653592586517,100,67
150,02-10-2026,0.0,91,72
150,02-11-2026,0.0,182,150
150,02-12-2026,0.0,115,118
150,02-13-2026,0.1102362275123596,466,335
150,02-14-2026,0.31496062874794,"1,015",782
150,02-15-2026,0.0,443,478
150,02-16-2026,0.0196850392967462,454,370
150,02-17-2026,0.0078740157186985,194,172
150,02-18-2026,0.031496062874794,332,256
150,02-19-2026,0.031496062874794,228,161
150,02-20-2026,0.0,444,402
150,02-21-2026,0.1220472529530525,947,785
150,02-22-2026,0.2716535627841949,551,427
150,02-23-2026,0.7007875442504883,125,105
150,02-24-2026,0.0,102,83
150,02-25-2026,0.0,215,105
150,02-26-2026,0.0,134,125
150,02-27-2026,0.0590551272034645,421,305
150,02-28-2026,0.0,922,638
150,03-01-2026,0.0,392,501
150,03-02-2026,0.0,81,95
150,03-03-2026,0.0472440980374813,77,86
150,03-04-2026,1.0354331731796265,242,153
150,03-05-2026,0.2637794911861419,111,177
151,02-04-2026,0.0,253,185
151,02-05-2026,0.0,129,121
151,02-06-2026,0.0,390,388
151,02-07-2026,0.0,"1,025",794
151,02-08-2026,0.0,398,391
151,02-09-2026,0.0,125,122
151,02-10-2026,0.0,114,86
151,02-11-2026,0.110236220061779,263,207
151,02-12-2026,0.0,145,187
151,02-13-2026,0.0,544,549
151,02-14-2026,0.0,"1,393",1351
151,02-15-2026,0.031496062874794,654,908
151,02-16-2026,0.1141732186079025,582,610
151,02-17-2026,0.0,173,149
151,02-18-2026,0.015748031437397,330,176
151,02-19-2026,0.0354330688714981,203,151
151,02-20-2026,0.6496062874794006,547,486
151,02-21-2026,0.0,"1,362",1066
151,02-22-2026,0.1496063023805618,795,244
151,02-23-2026,0.0039370078593492,170,63
151,02-24-2026,0.0,137,218
151,02-25-2026,0.0,276,247
151,02-26-2026,0.0118110245093703,170,207
151,02-27-2026,0.0,524,480
151,02-28-2026,0.0,"1,402",1112
151,03-01-2026,0.0,649,821
151,03-02-2026,0.0,139,134
151,03-03-2026,0.1692913323640823,123,136
151,03-04-2026,0.1062991991639137,297,212
151,03-05-2026,0.125984251499176,169,212
152,02-04-2026,0.0,158,77
152,02-05-2026,0.0,76,75
152,02-06-2026,0.0,199,97
152,02-07-2026,0.0,420,321
152,02-08-2026,0.0,182,151
152,02-09-2026,0.0,68,58
152,02-10-2026,0.015748031437397,64,65
152,02-11-2026,0.9724408388137816,105,84
152,02-12-2026,0.0590551234781742,78,3
152,02-13-2026,0.0,284,
152,02-14-2026,0.0078740157186985,598,107
152,02-15-2026,0.220472440123558,352,401
152,02-16-2026,1.535433053970337,336,304
152,02-17-2026,0.539370059967041,79,124
152,02-18-2026,0.125984251499176,175,221
152,02-19-2026,0.6102361679077148,114,197
152,02-20-2026,0.0,266,230
152,02-21-2026,0.0,546,376
152,02-22-2026,0.0,319,295
152,02-23-2026,0.0,88,49
152,02-24-2026,0.0275590568780899,73,92
152,02-25-2026,0.4094488620758056,156,101
152,02-26-2026,0.0,92,95
152,02-27-2026,0.0,259,147
152,02-28-2026,0.0,591,325
152,03-01-2026,0.0,290,242
152,03-02-2026,0.0236220490187406,81,30
152,03-03-2026,0.0,70,82
152,03-04-2026,0.0,159,89
152,03-05-2026,0.0,89,84
153,02-04-2026,0.0,356,269
153,02-05-2026,0.0,199,198
153,02-06-2026,0.0,535,481
153,02-07-2026,0.0,"1,047",921
153,02-08-2026,0.0,522,336
153,02-09-2026,0.0,174,181
153,02-10-2026,0.0393700785934925,171,126
153,02-11-2026,0.4094489216804504,315,228
153,02-12-2026,0.0039370078593492,203,187
153,02-13-2026,0.0,640,465
153,02-14-2026,0.0,"1,266",1256
153,02-15-2026,0.0314960666000843,813,989
153,02-16-2026,0.95669287443161,599,634
153,02-17-2026,0.4291339516639709,227,4
153,02-18-2026,0.2165354341268539,382,12
153,02-19-2026,0.2559055387973785,279,289
153,02-20-2026,0.0,599,533
153,02-21-2026,0.0,"1,263",897
153,02-22-2026,0.0,779,799
153,02-23-2026,0.0,195,140
153,02-24-2026,0.0,172,167
153,02-25-2026,0.0,354,265
153,02-26-2026,0.0,236,205
153,02-27-2026,0.0,613,489
153,02-28-2026,0.0,"1,316",1037
153,03-01-2026,0.0,737,718
153,03-02-2026,0.0,189,144
153,03-03-2026,0.0,166,59
153,03-04-2026,0.0,381,219
153,03-05-2026,0.0,219,151
156,02-04-2026,0.0,238,110
156,02-05-2026,0.0,104,116
156,02-06-2026,0.0,306,297
156,02-07-2026,0.0,945,942
156,02-08-2026,0.0,303,329
156,02-09-2026,0.0,98,63
156,02-10-2026,0.0,91,82
156,02-11-2026,0.0,196,134
156,02-12-2026,0.0,116,127
156,02-13-2026,0.0,407,342
156,02-14-2026,0.0039370078593492,"1,230",1278
156,02-15-2026,0.6811023354530334,463,675
156,02-16-2026,0.0,346,304
156,02-17-2026,0.0,132,109
156,02-18-2026,0.0393700785934925,256,94
156,02-19-2026,0.1220472455024719,176,122
156,02-20-2026,0.4409448802471161,435,319
156,02-21-2026,0.0,"1,195",1038
156,02-22-2026,0.0,531,639
156,02-23-2026,0.0,135,111
156,02-24-2026,0.0,127,83
156,02-25-2026,0.0039370078593492,281,192
156,02-26-2026,0.0,179,148
156,02-27-2026,0.0,412,324
156,02-28-2026,0.0,"1,245",940
156,03-01-2026,0.0,472,580
156,03-02-2026,0.0236220527440309,121,83
156,03-03-2026,1.0551180839538574,122,167
156,03-04-2026,1.381889581680298,280,160
156,03-05-2026,0.8385827541351318,125,179
157,02-04-2026,0.0,293,127
157,02-05-2026,0.0,149,88
157,02-06-2026,0.0,435,307
157,02-07-2026,0.0,982,759
157,02-08-2026,0.0,498,335
157,02-09-2026,0.0,149,103
157,02-10-2026,0.015748031437397,133,111
157,02-11-2026,0.4488189220428467,246,144
157,02-12-2026,0.062992125749588,153,152
157,02-13-2026,0.0,537,485
157,02-14-2026,0.0,"1,248",1182
157,02-15-2026,0.6771653294563293,844,970
157,02-16-2026,1.7401574850082395,634,763
157,02-17-2026,0.6850392818450928,224,178
157,02-18-2026,0.1614173054695129,345,209
157,02-19-2026,0.4921259880065918,255,213
157,02-20-2026,0.0,525,389
157,02-21-2026,0.0,"1,181",923
157,02-22-2026,0.0,699,531
157,02-23-2026,0.0,160,96
157,02-24-2026,0.0196850392967462,141,87
157,02-25-2026,0.0748031511902809,286,162
157,02-26-2026,0.0,168,144
157,02-27-2026,0.0,497,337
157,02-28-2026,0.0,"1,223",867
157,03-01-2026,0.0,658,698
157,03-02-2026,0.0196850392967462,183,89
157,03-03-2026,0.0,156,76
157,03-04-2026,0.0,307,140
157,03-05-2026,0.0,168,133
158,02-04-2026,0.0,363,188
158,02-05-2026,0.0,196,161
158,02-06-2026,0.0,541,401
158,02-07-2026,0.4842519760131836,"1,302",1071
158,02-08-2026,0.125984251499176,574,346
158,02-09-2026,0.0196850392967462,179,154
158,02-10-2026,0.0,177,135
158,02-11-2026,0.0,331,247
158,02-12-2026,0.0,219,196
158,02-13-2026,0.1181102395057678,718,525
158,02-14-2026,0.3070866167545318,"1,662",1494
158,02-15-2026,0.0,795,960
158,02-16-2026,0.0511811077594757,729,650
158,02-17-2026,0.0393700785934925,310,328
158,02-18-2026,0.031496062874794,515,502
158,02-19-2026,0.0078740157186985,357,374
158,02-20-2026,0.0,708,599
158,02-21-2026,0.0944881811738014,"1,609",1153
158,02-22-2026,0.2165354341268539,949,749
158,02-23-2026,0.4881890118122101,217,183
158,02-24-2026,0.0,167,169
158,02-25-2026,0.0,369,281
158,02-26-2026,0.0,213,211
158,02-27-2026,0.0,619,458
158,02-28-2026,0.0,"1,457",1136
158,03-01-2026,0.0,700,738
158,03-02-2026,0.0,177,153
158,03-03-2026,0.0393700785934925,153,150
158,03-04-2026,0.6417323350906372,426,358
158,03-05-2026,0.1732283532619476,212,265
159,02-04-2026,0.2716535329818725,268,159
159,02-05-2026,0.0078740157186985,123,108
159,02-06-2026,0.0,342,251
159,02-07-2026,0.0,915,980
159,02-08-2026,0.0,313,369
159,02-09-2026,0.0,113,89
159,02-10-2026,0.0,110,81
159,02-11-2026,0.362204760313034,220,162
159,02-12-2026,0.0,140,115
159,02-13-2026,0.0,481,405
159,02-14-2026,0.0,"1,235",1277
159,02-15-2026,0.799212634563446,546,716
159,02-16-2026,0.0,360,319
159,02-17-2026,0.0,128,102
159,02-18-2026,0.0,264,173
159,02-19-2026,0.2007873803377151,175,154
159,02-20-2026,0.0433070883154869,448,339
159,02-21-2026,0.5905511975288391,"1,204",948
159,02-22-2026,0.015748031437397,552,591
159,02-23-2026,0.0,123,138
159,02-24-2026,0.0,107,93
159,02-25-2026,0.0236220490187406,256,190
159,02-26-2026,0.8503938317298889,155,222
159,02-27-2026,0.0511811077594757,453,308
159,02-28-2026,0.0,"1,197",929
159,03-01-2026,0.0,466,505
159,03-02-2026,0.015748031437397,116,117
159,03-03-2026,0.0,107,136
159,03-04-2026,0.0,270,175
159,03-05-2026,0.0,145,106
160,02-04-2026,0.0,254,197
160,02-05-2026,0.0,136,107
160,02-06-2026,0.0,356,222
160,02-07-2026,0.0,941,879
160,02-08-2026,0.0,364,339
160,02-09-2026,0.0,132,64
160,02-10-2026,0.0,124,82
160,02-11-2026,0.0118110245093703,211,122
160,02-12-2026,0.0,156,148
160,02-13-2026,0.0,495,463
160,02-14-2026,0.0,"1,305",1244
160,02-15-2026,0.0078740157186985,564,772
160,02-16-2026,0.0,500,458
160,02-17-2026,0.0,196,148
160,02-18-2026,0.0708661377429962,304,171
160,02-19-2026,0.1141732186079025,252,152
160,02-20-2026,0.2598425149917602,497,327
160,02-21-2026,0.0,"1,282",965
160,02-22-2026,0.0590551197528839,668,193
160,02-23-2026,0.0,158,173
160,02-24-2026,0.0,131,133
160,02-25-2026,0.0,255,202
160,02-26-2026,0.0,180,160
160,02-27-2026,0.0,466,366
160,02-28-2026,0.0,"1,320",951
160,03-01-2026,0.0,601,688
160,03-02-2026,0.0,159,135
160,03-03-2026,0.1338582783937454,135,169
160,03-04-2026,0.1456692814826965,279,209
160,03-05-2026,0.5118110775947571,185,158
161,02-04-2026,0.0,192,107
161,02-05-2026,0.0,95,96
161,02-06-2026,0.0,303,263
161,02-07-2026,0.0,702,660
161,02-08-2026,0.0,207,180
161,02-09-2026,0.0,82,81
161,02-10-2026,0.0,82,55
161,02-11-2026,0.0,157,115
161,02-12-2026,0.0,104,79
161,02-13-2026,0.0,424,333
161,02-14-2026,0.0,979,947
161,02-15-2026,0.0,371,410
161,02-16-2026,0.0984251946210861,254,123
161,02-17-2026,0.0,72,73
161,02-18-2026,0.5236220359802246,162,115
161,02-19-2026,0.0354330725967884,125,132
161,02-20-2026,0.4251969158649444,446,320
161,02-21-2026,0.0,919,788
161,02-22-2026,0.0,404,416
161,02-23-2026,0.0,116,94
161,02-24-2026,0.0,114,65
161,02-25-2026,0.0,233,154
161,02-26-2026,0.0,172,116
161,02-27-2026,0.0,430,368
161,02-28-2026,0.0,"1,024",864
161,03-01-2026,0.0,425,449
161,03-02-2026,0.0,107,128
161,03-03-2026,0.0,93,78
161,03-04-2026,0.0,222,125
161,03-05-2026,0.031496062874794,140,133
162,02-04-2026,0.0,141,53
162,02-05-2026,0.0,72,59
162,02-06-2026,0.0,220,192
162,02-07-2026,0.0,601,543
162,02-08-2026,0.0,146,132
162,02-09-2026,0.0,56,40
162,02-10-2026,0.0,58,33
162,02-11-2026,0.0,101,67
162,02-12-2026,0.0,77,53
162,02-13-2026,0.0,313,301
162,02-14-2026,0.0039370078593492,798,682
162,02-15-2026,0.0,296,265
162,02-16-2026,0.0,251,137
162,02-17-2026,0.0,77,48
162,02-18-2026,0.0511811003088951,137,76
162,02-19-2026,0.0,104,96
162,02-20-2026,0.0,299,187
162,02-21-2026,0.0,752,471
162,02-22-2026,0.0,304,276
162,02-23-2026,0.0,91,45
162,02-24-2026,0.0,78,63
162,02-25-2026,0.0,148,103
162,02-26-2026,0.0,109,110
162,02-27-2026,0.0,312,234
162,02-28-2026,0.0,807,580
162,03-01-2026,0.0,270,338
162,03-02-2026,0.0,68,73
162,03-03-2026,0.0826771631836891,44,62
162,03-04-2026,0.0,146,96
162,03-05-2026,0.0,90,99
163,02-04-2026,0.0,265,163
163,02-05-2026,0.0,145,135
163,02-06-2026,0.0,322,157
163,02-07-2026,0.0,781,506
163,02-08-2026,0.0,430,281
163,02-09-2026,0.0,136,101
163,02-10-2026,0.0,119,81
163,02-11-2026,0.0039370078593492,209,138
163,02-12-2026,0.0,145,86
163,02-13-2026,0.0,426,286
163,02-14-2026,0.0,"1,021",905
163,02-15-2026,0.0,579,699
163,02-16-2026,0.0,645,576
163,02-17-2026,0.0,370,446
163,02-18-2026,0.0551181137561798,581,622
163,02-19-2026,0.031496062874794,567,508
163,02-20-2026,0.3267717063426971,714,541
163,02-21-2026,0.0,"1,151",833
163,02-22-2026,0.0748031511902809,831,149
163,02-23-2026,0.0,225,4
163,02-24-2026,0.0,195,113
163,02-25-2026,0.0,337,154
163,02-26-2026,0.031496062874794,201,159
163,02-27-2026,0.0,458,413
163,02-28-2026,0.0,"1,103",1016
163,03-01-2026,0.0039370078593492,665,586
163,03-02-2026,0.0,166,140
163,03-03-2026,0.1456692963838577,151,170
163,03-04-2026,0.2322834581136703,318,359
163,03-05-2026,0.5236220359802246,157,190
164,02-04-2026,0.0,210,120
164,02-05-2026,0.0,116,92
164,02-06-2026,0.0,236,178
164,02-07-2026,0.0,496,424
164,02-08-2026,0.0,239,192
164,02-09-2026,0.0,99,156
164,02-10-2026,0.0118110245093703,92,52
164,02-11-2026,0.0944881737232208,155,83
164,02-12-2026,0.0,117,92
164,02-13-2026,0.0,323,222
164,02-14-2026,0.0,693,564
164,02-15-2026,0.0,393,406
164,02-16-2026,0.4724409580230713,354,241
164,02-17-2026,0.1062992066144943,130,86
164,02-18-2026,1.0669292211532593,172,110
164,02-19-2026,0.5314960479736328,122,98
164,02-20-2026,0.2086614221334457,346,222
164,02-21-2026,0.0,612,474
164,02-22-2026,0.0,382,333
164,02-23-2026,0.0,123,87
164,02-24-2026,0.0,105,93
164,02-25-2026,0.0,195,134
164,02-26-2026,0.0039370078593492,139,125
164,02-27-2026,0.0,302,219
164,02-28-2026,0.0,678,424
164,03-01-2026,0.0,387,360
164,03-02-2026,0.0039370078593492,110,71
164,03-03-2026,0.0,96,84
164,03-04-2026,0.0,209,124
164,03-05-2026,0.0,126,85
165,02-04-2026,0.0,245,128
165,02-05-2026,0.1732283532619476,113,128
165,02-06-2026,0.0,295,263
165,02-07-2026,0.0,718,709
165,02-08-2026,0.0,267,272
165,02-09-2026,0.0,96,89
165,02-10-2026,0.0,92,86
165,02-11-2026,0.0,210,145
165,02-12-2026,0.0078740157186985,120,123
165,02-13-2026,0.0,402,289
165,02-14-2026,0.0,985,867
165,02-15-2026,0.0944881811738014,455,462
165,02-16-2026,0.0354330763220787,319,283
165,02-17-2026,0.0,107,117
165,02-18-2026,0.0078740157186985,231,92
165,02-19-2026,0.0039370078593492,134,192
165,02-20-2026,0.0,350,290
165,02-21-2026,0.0,876,722
165,02-22-2026,0.0433070883154869,448,455
165,02-23-2026,0.0,123,123
165,02-24-2026,0.0,108,123
165,02-25-2026,0.0,255,177
165,02-26-2026,0.0,142,159
165,02-27-2026,0.4212598502635956,432,302
165,02-28-2026,0.0078740157186985,974,854
165,03-01-2026,0.0,373,381
165,03-02-2026,0.0,99,92
165,03-03-2026,0.0,87,84
165,03-04-2026,0.0,250,177
165,03-05-2026,0.0,123,122
166,02-04-2026,0.0,232,126
166,02-05-2026,0.0,139,100
166,02-06-2026,0.0,321,290
166,02-07-2026,0.0,700,600
166,02-08-2026,0.0,343,285
166,02-09-2026,0.0,117,85
166,02-10-2026,0.0,106,92
166,02-11-2026,0.0039370078593492,189,142
166,02-12-2026,0.0,142,196
166,02-13-2026,0.0,413,366
166,02-14-2026,0.0,914,800
166,02-15-2026,0.0,471,532
166,02-16-2026,0.0,501,319
166,02-17-2026,0.0,283,297
166,02-18-2026,0.0551181137561798,457,418
166,02-19-2026,0.031496062874794,404,403
166,02-20-2026,0.3267717063426971,585,503
166,02-21-2026,0.0,927,844
166,02-22-2026,0.0748031511902809,614,206
166,02-23-2026,0.0,199,
166,02-24-2026,0.0,163,157
166,02-25-2026,0.0,277,139
166,02-26-2026,0.031496062874794,190,170
166,02-27-2026,0.0,438,322
166,02-28-2026,0.0,945,835
166,03-01-2026,0.0039370078593492,497,498
166,03-02-2026,0.0,120,141
166,03-03-2026,0.1456692963838577,106,76
166,03-04-2026,0.2322834581136703,246,198
166,03-05-2026,0.5236220359802246,123,163
167,02-04-2026,0.6338582634925842,368,221
167,02-05-2026,0.0196850392967462,196,166
167,02-06-2026,0.0118110245093703,449,308
167,02-07-2026,0.0393700785934925,860,595
167,02-08-2026,0.3149605989456177,489,559
167,02-09-2026,0.1062992066144943,199,145
167,02-10-2026,0.0354330725967884,148,108
167,02-11-2026,0.0078740157186985,317,157
167,02-12-2026,0.2086614221334457,184,142
167,02-13-2026,0.0472440980374813,525,378
167,02-14-2026,0.2952755987644195,"1,122",873
167,02-15-2026,0.4685039222240448,737,874
167,02-16-2026,0.0669291391968727,545,393
167,02-17-2026,0.0,168,111
167,02-18-2026,0.0039370078593492,374,161
167,02-19-2026,0.0,218,145
167,02-20-2026,0.0,468,294
167,02-21-2026,0.0039370078593492,"1,094",731
167,02-22-2026,0.0039370078593492,828,618
167,02-23-2026,0.0,200,140
167,02-24-2026,0.0236220490187406,180,122
167,02-25-2026,0.0078740157186985,411,218
167,02-26-2026,0.0236220490187406,242,199
167,02-27-2026,0.0669291391968727,540,367
167,02-28-2026,0.0039370078593492,"1,211",822
167,03-01-2026,0.0039370078593492,820,749
167,03-02-2026,0.0354330725967884,191,242
167,03-03-2026,0.0,209,137
167,03-04-2026,0.1220472604036331,434,174
167,03-05-2026,0.0866141766309738,239,143
168,02-04-2026,0.4370078444480896,220,145
168,02-05-2026,0.3937008678913116,103,104
168,02-06-2026,0.0,296,253
168,02-07-2026,0.0,790,786
168,02-08-2026,0.0,257,303
168,02-09-2026,0.0,94,80
168,02-10-2026,0.0,92,53
168,02-11-2026,0.1614173203706741,171,118
168,02-12-2026,0.0,122,167
168,02-13-2026,0.0,404,367
168,02-14-2026,0.0,"1,107",964
168,02-15-2026,0.7480315566062927,451,540
168,02-16-2026,0.0196850392967462,340,306
168,02-17-2026,0.0,124,77
168,02-18-2026,0.0039370078593492,215,138
168,02-19-2026,0.0039370078593492,151,116
168,02-20-2026,0.0708661377429962,392,343
168,02-21-2026,0.6062992215156555,"1,083",926
168,02-22-2026,0.0078740157186985,472,421
168,02-23-2026,0.0,116,82
168,02-24-2026,0.0,99,115
168,02-25-2026,0.0,209,128
168,02-26-2026,0.2637795209884643,161,142
168,02-27-2026,1.1417323350906372,426,347
168,02-28-2026,0.0078740157186985,"1,111",941
168,03-01-2026,0.0,418,479
168,03-02-2026,0.0,112,72
168,03-03-2026,0.0,101,96
168,03-04-2026,0.0,221,182
168,03-05-2026,0.0039370078593492,130,134
169,02-04-2026,0.1141732335090637,258,108
169,02-05-2026,0.0236220490187406,96,105
169,02-06-2026,0.0039370078593492,311,303
169,02-07-2026,0.0,931,896
169,02-08-2026,0.0,305,233
169,02-09-2026,0.0,104,78
169,02-10-2026,0.0,99,68
169,02-11-2026,0.0078740157186985,205,145
169,02-12-2026,0.0,115,114
169,02-13-2026,0.0,457,368
169,02-14-2026,0.0,"1,316",1164
169,02-15-2026,0.6968504190444946,548,682
169,02-16-2026,0.3031496107578277,430,214
169,02-17-2026,0.0,104,134
169,02-18-2026,0.0,243,126
169,02-19-2026,0.0629921332001686,134,125
169,02-20-2026,0.1771653592586517,470,326
169,02-21-2026,0.110236220061779,"1,280",948
169,02-22-2026,0.3503937423229217,624,495
169,02-23-2026,0.0,121,92
169,02-24-2026,0.0,108,123
169,02-25-2026,0.0,251,193
169,02-26-2026,1.0196850299835205,140,149
169,02-27-2026,0.0984251946210861,453,435
169,02-28-2026,0.0,"1,240",937
169,03-01-2026,0.0,478,460
169,03-02-2026,0.015748031437397,127,103
169,03-03-2026,0.015748031437397,104,227
169,03-04-2026,0.0,274,138
169,03-05-2026,0.0,133,180
170,02-04-2026,0.0,158,63
170,02-05-2026,0.0,80,60
170,02-06-2026,0.0,261,189
170,02-07-2026,0.0,643,469
170,02-08-2026,0.015748031437397,189,163
170,02-09-2026,0.0,84,63
170,02-10-2026,0.0,77,52
170,02-11-2026,0.0,127,119
170,02-12-2026,0.0,98,133
170,02-13-2026,0.0,374,295
170,02-14-2026,0.6889764070510864,"1,084",889
170,02-15-2026,0.0,377,388
170,02-16-2026,0.0,294,184
170,02-17-2026,0.0,90,57
170,02-18-2026,0.0,145,82
170,02-19-2026,0.0,116,88
170,02-20-2026,0.0,335,263
170,02-21-2026,0.0,827,755
170,02-22-2026,0.0,361,422
170,02-23-2026,0.0,114,84
170,02-24-2026,0.0,95,77
170,02-25-2026,0.0,182,133
170,02-26-2026,0.0,132,124
170,02-27-2026,0.0,355,238
170,02-28-2026,0.0,914,790
170,03-01-2026,0.0,336,342
170,03-02-2026,0.0,90,94
170,03-03-2026,0.0,76,65
170,03-04-2026,0.0,166,117
170,03-05-2026,0.0118110245093703,113,82
177,02-04-2026,0.0,174,74
177,02-05-2026,0.0,84,57
177,02-06-2026,0.0,295,212
177,02-07-2026,0.0,778,693
177,02-08-2026,0.0,213,172
177,02-09-2026,0.0,75,49
177,02-10-2026,0.0,73,65
177,02-11-2026,0.0,143,105
177,02-12-2026,0.0,96,54
177,02-13-2026,0.0,417,314
177,02-14-2026,0.0,"1,055",901
177,02-15-2026,0.0,384,325
177,02-16-2026,0.0,358,134
177,02-17-2026,0.0,105,36
177,02-18-2026,0.0,193,68
177,02-19-2026,0.0,152,161
177,02-20-2026,0.0,423,321
177,02-21-2026,0.0,996,829
177,02-22-2026,0.0,410,304
177,02-23-2026,0.0,104,71
177,02-24-2026,0.0,82,65
177,02-25-2026,0.0,198,140
177,02-26-2026,0.0,129,166
177,02-27-2026,0.0,403,344
177,02-28-2026,0.0,"1,043",806
177,03-01-2026,0.0,378,428
177,03-02-2026,0.0,91,57
177,03-03-2026,0.1889763474464416,75,62
177,03-04-2026,0.0039370078593492,190,86
177,03-05-2026,0.0039370078593492,110,104
179,02-04-2026,0.0,148,75
179,02-05-2026,0.0,59,28
179,02-06-2026,0.0039370078593492,172,149
179,02-07-2026,0.0,348,256
179,02-08-2026,0.0,93,115
179,02-09-2026,0.0,47,41
179,02-10-2026,0.0,44,44
179,02-11-2026,0.0,104,69
179,02-12-2026,0.0,58,42
179,02-13-2026,0.015748031437397,258,181
179,02-14-2026,0.0,511,341
179,02-15-2026,0.0,208,244
179,02-16-2026,0.0,217,217
179,02-17-2026,0.2244094312191009,49,19
179,02-18-2026,0.0039370078593492,112,84
179,02-19-2026,0.0,67,71
179,02-20-2026,0.0354330725967884,236,165
179,02-21-2026,0.0,433,285
179,02-22-2026,0.0,202,142
179,02-23-2026,0.0,66,51
179,02-24-2026,0.0,55,55
179,02-25-2026,0.0,142,82
179,02-26-2026,0.0,80,55
179,02-27-2026,0.0,230,159
179,02-28-2026,0.0,504,254
179,03-01-2026,0.0,185,251
179,03-02-2026,0.0,58,49
179,03-03-2026,0.0,50,41
179,03-04-2026,0.0,158,63
179,03-05-2026,0.0,76,79
189,02-04-2026,0.0826771706342697,273,283
189,02-05-2026,0.1929133683443069,134,236
189,02-06-2026,0.0,357,424
189,02-07-2026,0.0,824,1226
189,02-08-2026,0.0,322,432
189,02-09-2026,0.0,120,473
189,02-10-2026,0.0,107,202
189,02-11-2026,0.1377952843904495,227,251
189,02-12-2026,0.0433070883154869,124,242
189,02-13-2026,0.0,485,677
189,02-14-2026,0.0,"1,125",1193
189,02-15-2026,0.5511811375617981,576,1078
189,02-16-2026,0.1141732335090637,417,726
189,02-17-2026,0.0,157,219
189,02-18-2026,0.0039370078593492,326,280
189,02-19-2026,0.0275590568780899,241,240
189,02-20-2026,0.0,524,369
189,02-21-2026,0.0354330725967884,"1,169",1275
189,02-22-2026,0.3779527842998504,712,817
189,02-23-2026,0.0,172,204
189,02-24-2026,0.0,146,182
189,02-25-2026,0.0,304,330
189,02-26-2026,0.0,187,199
189,02-27-2026,1.0511809587478638,553,481
189,02-28-2026,0.0393700785934925,"1,171",907
189,03-01-2026,0.0,462,675
189,03-02-2026,0.015748031437397,138,209
189,03-03-2026,0.0039370078593492,115,136
189,03-04-2026,0.0078740157186985,262,275
189,03-05-2026,0.062992125749588,135,170
