Loc Number,Date,Precipitation
4,2026-01-30,0.0
4,2026-01-31,0.0
4,2026-02-01,0.0
4,2026-02-02,0.0
4,2026-02-03,0.0
4,2026-02-04,0.19291336834430695
4,2026-02-05,0.0
4,2026-02-06,0.0
4,2026-02-07,0.0
4,2026-02-08,0.0
4,2026-02-09,0.0
4,2026-02-10,0.0
4,2026-02-11,0.13779528439044952
4,2026-02-12,0.0
4,2026-02-13,0.0
4,2026-02-14,0.0
4,2026-02-15,0.6929134130477905
4,2026-02-16,0.011811024509370327
4,2026-02-17,0.0
4,2026-02-18,0.007874015718698502
4,2026-02-19,0.05118110775947571
4,2026-02-20,0.09448819607496262
4,2026-02-21,0.4724409580230713
4,2026-02-22,0.003937007859349251
4,2026-02-23,0.0
4,2026-02-24,0.0
4,2026-02-25,0.003937007859349251
4,2026-02-26,0.881889820098877
4,2026-02-27,1.1850396394729614
4,2026-02-28,0.0
5,2026-01-30,0.0
5,2026-01-31,0.0
5,2026-02-01,0.0
5,2026-02-02,0.0
5,2026-02-03,0.0
5,2026-02-04,0.0
5,2026-02-05,0.0
5,2026-02-06,0.0
5,2026-02-07,0.0
5,2026-02-08,0.0
5,2026-02-09,0.0
5,2026-02-10,0.0
5,2026-02-11,0.023622049018740654
5,2026-02-12,0.0
5,2026-02-13,0.0
5,2026-02-14,0.0
5,2026-02-15,0.035433072596788406
5,2026-02-16,0.06692913174629211
5,2026-02-17,0.0
5,2026-02-18,0.015748031437397003
5,2026-02-19,0.06692913919687271
5,2026-02-20,0.6220472455024719
5,2026-02-21,0.0
5,2026-02-22,0.13779528439044952
5,2026-02-23,0.0
5,2026-02-24,0.0
5,2026-02-25,0.0
5,2026-02-26,0.003937007859349251
5,2026-02-27,0.0
5,2026-02-28,0.0
8,2026-01-30,0.05905511975288391
8,2026-01-31,0.04724409803748131
8,2026-02-01,0.0
8,2026-02-02,0.0
8,2026-02-03,0.0
8,2026-02-04,0.0
8,2026-02-05,0.09448819607496262
8,2026-02-06,0.0
8,2026-02-07,0.0
8,2026-02-08,0.0
8,2026-02-09,0.0
8,2026-02-10,0.0
8,2026-02-11,0.007874015718698502
8,2026-02-12,0.0
8,2026-02-13,0.05118110775947571
8,2026-02-14,0.011811024509370327
8,2026-02-15,0.031496066600084305
8,2026-02-16,0.08661416918039322
8,2026-02-17,0.019685039296746254
8,2026-02-18,0.023622049018740654
8,2026-02-19,0.015748031437397003
8,2026-02-20,0.0
8,2026-02-21,0.007874015718698502
8,2026-02-22,0.0
8,2026-02-23,0.023622049018740654
8,2026-02-24,0.0
8,2026-02-25,0.0
8,2026-02-26,0.015748031437397003
8,2026-02-27,0.007874015718698502
8,2026-02-28,0.4291338622570038
10,2026-01-30,0.0
10,2026-01-31,0.0
10,2026-02-01,0.0
10,2026-02-02,0.0
10,2026-02-03,0.0
10,2026-02-04,0.0
10,2026-02-05,0.0
10,2026-02-06,0.007874015718698502
10,2026-02-07,0.0
10,2026-02-08,0.0
10,2026-02-09,0.0
10,2026-02-10,0.0
10,2026-02-11,1.2716535329818726
10,2026-02-12,0.003937007859349251
10,2026-02-13,0.0
10,2026-02-14,0.0
10,2026-02-15,0.0
10,2026-02-16,0.8937008380889893
10,2026-02-17,0.6377953886985779
10,2026-02-18,0.5590551495552063
10,2026-02-19,0.4291338622570038
10,2026-02-20,0.031496062874794006
10,2026-02-21,0.0
10,2026-02-22,0.0
10,2026-02-23,0.0
10,2026-02-24,0.0
10,2026-02-25,0.0
10,2026-02-26,0.0
10,2026-02-27,0.0
10,2026-02-28,0.0
11,2026-01-30,0.0
11,2026-01-31,0.0
11,2026-02-01,0.0
11,2026-02-02,0.0
11,2026-02-03,0.0
11,2026-02-04,0.0
11,2026-02-05,0.0
11,2026-02-06,0.0
11,2026-02-07,0.0
11,2026-02-08,0.0
11,2026-02-09,0.0
11,2026-02-10,0.0
11,2026-02-11,0.0
11,2026-02-12,0.0
11,2026-02-13,0.0
11,2026-02-14,0.0
11,2026-02-15,0.5275591015815735
11,2026-02-16,0.0
11,2026-02-17,0.0
11,2026-02-18,0.03937007859349251
11,2026-02-19,0.035433072596788406
11,2026-02-20,0.07480315119028091
11,2026-02-21,0.0
11,2026-02-22,0.003937007859349251
11,2026-02-23,0.0
11,2026-02-24,0.0
11,2026-02-25,0.019685039296746254
11,2026-02-26,0.0
11,2026-02-27,0.0
11,2026-02-28,0.0
12,2026-01-30,0.0
12,2026-01-31,0.0
12,2026-02-01,0.0
12,2026-02-02,0.0
12,2026-02-03,0.0
12,2026-02-04,0.007874016650021076
12,2026-02-05,0.0
12,2026-02-06,0.0
12,2026-02-07,0.0
12,2026-02-08,0.0
12,2026-02-09,0.0
12,2026-02-10,0.0
12,2026-02-11,0.0
12,2026-02-12,0.0
12,2026-02-13,0.007874015718698502
12,2026-02-14,0.027559056878089905
12,2026-02-15,0.0
12,2026-02-16,0.0
12,2026-02-17,0.023622049018740654
12,2026-02-18,0.0
12,2026-02-19,0.0
12,2026-02-20,0.0
12,2026-02-21,0.0
12,2026-02-22,0.0
12,2026-02-23,0.0
12,2026-02-24,0.0
12,2026-02-25,0.003937007859349251
12,2026-02-26,0.0
12,2026-02-27,0.0
12,2026-02-28,0.0
13,2026-01-30,0.0
13,2026-01-31,0.0
13,2026-02-01,0.0
13,2026-02-02,0.0
13,2026-02-03,0.0
13,2026-02-04,0.0
13,2026-02-05,0.0
13,2026-02-06,0.0
13,2026-02-07,0.0
13,2026-02-08,0.0
13,2026-02-09,0.0
13,2026-02-10,0.0
13,2026-02-11,0.0
13,2026-02-12,0.0
13,2026-02-13,0.0
13,2026-02-14,0.0
13,2026-02-15,0.0
13,2026-02-16,0.0
13,2026-02-17,0.07874015718698502
13,2026-02-18,0.03149605914950371
13,2026-02-19,0.0
13,2026-02-20,0.19685037434101105
13,2026-02-21,0.007874013856053352
13,2026-02-22,0.0
13,2026-02-23,0.0
13,2026-02-24,0.0
13,2026-02-25,0.00787402130663395
13,2026-02-26,0.003937006462365389
13,2026-02-27,0.0
13,2026-02-28,0.019685039296746254
14,2026-01-30,0.0
14,2026-01-31,0.0
14,2026-02-01,0.0
14,2026-02-02,0.0
14,2026-02-03,0.0
14,2026-02-04,0.0
14,2026-02-05,0.0
14,2026-02-06,0.0
14,2026-02-07,0.0
14,2026-02-08,0.0
14,2026-02-09,0.0
14,2026-02-10,0.0
14,2026-02-11,0.6929134726524353
14,2026-02-12,0.003937007859349251
14,2026-02-13,0.0
14,2026-02-14,0.0
14,2026-02-15,0.0
14,2026-02-16,0.8464566469192505
14,2026-02-17,0.7716535925865173
14,2026-02-18,0.4370079040527344
14,2026-02-19,0.28740155696868896
14,2026-02-20,0.007874015718698502
14,2026-02-21,0.0
14,2026-02-22,0.0
14,2026-02-23,0.0
14,2026-02-24,0.0
14,2026-02-25,0.0
14,2026-02-26,0.0
14,2026-02-27,0.0
14,2026-02-28,0.0
15,2026-01-30,0.0
15,2026-01-31,0.0
15,2026-02-01,0.0
15,2026-02-02,0.0
15,2026-02-03,0.0
15,2026-02-04,0.0
15,2026-02-05,0.0
15,2026-02-06,0.0
15,2026-02-07,0.0
15,2026-02-08,0.0
15,2026-02-09,0.0
15,2026-02-10,0.0
15,2026-02-11,0.14566929638385773
15,2026-02-12,0.0
15,2026-02-13,0.0
15,2026-02-14,0.0
15,2026-02-15,0.0
15,2026-02-16,0.0
15,2026-02-17,0.0
15,2026-02-18,0.09055119007825851
15,2026-02-19,0.06299212574958801
15,2026-02-20,0.29527556896209717
15,2026-02-21,0.007874015718698502
15,2026-02-22,0.035433076322078705
15,2026-02-23,0.0
15,2026-02-24,0.0
15,2026-02-25,0.0
15,2026-02-26,0.027559055015444756
15,2026-02-27,0.0
15,2026-02-28,0.0
16,2026-01-30,0.0
16,2026-01-31,0.0
16,2026-02-01,0.0
16,2026-02-02,0.0
16,2026-02-03,0.0
16,2026-02-04,0.0
16,2026-02-05,0.0
16,2026-02-06,0.0
16,2026-02-07,0.0
16,2026-02-08,0.0
16,2026-02-09,0.0
16,2026-02-10,0.0
16,2026-02-11,0.7244094610214233
16,2026-02-12,0.0
16,2026-02-13,0.0
16,2026-02-14,0.0
16,2026-02-15,0.0
16,2026-02-16,0.8779526352882385
16,2026-02-17,0.35039377212524414
16,2026-02-18,0.5708661675453186
16,2026-02-19,0.24803148210048676
16,2026-02-20,0.003937007859349251
16,2026-02-21,0.0
16,2026-02-22,0.0
16,2026-02-23,0.0
16,2026-02-24,0.0
16,2026-02-25,0.0
16,2026-02-26,0.0
16,2026-02-27,0.0
16,2026-02-28,0.0
17,2026-01-30,0.0
17,2026-01-31,0.0
17,2026-02-01,0.0
17,2026-02-02,0.0
17,2026-02-03,0.0
17,2026-02-04,0.0
17,2026-02-05,0.0
17,2026-02-06,0.0
17,2026-02-07,0.0
17,2026-02-08,0.0
17,2026-02-09,0.0
17,2026-02-10,0.0
17,2026-02-11,0.0
17,2026-02-12,0.0
17,2026-02-13,0.0
17,2026-02-14,0.0
17,2026-02-15,0.4133858382701874
17,2026-02-16,0.0
17,2026-02-17,0.0
17,2026-02-18,0.019685039296746254
17,2026-02-19,0.023622049018740654
17,2026-02-20,0.8543307781219482
17,2026-02-21,0.0
17,2026-02-22,0.0
17,2026-02-23,0.0
17,2026-02-24,0.0
17,2026-02-25,0.023622049018740654
17,2026-02-26,0.0
17,2026-02-27,0.0
17,2026-02-28,0.0
18,2026-01-30,0.0
18,2026-01-31,0.0
18,2026-02-01,0.0
18,2026-02-02,0.0
18,2026-02-03,0.0
18,2026-02-04,0.0
18,2026-02-05,0.0
18,2026-02-06,0.0
18,2026-02-07,0.0
18,2026-02-08,0.0
18,2026-02-09,0.0
18,2026-02-10,0.0
18,2026-02-11,0.019685039296746254
18,2026-02-12,0.0
18,2026-02-13,0.015748031437397003
18,2026-02-14,1.2244094610214233
18,2026-02-15,0.0
18,2026-02-16,0.0
18,2026-02-17,0.0
18,2026-02-18,0.003937007859349251
18,2026-02-19,0.003937007859349251
18,2026-02-20,0.003937007859349251
18,2026-02-21,0.0
18,2026-02-22,0.0
18,2026-02-23,0.0
18,2026-02-24,0.0
18,2026-02-25,0.0
18,2026-02-26,0.0
18,2026-02-27,0.0
18,2026-02-28,0.0
20,2026-01-30,0.0
20,2026-01-31,0.0
20,2026-02-01,0.0
20,2026-02-02,0.0
20,2026-02-03,0.0
20,2026-02-04,0.0
20,2026-02-05,0.0
20,2026-02-06,0.0
20,2026-02-07,0.0
20,2026-02-08,0.0
20,2026-02-09,0.0
20,2026-02-10,0.0
20,2026-02-11,0.0
20,2026-02-12,0.0
20,2026-02-13,0.0
20,2026-02-14,0.5433071255683899
20,2026-02-15,0.5590551495552063
20,2026-02-16,0.0
20,2026-02-17,0.0
20,2026-02-18,0.0
20,2026-02-19,0.7952756285667419
20,2026-02-20,0.0
20,2026-02-21,0.0
20,2026-02-22,0.0
20,2026-02-23,0.0
20,2026-02-24,0.0
20,2026-02-25,0.0
20,2026-02-26,0.003937007859349251
20,2026-02-27,0.0
20,2026-02-28,0.007874015718698502
21,2026-01-30,0.0
21,2026-01-31,0.0
21,2026-02-01,0.0
21,2026-02-02,0.0
21,2026-02-03,0.0
21,2026-02-04,0.0
21,2026-02-05,0.0
21,2026-02-06,0.0
21,2026-02-07,0.0
21,2026-02-08,0.0
21,2026-02-09,0.0
21,2026-02-10,0.019685039296746254
21,2026-02-11,0.12598425149917603
21,2026-02-12,0.0
21,2026-02-13,0.007874015718698502
21,2026-02-14,1.0984251499176025
21,2026-02-15,0.003937007859349251
21,2026-02-16,0.0
21,2026-02-17,0.003937007859349251
21,2026-02-18,0.0
21,2026-02-19,0.019685039296746254
21,2026-02-20,0.007874015718698502
21,2026-02-21,0.0
21,2026-02-22,0.0
21,2026-02-23,0.0
21,2026-02-24,0.0
21,2026-02-25,0.0
21,2026-02-26,0.0
21,2026-02-27,0.0
21,2026-02-28,0.0
22,2026-01-30,0.003937007859349251
22,2026-01-31,0.003937007859349251
22,2026-02-01,0.0
22,2026-02-02,0.0
22,2026-02-03,0.0
22,2026-02-04,0.0
22,2026-02-05,0.42125988006591797
22,2026-02-06,0.0
22,2026-02-07,0.0
22,2026-02-08,0.0
22,2026-02-09,0.0
22,2026-02-10,0.023622049018740654
22,2026-02-11,0.023622049018740654
22,2026-02-12,0.0
22,2026-02-13,0.0
22,2026-02-14,0.0
22,2026-02-15,0.26771655678749084
22,2026-02-16,0.027559056878089905
22,2026-02-17,0.0
22,2026-02-18,0.0
22,2026-02-19,0.0
22,2026-02-20,0.0
22,2026-02-21,0.0
22,2026-02-22,0.08661417663097382
22,2026-02-23,0.0
22,2026-02-24,0.0
22,2026-02-25,0.0
22,2026-02-26,0.0
22,2026-02-27,0.08661417663097382
22,2026-02-28,0.0
23,2026-01-30,0.0
23,2026-01-31,0.0
23,2026-02-01,0.0
23,2026-02-02,0.0
23,2026-02-03,0.0
23,2026-02-04,0.0
23,2026-02-05,0.0
23,2026-02-06,0.0
23,2026-02-07,0.0
23,2026-02-08,0.0
23,2026-02-09,0.0
23,2026-02-10,0.0
23,2026-02-11,0.007874016650021076
23,2026-02-12,0.0
23,2026-02-13,0.0
23,2026-02-14,0.0
23,2026-02-15,0.0
23,2026-02-16,0.0
23,2026-02-17,0.0
23,2026-02-18,0.15354330837726593
23,2026-02-19,0.027559056878089905
23,2026-02-20,0.07086615264415741
23,2026-02-21,0.07086613774299622
23,2026-02-22,0.0
23,2026-02-23,0.003937007859349251
23,2026-02-24,0.0
23,2026-02-25,0.007874016650021076
23,2026-02-26,0.0
23,2026-02-27,0.0
23,2026-02-28,0.0
24,2026-01-30,0.0
24,2026-01-31,0.0
24,2026-02-01,0.0
24,2026-02-02,0.0
24,2026-02-03,0.0
24,2026-02-04,0.0
24,2026-02-05,0.0
24,2026-02-06,0.0
24,2026-02-07,0.0
24,2026-02-08,0.0
24,2026-02-09,0.003937007859349251
24,2026-02-10,0.09448819607496262
24,2026-02-11,0.27952754497528076
24,2026-02-12,0.08267716318368912
24,2026-02-13,0.0
24,2026-02-14,0.0
24,2026-02-15,0.08267716318368912
24,2026-02-16,2.354330539703369
24,2026-02-17,0.9370078444480896
24,2026-02-18,0.476377934217453
24,2026-02-19,0.6968504190444946
24,2026-02-20,0.003937007859349251
24,2026-02-21,0.0
24,2026-02-22,0.0
24,2026-02-23,0.0
24,2026-02-24,0.03937007859349251
24,2026-02-25,0.011811024509370327
24,2026-02-26,0.019685039296746254
24,2026-02-27,0.0
24,2026-02-28,0.0
25,2026-01-30,0.0
25,2026-01-31,0.0
25,2026-02-01,0.0
25,2026-02-02,0.0
25,2026-02-03,0.0
25,2026-02-04,0.0
25,2026-02-05,0.0
25,2026-02-06,0.0
25,2026-02-07,0.0
25,2026-02-08,0.0
25,2026-02-09,0.0
25,2026-02-10,0.0
25,2026-02-11,0.0
25,2026-02-12,0.0
25,2026-02-13,0.003937007859349251
25,2026-02-14,0.05511811375617981
25,2026-02-15,0.0
25,2026-02-16,0.0
25,2026-02-17,0.023622049018740654
25,2026-02-18,0.003937007859349251
25,2026-02-19,0.003937007859349251
25,2026-02-20,0.0
25,2026-02-21,0.0
25,2026-02-22,0.0
25,2026-02-23,0.0
25,2026-02-24,0.0
25,2026-02-25,0.015748031437397003
25,2026-02-26,0.0
25,2026-02-27,0.0
25,2026-02-28,0.0
26,2026-01-30,0.0
26,2026-01-31,0.0
26,2026-02-01,0.0
26,2026-02-02,0.0
26,2026-02-03,0.0
26,2026-02-04,0.0
26,2026-02-05,0.0
26,2026-02-06,0.003937007859349251
26,2026-02-07,0.0
26,2026-02-08,0.0
26,2026-02-09,0.0
26,2026-02-10,0.0
26,2026-02-11,0.007874015718698502
26,2026-02-12,0.0
26,2026-02-13,0.0
26,2026-02-14,0.0
26,2026-02-15,0.10629920661449432
26,2026-02-16,0.0
26,2026-02-17,0.0
26,2026-02-18,0.11811023950576782
26,2026-02-19,0.19291339814662933
26,2026-02-20,0.27559053897857666
26,2026-02-21,0.0
26,2026-02-22,0.0
26,2026-02-23,0.0
26,2026-02-24,0.0
26,2026-02-25,0.015748031437397003
26,2026-02-26,0.0
26,2026-02-27,0.0
26,2026-02-28,0.0
27,2026-01-30,0.0
27,2026-01-31,0.0
27,2026-02-01,0.0
27,2026-02-02,0.0
27,2026-02-03,0.0
27,2026-02-04,0.0
27,2026-02-05,0.0
27,2026-02-06,0.0
27,2026-02-07,0.0
27,2026-02-08,0.0
27,2026-02-09,0.0
27,2026-02-10,0.0
27,2026-02-11,0.18897639214992523
27,2026-02-12,0.0
27,2026-02-13,0.0
27,2026-02-14,0.0
27,2026-02-15,0.0
27,2026-02-16,0.748031497001648
27,2026-02-17,0.6574803590774536
27,2026-02-18,0.28740161657333374
27,2026-02-19,0.05511811003088951
27,2026-02-20,0.28740155696868896
27,2026-02-21,0.0
27,2026-02-22,0.0
27,2026-02-23,0.0
27,2026-02-24,0.0
27,2026-02-25,0.0
27,2026-02-26,0.0
27,2026-02-27,0.0
27,2026-02-28,0.0
28,2026-01-30,0.07874015718698502
28,2026-01-31,0.04330708831548691
28,2026-02-01,0.0
28,2026-02-02,0.0
28,2026-02-03,0.0
28,2026-02-04,0.0
28,2026-02-05,0.07086614519357681
28,2026-02-06,0.0
28,2026-02-07,0.0
28,2026-02-08,0.0
28,2026-02-09,0.0
28,2026-02-10,0.0
28,2026-02-11,0.05511811003088951
28,2026-02-12,0.0
28,2026-02-13,0.04330708831548691
28,2026-02-14,0.011811024509370327
28,2026-02-15,0.12992127239704132
28,2026-02-16,0.03937007859349251
28,2026-02-17,0.023622049018740654
28,2026-02-18,0.031496066600084305
28,2026-02-19,0.007874015718698502
28,2026-02-20,0.0
28,2026-02-21,0.0
28,2026-02-22,0.0
28,2026-02-23,0.007874015718698502
28,2026-02-24,0.0
28,2026-02-25,0.0
28,2026-02-26,0.015748031437397003
28,2026-02-27,0.035433072596788406
28,2026-02-28,0.09448818117380142
29,2026-01-30,0.0
29,2026-01-31,0.0
29,2026-02-01,0.0
29,2026-02-02,0.0
29,2026-02-03,0.003937007859349251
29,2026-02-04,0.0
29,2026-02-05,0.0
29,2026-02-06,0.0
29,2026-02-07,0.0
29,2026-02-08,0.0
29,2026-02-09,0.0
29,2026-02-10,0.0
29,2026-02-11,0.031496066600084305
29,2026-02-12,0.0
29,2026-02-13,0.0
29,2026-02-14,0.7834645509719849
29,2026-02-15,0.11417322605848312
29,2026-02-16,0.0
29,2026-02-17,0.0
29,2026-02-18,0.0
29,2026-02-19,0.0
29,2026-02-20,0.0
29,2026-02-21,0.0
29,2026-02-22,0.0
29,2026-02-23,0.0
29,2026-02-24,0.0
29,2026-02-25,0.0
29,2026-02-26,0.0
29,2026-02-27,0.0
29,2026-02-28,0.011811024509370327
31,2026-01-30,0.0
31,2026-01-31,0.003937007859349251
31,2026-02-01,0.0
31,2026-02-02,0.0
31,2026-02-03,0.015748031437397003
31,2026-02-04,0.0
31,2026-02-05,0.0
31,2026-02-06,0.011811024509370327
31,2026-02-07,0.0
31,2026-02-08,0.0
31,2026-02-09,0.0
31,2026-02-10,0.0
31,2026-02-11,0.011811024509370327
31,2026-02-12,0.0
31,2026-02-13,0.0
31,2026-02-14,0.0
31,2026-02-15,0.0
31,2026-02-16,0.0
31,2026-02-17,0.0
31,2026-02-18,0.20472443103790283
31,2026-02-19,0.03543306887149811
31,2026-02-20,0.12992125749588013
31,2026-02-21,0.0
31,2026-02-22,0.0
31,2026-02-23,0.003937007859349251
31,2026-02-24,0.0
31,2026-02-25,0.0
31,2026-02-26,0.0
31,2026-02-27,0.0
31,2026-02-28,0.0
32,2026-01-30,0.0
32,2026-01-31,0.0
32,2026-02-01,0.0
32,2026-02-02,0.0
32,2026-02-03,0.0
32,2026-02-04,0.0
32,2026-02-05,0.0
32,2026-02-06,0.0
32,2026-02-07,0.0
32,2026-02-08,0.0
32,2026-02-09,0.0
32,2026-02-10,0.0
32,2026-02-11,0.07086613029241562
32,2026-02-12,0.0
32,2026-02-13,0.0
32,2026-02-14,0.0
32,2026-02-15,0.0
32,2026-02-16,0.0
32,2026-02-17,0.0
32,2026-02-18,0.07874015718698502
32,2026-02-19,0.03937007859349251
32,2026-02-20,0.3937007784843445
32,2026-02-21,0.031496066600084305
32,2026-02-22,0.027559056878089905
32,2026-02-23,0.003937008790671825
32,2026-02-24,0.0
32,2026-02-25,0.003937007859349251
32,2026-02-26,0.03937007859349251
32,2026-02-27,0.0
32,2026-02-28,0.0
33,2026-01-30,0.0
33,2026-01-31,0.0
33,2026-02-01,0.0
33,2026-02-02,0.0
33,2026-02-03,0.0
33,2026-02-04,0.0
33,2026-02-05,0.0
33,2026-02-06,0.0
33,2026-02-07,0.0
33,2026-02-08,0.0
33,2026-02-09,0.0
33,2026-02-10,0.003937007859349251
33,2026-02-11,0.0
33,2026-02-12,0.0
33,2026-02-13,0.0
33,2026-02-14,0.0
33,2026-02-15,0.0
33,2026-02-16,0.003937007859349251
33,2026-02-17,0.007874016650021076
33,2026-02-18,0.10236219316720963
33,2026-02-19,0.015748031437397003
33,2026-02-20,0.30708664655685425
33,2026-02-21,0.023622049018740654
33,2026-02-22,0.015748031437397003
33,2026-02-23,0.0
33,2026-02-24,0.0
33,2026-02-25,0.003937007859349251
33,2026-02-26,0.0
33,2026-02-27,0.0
33,2026-02-28,0.05118110775947571
34,2026-01-30,0.0
34,2026-01-31,0.0
34,2026-02-01,0.0
34,2026-02-02,0.0
34,2026-02-03,0.0
34,2026-02-04,0.0
34,2026-02-05,0.0
34,2026-02-06,0.0
34,2026-02-07,0.0
34,2026-02-08,0.0
34,2026-02-09,0.0
34,2026-02-10,0.007874015718698502
34,2026-02-11,1.271653413772583
34,2026-02-12,0.007874015718698502
34,2026-02-13,0.0
34,2026-02-14,0.0
34,2026-02-15,0.0
34,2026-02-16,1.2440944910049438
34,2026-02-17,0.5787401795387268
34,2026-02-18,0.5275590419769287
34,2026-02-19,0.5157480835914612
34,2026-02-20,0.011811024509370327
34,2026-02-21,0.0
34,2026-02-22,0.0
34,2026-02-23,0.0
34,2026-02-24,0.0
34,2026-02-25,0.0
34,2026-02-26,0.0
34,2026-02-27,0.0
34,2026-02-28,0.0
35,2026-01-30,0.0
35,2026-01-31,0.0
35,2026-02-01,0.0
35,2026-02-02,0.0
35,2026-02-03,0.0
35,2026-02-04,0.0
35,2026-02-05,0.0
35,2026-02-06,0.0
35,2026-02-07,0.0
35,2026-02-08,0.0
35,2026-02-09,0.0
35,2026-02-10,0.0
35,2026-02-11,0.0
35,2026-02-12,0.0
35,2026-02-13,0.0
35,2026-02-14,0.0
35,2026-02-15,0.20472440123558044
35,2026-02-16,0.36220473051071167
35,2026-02-17,0.0
35,2026-02-18,0.0
35,2026-02-19,0.12598425149917603
35,2026-02-20,0.5078740119934082
35,2026-02-21,0.0
35,2026-02-22,0.27952757477760315
35,2026-02-23,0.011811025440692902
35,2026-02-24,0.0
35,2026-02-25,0.015748031437397003
35,2026-02-26,0.06299212574958801
35,2026-02-27,0.0
35,2026-02-28,0.0
36,2026-01-30,0.0
36,2026-01-31,0.0
36,2026-02-01,0.0
36,2026-02-02,0.0
36,2026-02-03,0.0
36,2026-02-04,0.04330708831548691
36,2026-02-05,0.003937007859349251
36,2026-02-06,0.007874015718698502
36,2026-02-07,0.0
36,2026-02-08,0.0
36,2026-02-09,0.0
36,2026-02-10,0.0
36,2026-02-11,0.023622049018740654
36,2026-02-12,0.0
36,2026-02-13,0.0
36,2026-02-14,0.0
36,2026-02-15,1.078740119934082
36,2026-02-16,0.18503937125205994
36,2026-02-17,0.0
36,2026-02-18,0.0
36,2026-02-19,0.011811024509370327
36,2026-02-20,0.16535432636737823
36,2026-02-21,0.07874015718698502
36,2026-02-22,0.5984251499176025
36,2026-02-23,0.0
36,2026-02-24,0.0
36,2026-02-25,0.0
36,2026-02-26,1.1220473051071167
36,2026-02-27,0.16535434126853943
36,2026-02-28,0.007874015718698502
38,2026-01-30,0.0
38,2026-01-31,0.0
38,2026-02-01,0.0
38,2026-02-02,0.0
38,2026-02-03,0.38188979029655457
38,2026-02-04,0.09448819607496262
38,2026-02-05,0.0
38,2026-02-06,0.0
38,2026-02-07,0.0
38,2026-02-08,0.0
38,2026-02-09,0.0
38,2026-02-10,0.0
38,2026-02-11,0.14960630238056183
38,2026-02-12,0.0
38,2026-02-13,0.0
38,2026-02-14,0.0
38,2026-02-15,1.1968504190444946
38,2026-02-16,0.0
38,2026-02-17,0.0
38,2026-02-18,0.16141732037067413
38,2026-02-19,0.25590547919273376
38,2026-02-20,0.09842519462108612
38,2026-02-21,0.0
38,2026-02-22,0.0
38,2026-02-23,0.0
38,2026-02-24,0.0
38,2026-02-25,0.0
38,2026-02-26,0.7834645509719849
38,2026-02-27,0.0
38,2026-02-28,0.0
39,2026-01-30,0.0
39,2026-01-31,0.0
39,2026-02-01,0.0
39,2026-02-02,0.0
39,2026-02-03,0.4606298804283142
39,2026-02-04,0.11023622751235962
39,2026-02-05,0.0
39,2026-02-06,0.0
39,2026-02-07,0.0
39,2026-02-08,0.003937007859349251
39,2026-02-09,0.0
39,2026-02-10,0.011811024509370327
39,2026-02-11,0.06692913919687271
39,2026-02-12,0.0
39,2026-02-13,0.015748031437397003
39,2026-02-14,0.28346458077430725
39,2026-02-15,0.8582677245140076
39,2026-02-16,0.0
39,2026-02-17,0.0
39,2026-02-18,0.019685039296746254
39,2026-02-19,0.007874015718698502
39,2026-02-20,0.019685039296746254
39,2026-02-21,0.023622049018740654
39,2026-02-22,0.0
39,2026-02-23,0.0
39,2026-02-24,0.0
39,2026-02-25,0.0
39,2026-02-26,0.007874015718698502
39,2026-02-27,0.003937007859349251
39,2026-02-28,0.0
42,2026-01-30,0.0
42,2026-01-31,0.0
42,2026-02-01,0.0
42,2026-02-02,0.0
42,2026-02-03,0.25984251499176025
42,2026-02-04,0.07086614519357681
42,2026-02-05,0.0
42,2026-02-06,0.0
42,2026-02-07,0.0
42,2026-02-08,0.0
42,2026-02-09,0.0
42,2026-02-10,0.0
42,2026-02-11,0.07480315119028091
42,2026-02-12,0.0
42,2026-02-13,0.0
42,2026-02-14,0.007874015718698502
42,2026-02-15,1.7007874250411987
42,2026-02-16,0.0
42,2026-02-17,0.0
42,2026-02-18,0.23622047901153564
42,2026-02-19,0.507874071598053
42,2026-02-20,0.33464568853378296
42,2026-02-21,0.023622049018740654
42,2026-02-22,0.0
42,2026-02-23,0.0
42,2026-02-24,0.0
42,2026-02-25,0.0
42,2026-02-26,1.2401574850082397
42,2026-02-27,0.0
42,2026-02-28,0.0
43,2026-01-30,0.0
43,2026-01-31,0.0
43,2026-02-01,0.0
43,2026-02-02,0.0
43,2026-02-03,0.0
43,2026-02-04,0.0
43,2026-02-05,0.0
43,2026-02-06,0.0
43,2026-02-07,0.0
43,2026-02-08,0.0
43,2026-02-09,0.0
43,2026-02-10,0.0
43,2026-02-11,0.0
43,2026-02-12,0.0
43,2026-02-13,0.003937007859349251
43,2026-02-14,0.03543306887149811
43,2026-02-15,0.0
43,2026-02-16,0.0
43,2026-02-17,0.6653544902801514
43,2026-02-18,0.035433072596788406
43,2026-02-19,0.003937007859349251
43,2026-02-20,0.035433072596788406
43,2026-02-21,0.0
43,2026-02-22,0.0
43,2026-02-23,0.0
43,2026-02-24,0.0
43,2026-02-25,0.0
43,2026-02-26,0.0
43,2026-02-27,0.0
43,2026-02-28,0.0
44,2026-01-30,0.0
44,2026-01-31,0.0
44,2026-02-01,0.0
44,2026-02-02,0.0
44,2026-02-03,0.0
44,2026-02-04,0.0
44,2026-02-05,0.0
44,2026-02-06,0.0
44,2026-02-07,0.0
44,2026-02-08,0.0
44,2026-02-09,0.0
44,2026-02-10,0.0
44,2026-02-11,0.027559060603380203
44,2026-02-12,0.0
44,2026-02-13,0.0
44,2026-02-14,0.0
44,2026-02-15,0.0
44,2026-02-16,0.003937007859349251
44,2026-02-17,0.0
44,2026-02-18,0.08267716318368912
44,2026-02-19,0.027559056878089905
44,2026-02-20,0.35039374232292175
44,2026-02-21,0.011811024509370327
44,2026-02-22,0.04724409803748131
44,2026-02-23,0.0
44,2026-02-24,0.0
44,2026-02-25,0.0
44,2026-02-26,0.03937007859349251
44,2026-02-27,0.0
44,2026-02-28,0.0
45,2026-01-30,0.0
45,2026-01-31,0.0
45,2026-02-01,0.0
45,2026-02-02,0.0
45,2026-02-03,0.0
45,2026-02-04,0.26771652698516846
45,2026-02-05,0.0
45,2026-02-06,0.0
45,2026-02-07,0.0
45,2026-02-08,0.0
45,2026-02-09,0.0
45,2026-02-10,0.0
45,2026-02-11,0.12598425149917603
45,2026-02-12,0.0
45,2026-02-13,0.0
45,2026-02-14,0.0
45,2026-02-15,0.7204723954200745
45,2026-02-16,0.0
45,2026-02-17,0.0
45,2026-02-18,0.003937007859349251
45,2026-02-19,0.055118121206760406
45,2026-02-20,0.14173229038715363
45,2026-02-21,0.712598443031311
45,2026-02-22,0.007874015718698502
45,2026-02-23,0.0
45,2026-02-24,0.0
45,2026-02-25,0.003937007859349251
45,2026-02-26,1.1968504190444946
45,2026-02-27,0.6377953290939331
45,2026-02-28,0.003937007859349251
47,2026-01-30,0.0
47,2026-01-31,0.0
47,2026-02-01,0.0
47,2026-02-02,0.0
47,2026-02-03,0.0
47,2026-02-04,0.003937007859349251
47,2026-02-05,0.0
47,2026-02-06,0.0
47,2026-02-07,0.0
47,2026-02-08,0.0
47,2026-02-09,0.0
47,2026-02-10,0.0
47,2026-02-11,0.0
47,2026-02-12,0.0
47,2026-02-13,0.0
47,2026-02-14,0.0
47,2026-02-15,0.0
47,2026-02-16,0.0
47,2026-02-17,0.0
47,2026-02-18,0.0
47,2026-02-19,0.0
47,2026-02-20,0.0
47,2026-02-21,0.0
47,2026-02-22,0.0
47,2026-02-23,0.0
47,2026-02-24,0.0
47,2026-02-25,0.0
47,2026-02-26,0.003937007859349251
47,2026-02-27,0.0
47,2026-02-28,0.0
49,2026-01-30,0.0
49,2026-01-31,0.0
49,2026-02-01,0.0
49,2026-02-02,0.0
49,2026-02-03,0.0
49,2026-02-04,0.0
49,2026-02-05,0.0
49,2026-02-06,0.0
49,2026-02-07,0.0
49,2026-02-08,0.0
49,2026-02-09,0.0
49,2026-02-10,0.0
49,2026-02-11,0.0
49,2026-02-12,0.0
49,2026-02-13,0.0
49,2026-02-14,0.8425195813179016
49,2026-02-15,0.019685039296746254
49,2026-02-16,0.0
49,2026-02-17,0.0
49,2026-02-18,0.0
49,2026-02-19,0.003937007859349251
49,2026-02-20,0.0
49,2026-02-21,0.0
49,2026-02-22,0.0
49,2026-02-23,0.0
49,2026-02-24,0.0
49,2026-02-25,0.0
49,2026-02-26,0.003937007859349251
49,2026-02-27,0.0
49,2026-02-28,0.0
50,2026-01-30,0.0
50,2026-01-31,0.0
50,2026-02-01,0.0
50,2026-02-02,0.0
50,2026-02-03,0.0
50,2026-02-04,0.0
50,2026-02-05,0.0
50,2026-02-06,0.0
50,2026-02-07,0.0
50,2026-02-08,0.0
50,2026-02-09,0.0
50,2026-02-10,0.0
50,2026-02-11,0.011811024509370327
50,2026-02-12,0.0
50,2026-02-13,0.0
50,2026-02-14,0.0
50,2026-02-15,0.0
50,2026-02-16,0.0
50,2026-02-17,0.0
50,2026-02-18,0.06692913919687271
50,2026-02-19,0.035433072596788406
50,2026-02-20,0.32677167654037476
50,2026-02-21,0.05118110030889511
50,2026-02-22,0.07874015718698502
50,2026-02-23,0.0
50,2026-02-24,0.0
50,2026-02-25,0.0
50,2026-02-26,0.023622049018740654
50,2026-02-27,0.0
50,2026-02-28,0.0
51,2026-01-30,0.0
51,2026-01-31,0.0
51,2026-02-01,0.0
51,2026-02-02,0.0
51,2026-02-03,0.0
51,2026-02-04,0.0
51,2026-02-05,0.0
51,2026-02-06,0.0
51,2026-02-07,0.0
51,2026-02-08,0.0
51,2026-02-09,0.003937007859349251
51,2026-02-10,0.0
51,2026-02-11,0.0
51,2026-02-12,0.0
51,2026-02-13,0.0
51,2026-02-14,0.0
51,2026-02-15,0.0
51,2026-02-16,0.0
51,2026-02-17,0.019685039296746254
51,2026-02-18,0.27165353298187256
51,2026-02-19,0.0
51,2026-02-20,0.0
51,2026-02-21,0.0
51,2026-02-22,0.0
51,2026-02-23,0.0
51,2026-02-24,0.011811024509370327
51,2026-02-25,0.0
51,2026-02-26,0.0
51,2026-02-27,0.0
51,2026-02-28,0.0
52,2026-01-30,0.0
52,2026-01-31,0.0
52,2026-02-01,0.0
52,2026-02-02,0.0
52,2026-02-03,0.0
52,2026-02-04,0.0
52,2026-02-05,0.0
52,2026-02-06,0.019685039296746254
52,2026-02-07,0.0
52,2026-02-08,0.0
52,2026-02-09,0.0
52,2026-02-10,0.0
52,2026-02-11,0.0
52,2026-02-12,0.0
52,2026-02-13,0.003937007859349251
52,2026-02-14,0.003937007859349251
52,2026-02-15,0.0
52,2026-02-16,0.0
52,2026-02-17,0.31496062874794006
52,2026-02-18,0.023622049018740654
52,2026-02-19,0.003937007859349251
52,2026-02-20,0.011811024509370327
52,2026-02-21,0.0
52,2026-02-22,0.0
52,2026-02-23,0.0
52,2026-02-24,0.0
52,2026-02-25,0.0
52,2026-02-26,0.0
52,2026-02-27,0.0
52,2026-02-28,0.0
53,2026-01-30,0.0
53,2026-01-31,0.0
53,2026-02-01,0.0
53,2026-02-02,0.0
53,2026-02-03,0.0
53,2026-02-04,0.0
53,2026-02-05,0.0
53,2026-02-06,0.0
53,2026-02-07,0.0
53,2026-02-08,0.0
53,2026-02-09,0.0
53,2026-02-10,0.0
53,2026-02-11,0.003937007859349251
53,2026-02-12,0.0
53,2026-02-13,0.0
53,2026-02-14,0.0
53,2026-02-15,0.031496062874794006
53,2026-02-16,0.015748031437397003
53,2026-02-17,0.0
53,2026-02-18,0.04330708831548691
53,2026-02-19,0.07480315119028091
53,2026-02-20,0.5275590419769287
53,2026-02-21,0.0
53,2026-02-22,0.11417322605848312
53,2026-02-23,0.0
53,2026-02-24,0.0
53,2026-02-25,0.0
53,2026-02-26,0.08661416918039322
53,2026-02-27,0.0
53,2026-02-28,0.0
54,2026-01-30,0.0
54,2026-01-31,0.0
54,2026-02-01,0.0
54,2026-02-02,0.0
54,2026-02-03,0.0
54,2026-02-04,0.0
54,2026-02-05,0.0
54,2026-02-06,0.0
54,2026-02-07,0.0
54,2026-02-08,0.0
54,2026-02-09,0.0
54,2026-02-10,0.0
54,2026-02-11,0.07086614519357681
54,2026-02-12,0.0
54,2026-02-13,0.0
54,2026-02-14,0.3976377844810486
54,2026-02-15,0.003937007859349251
54,2026-02-16,0.0
54,2026-02-17,0.0
54,2026-02-18,0.0
54,2026-02-19,0.0
54,2026-02-20,0.0
54,2026-02-21,0.027559056878089905
54,2026-02-22,0.0
54,2026-02-23,0.0
54,2026-02-24,0.0
54,2026-02-25,0.0
54,2026-02-26,0.0
54,2026-02-27,0.0
54,2026-02-28,0.0
55,2026-01-30,0.0
55,2026-01-31,0.0
55,2026-02-01,0.0
55,2026-02-02,0.0
55,2026-02-03,0.003937007859349251
55,2026-02-04,0.011811024509370327
55,2026-02-05,0.0
55,2026-02-06,0.0
55,2026-02-07,0.0
55,2026-02-08,0.0
55,2026-02-09,0.0
55,2026-02-10,0.0
55,2026-02-11,0.0
55,2026-02-12,0.0
55,2026-02-13,0.0
55,2026-02-14,0.0
55,2026-02-15,0.4645669162273407
55,2026-02-16,0.7401575446128845
55,2026-02-17,0.0
55,2026-02-18,0.0
55,2026-02-19,0.3543306887149811
55,2026-02-20,0.4055118262767792
55,2026-02-21,0.0
55,2026-02-22,0.28740158677101135
55,2026-02-23,0.019685039296746254
55,2026-02-24,0.0
55,2026-02-25,0.0
55,2026-02-26,0.12598425149917603
55,2026-02-27,0.003937007859349251
55,2026-02-28,0.0
56,2026-01-30,0.0
56,2026-01-31,0.0
56,2026-02-01,0.0
56,2026-02-02,0.0
56,2026-02-03,0.0
56,2026-02-04,0.0
56,2026-02-05,0.0
56,2026-02-06,0.0
56,2026-02-07,0.0
56,2026-02-08,0.05511811003088951
56,2026-02-09,0.0
56,2026-02-10,0.0
56,2026-02-11,0.0
56,2026-02-12,0.0
56,2026-02-13,0.24409449100494385
56,2026-02-14,0.4960630536079407
56,2026-02-15,0.13779528439044952
56,2026-02-16,0.0
56,2026-02-17,0.0
56,2026-02-18,0.0
56,2026-02-19,0.0
56,2026-02-20,0.0
56,2026-02-21,0.031496062874794006
56,2026-02-22,0.0
56,2026-02-23,0.0
56,2026-02-24,0.0
56,2026-02-25,0.0
56,2026-02-26,0.023622049018740654
56,2026-02-27,0.0
56,2026-02-28,0.03937007859349251
57,2026-01-30,0.0
57,2026-01-31,0.0
57,2026-02-01,0.0
57,2026-02-02,0.0
57,2026-02-03,0.0
57,2026-02-04,0.0
57,2026-02-05,0.0
57,2026-02-06,0.0
57,2026-02-07,0.0
57,2026-02-08,0.0
57,2026-02-09,0.0
57,2026-02-10,0.0
57,2026-02-11,0.0
57,2026-02-12,0.0
57,2026-02-13,0.0
57,2026-02-14,0.003937007859349251
57,2026-02-15,0.5944882035255432
57,2026-02-16,0.0
57,2026-02-17,0.0
57,2026-02-18,0.07480315119028091
57,2026-02-19,0.23622049391269684
57,2026-02-20,0.3425196707248688
57,2026-02-21,0.0
57,2026-02-22,0.0
57,2026-02-23,0.0
57,2026-02-24,0.0
57,2026-02-25,0.003937007859349251
57,2026-02-26,0.0
57,2026-02-27,0.0
57,2026-02-28,0.0
58,2026-01-30,0.0
58,2026-01-31,0.0
58,2026-02-01,0.0
58,2026-02-02,0.0
58,2026-02-03,0.0
58,2026-02-04,0.0
58,2026-02-05,0.0
58,2026-02-06,0.0
58,2026-02-07,0.0
58,2026-02-08,0.0
58,2026-02-09,0.0
58,2026-02-10,0.0
58,2026-02-11,0.0
58,2026-02-12,0.0
58,2026-02-13,0.0
58,2026-02-14,0.0
58,2026-02-15,0.4488189220428467
58,2026-02-16,0.0
58,2026-02-17,0.0
58,2026-02-18,0.04330708831548691
58,2026-02-19,0.019685039296746254
58,2026-02-20,0.8149606585502625
58,2026-02-21,0.0
58,2026-02-22,0.003937007859349251
58,2026-02-23,0.0
58,2026-02-24,0.0
58,2026-02-25,0.04330708831548691
58,2026-02-26,0.0
58,2026-02-27,0.0
58,2026-02-28,0.0
59,2026-01-30,0.0
59,2026-01-31,0.0
59,2026-02-01,0.0
59,2026-02-02,0.0
59,2026-02-03,0.0
59,2026-02-04,0.0
59,2026-02-05,0.0
59,2026-02-06,0.003937008325010538
59,2026-02-07,0.0
59,2026-02-08,0.0
59,2026-02-09,0.0
59,2026-02-10,0.0
59,2026-02-11,0.0
59,2026-02-12,0.0
59,2026-02-13,0.0
59,2026-02-14,0.0
59,2026-02-15,0.0
59,2026-02-16,0.0
59,2026-02-17,0.0
59,2026-02-18,0.12992124259471893
59,2026-02-19,0.0
59,2026-02-20,0.38582679629325867
59,2026-02-21,0.0
59,2026-02-22,0.0
59,2026-02-23,0.0
59,2026-02-24,0.0
59,2026-02-25,0.0
59,2026-02-26,0.0
59,2026-02-27,0.0
59,2026-02-28,0.0
60,2026-01-30,0.0
60,2026-01-31,0.0
60,2026-02-01,0.0
60,2026-02-02,0.0
60,2026-02-03,0.0
60,2026-02-04,0.0
60,2026-02-05,0.0
60,2026-02-06,0.0
60,2026-02-07,0.0
60,2026-02-08,0.0
60,2026-02-09,0.0
60,2026-02-10,0.011811024509370327
60,2026-02-11,1.0629922151565552
60,2026-02-12,0.16535432636737823
60,2026-02-13,0.0
60,2026-02-14,0.0
60,2026-02-15,0.05118110775947571
60,2026-02-16,2.0944879055023193
60,2026-02-17,0.5826771259307861
60,2026-02-18,0.19291336834430695
60,2026-02-19,0.7047244906425476
60,2026-02-20,0.031496062874794006
60,2026-02-21,0.0
60,2026-02-22,0.0
60,2026-02-23,0.0
60,2026-02-24,0.23622047901153564
60,2026-02-25,0.7362205386161804
60,2026-02-26,0.003937007859349251
60,2026-02-27,0.0
60,2026-02-28,0.0
61,2026-01-30,0.0
61,2026-01-31,0.0
61,2026-02-01,0.0
61,2026-02-02,0.0
61,2026-02-03,0.0
61,2026-02-04,0.0
61,2026-02-05,0.0
61,2026-02-06,0.0
61,2026-02-07,0.0
61,2026-02-08,0.0
61,2026-02-09,0.0
61,2026-02-10,0.0
61,2026-02-11,0.0
61,2026-02-12,0.0
61,2026-02-13,0.0
61,2026-02-14,0.0
61,2026-02-15,0.0
61,2026-02-16,0.0
61,2026-02-17,0.0
61,2026-02-18,0.07480315119028091
61,2026-02-19,0.0
61,2026-02-20,0.011811020784080029
61,2026-02-21,0.031496066600084305
61,2026-02-22,0.0
61,2026-02-23,0.0
61,2026-02-24,0.0
61,2026-02-25,0.003937007859349251
61,2026-02-26,0.0
61,2026-02-27,0.0
61,2026-02-28,0.0
62,2026-01-30,0.0
62,2026-01-31,0.0
62,2026-02-01,0.0
62,2026-02-02,0.0
62,2026-02-03,0.05905512347817421
62,2026-02-04,0.0
62,2026-02-05,0.0
62,2026-02-06,0.0
62,2026-02-07,0.0
62,2026-02-08,0.0
62,2026-02-09,0.0
62,2026-02-10,0.0
62,2026-02-11,0.06299212574958801
62,2026-02-12,0.0
62,2026-02-13,0.003937007859349251
62,2026-02-14,0.413385808467865
62,2026-02-15,0.11023622006177902
62,2026-02-16,0.0
62,2026-02-17,0.0
62,2026-02-18,0.0
62,2026-02-19,0.0
62,2026-02-20,0.003937007859349251
62,2026-02-21,0.019685039296746254
62,2026-02-22,0.0
62,2026-02-23,0.0
62,2026-02-24,0.0
62,2026-02-25,0.0
62,2026-02-26,0.0
62,2026-02-27,0.0
62,2026-02-28,0.0
63,2026-01-30,0.34645670652389526
63,2026-01-31,0.07874015718698502
63,2026-02-01,0.7086614370346069
63,2026-02-02,0.11023622006177902
63,2026-02-03,0.0
63,2026-02-04,0.0
63,2026-02-05,0.0
63,2026-02-06,0.0
63,2026-02-07,0.350393682718277
63,2026-02-08,1.0748032331466675
63,2026-02-09,0.18110236525535583
63,2026-02-10,0.011811024509370327
63,2026-02-11,0.0
63,2026-02-12,0.0
63,2026-02-13,0.011811024509370327
63,2026-02-14,0.22834645211696625
63,2026-02-15,0.23622043430805206
63,2026-02-16,0.16141732037067413
63,2026-02-17,0.12204722315073013
63,2026-02-18,0.10236219316720963
63,2026-02-19,0.17716534435749054
63,2026-02-20,0.04724409803748131
63,2026-02-21,0.20472443103790283
63,2026-02-22,0.5708661675453186
63,2026-02-23,1.2244094610214233
63,2026-02-24,0.6141732931137085
63,2026-02-25,0.12598425149917603
63,2026-02-26,0.0
63,2026-02-27,0.0
63,2026-02-28,0.0
64,2026-01-30,0.0
64,2026-01-31,0.019685039296746254
64,2026-02-01,0.0
64,2026-02-02,0.0
64,2026-02-03,0.0
64,2026-02-04,0.0
64,2026-02-05,0.22834646701812744
64,2026-02-06,0.0
64,2026-02-07,0.0
64,2026-02-08,0.0
64,2026-02-09,0.0
64,2026-02-10,0.0
64,2026-02-11,0.0
64,2026-02-12,0.007874015718698502
64,2026-02-13,0.0
64,2026-02-14,0.0
64,2026-02-15,0.003937007859349251
64,2026-02-16,0.4488189220428467
64,2026-02-17,0.0
64,2026-02-18,0.0
64,2026-02-19,0.0
64,2026-02-20,0.0
64,2026-02-21,0.0
64,2026-02-22,0.13779528439044952
64,2026-02-23,0.0
64,2026-02-24,0.0
64,2026-02-25,0.0
64,2026-02-26,0.0
64,2026-02-27,0.19685038924217224
64,2026-02-28,0.6535434126853943
66,2026-01-30,0.0
66,2026-01-31,0.0
66,2026-02-01,0.0
66,2026-02-02,0.0
66,2026-02-03,0.0
66,2026-02-04,0.0
66,2026-02-05,0.0
66,2026-02-06,0.0
66,2026-02-07,0.0
66,2026-02-08,0.011811024509370327
66,2026-02-09,0.0
66,2026-02-10,0.0
66,2026-02-11,0.0
66,2026-02-12,0.0
66,2026-02-13,0.0
66,2026-02-14,0.4370078444480896
66,2026-02-15,0.035433076322078705
66,2026-02-16,0.0
66,2026-02-17,0.0
66,2026-02-18,0.0
66,2026-02-19,0.0
66,2026-02-20,0.0
66,2026-02-21,0.0
66,2026-02-22,0.0
66,2026-02-23,0.0
66,2026-02-24,0.0
66,2026-02-25,0.0
66,2026-02-26,0.0
66,2026-02-27,0.0
66,2026-02-28,0.0
67,2026-01-30,0.0
67,2026-01-31,0.003937007859349251
67,2026-02-01,0.0
67,2026-02-02,0.0
67,2026-02-03,0.0
67,2026-02-04,0.0
67,2026-02-05,0.0
67,2026-02-06,0.015748033300042152
67,2026-02-07,0.0
67,2026-02-08,0.0
67,2026-02-09,0.0
67,2026-02-10,0.0
67,2026-02-11,0.0
67,2026-02-12,0.0
67,2026-02-13,0.0
67,2026-02-14,0.0
67,2026-02-15,0.0
67,2026-02-16,0.0
67,2026-02-17,0.0
67,2026-02-18,0.3464566767215729
67,2026-02-19,0.011811024509370327
67,2026-02-20,0.08661417663097382
67,2026-02-21,0.0
67,2026-02-22,0.0
67,2026-02-23,0.0
67,2026-02-24,0.0
67,2026-02-25,0.0
67,2026-02-26,0.0
67,2026-02-27,0.0
67,2026-02-28,0.0
68,2026-01-30,0.0
68,2026-01-31,0.0
68,2026-02-01,0.0
68,2026-02-02,0.0
68,2026-02-03,0.0
68,2026-02-04,0.0
68,2026-02-05,0.0
68,2026-02-06,0.0
68,2026-02-07,0.0
68,2026-02-08,0.019685039296746254
68,2026-02-09,0.20472438633441925
68,2026-02-10,0.0
68,2026-02-11,0.09448818117380142
68,2026-02-12,0.003937007859349251
68,2026-02-13,0.0
68,2026-02-14,0.0
68,2026-02-15,0.0
68,2026-02-16,0.0
68,2026-02-17,0.23622046411037445
68,2026-02-18,0.007874015718698502
68,2026-02-19,0.0
68,2026-02-20,0.0
68,2026-02-21,0.0
68,2026-02-22,0.0
68,2026-02-23,0.0
68,2026-02-24,0.5511810779571533
68,2026-02-25,0.09842520952224731
68,2026-02-26,0.0
68,2026-02-27,0.0
68,2026-02-28,0.0
69,2026-01-30,0.0
69,2026-01-31,0.0
69,2026-02-01,0.0
69,2026-02-02,0.0
69,2026-02-03,0.0
69,2026-02-04,0.03937007859349251
69,2026-02-05,0.023622050881385803
69,2026-02-06,0.0
69,2026-02-07,0.003937007859349251
69,2026-02-08,0.0
69,2026-02-09,0.0
69,2026-02-10,0.0
69,2026-02-11,0.035433072596788406
69,2026-02-12,0.0
69,2026-02-13,0.0
69,2026-02-14,0.0
69,2026-02-15,0.21259841322898865
69,2026-02-16,0.952755868434906
69,2026-02-17,0.0
69,2026-02-18,0.0
69,2026-02-19,0.30314958095550537
69,2026-02-20,0.8267717361450195
69,2026-02-21,0.019685039296746254
69,2026-02-22,1.1811022758483887
69,2026-02-23,0.08267716318368912
69,2026-02-24,0.0
69,2026-02-25,0.0
69,2026-02-26,0.5787401795387268
69,2026-02-27,0.04330708831548691
69,2026-02-28,0.0
70,2026-01-30,0.0
70,2026-01-31,0.0
70,2026-02-01,0.0
70,2026-02-02,0.0
70,2026-02-03,0.0
70,2026-02-04,0.0
70,2026-02-05,0.0
70,2026-02-06,0.0
70,2026-02-07,0.0
70,2026-02-08,0.0
70,2026-02-09,0.0
70,2026-02-10,0.0
70,2026-02-11,0.0
70,2026-02-12,0.0
70,2026-02-13,0.0
70,2026-02-14,0.0
70,2026-02-15,0.0
70,2026-02-16,0.0
70,2026-02-17,0.007874015718698502
70,2026-02-18,0.06692913919687271
70,2026-02-19,0.0
70,2026-02-20,0.023622045293450356
70,2026-02-21,0.007874015718698502
70,2026-02-22,0.0
70,2026-02-23,0.0
70,2026-02-24,0.0
70,2026-02-25,0.0
70,2026-02-26,0.007874016650021076
70,2026-02-27,0.0
70,2026-02-28,0.0
71,2026-01-30,0.0
71,2026-01-31,0.0
71,2026-02-01,0.0
71,2026-02-02,0.0
71,2026-02-03,0.0
71,2026-02-04,0.0
71,2026-02-05,0.0
71,2026-02-06,0.0
71,2026-02-07,0.003937008325010538
71,2026-02-08,0.0
71,2026-02-09,0.0
71,2026-02-10,0.007874015718698502
71,2026-02-11,0.003937007859349251
71,2026-02-12,0.0
71,2026-02-13,0.0
71,2026-02-14,0.0
71,2026-02-15,0.0
71,2026-02-16,0.0
71,2026-02-17,0.08661416918039322
71,2026-02-18,0.22047245502471924
71,2026-02-19,0.007874015718698502
71,2026-02-20,0.4370078444480896
71,2026-02-21,0.031496066600084305
71,2026-02-22,0.011811026372015476
71,2026-02-23,0.0
71,2026-02-24,0.0
71,2026-02-25,0.015748033300042152
71,2026-02-26,0.0
71,2026-02-27,0.0
71,2026-02-28,0.007874015718698502
72,2026-01-30,0.0
72,2026-01-31,0.003937007859349251
72,2026-02-01,0.0
72,2026-02-02,0.0
72,2026-02-03,0.0
72,2026-02-04,0.05905512347817421
72,2026-02-05,0.11023622006177902
72,2026-02-06,0.023622049018740654
72,2026-02-07,0.0
72,2026-02-08,0.0
72,2026-02-09,0.0
72,2026-02-10,0.0
72,2026-02-11,0.05511811375617981
72,2026-02-12,0.0
72,2026-02-13,0.0
72,2026-02-14,0.0
72,2026-02-15,0.9881891012191772
72,2026-02-16,0.007874015718698502
72,2026-02-17,0.0
72,2026-02-18,0.0
72,2026-02-19,0.08661417663097382
72,2026-02-20,0.015748031437397003
72,2026-02-21,0.08267716318368912
72,2026-02-22,0.12992125749588013
72,2026-02-23,0.0
72,2026-02-24,0.0
72,2026-02-25,0.0
72,2026-02-26,0.6653543710708618
72,2026-02-27,0.12204725295305252
72,2026-02-28,0.0
74,2026-01-30,0.0
74,2026-01-31,0.0
74,2026-02-01,0.0
74,2026-02-02,0.0
74,2026-02-03,0.003937007859349251
74,2026-02-04,0.0
74,2026-02-05,0.003937007859349251
74,2026-02-06,0.0
74,2026-02-07,0.0
74,2026-02-08,0.0
74,2026-02-09,0.0
74,2026-02-10,0.0
74,2026-02-11,0.0
74,2026-02-12,0.0
74,2026-02-13,0.0
74,2026-02-14,0.0
74,2026-02-15,0.019685039296746254
74,2026-02-16,0.0
74,2026-02-17,0.0
74,2026-02-18,0.21653543412685394
74,2026-02-19,0.29527556896209717
74,2026-02-20,0.07480315864086151
74,2026-02-21,0.0
74,2026-02-22,0.0
74,2026-02-23,0.0
74,2026-02-24,0.0
74,2026-02-25,0.0
74,2026-02-26,0.0
74,2026-02-27,0.0
74,2026-02-28,0.003937007859349251
75,2026-01-30,0.0
75,2026-01-31,0.0
75,2026-02-01,0.0
75,2026-02-02,0.0
75,2026-02-03,0.0
75,2026-02-04,0.0
75,2026-02-05,0.0
75,2026-02-06,0.0
75,2026-02-07,0.0
75,2026-02-08,0.0
75,2026-02-09,0.0
75,2026-02-10,0.015748031437397003
75,2026-02-11,0.6653544902801514
75,2026-02-12,0.0
75,2026-02-13,0.0
75,2026-02-14,0.0
75,2026-02-15,0.0
75,2026-02-16,1.3149607181549072
75,2026-02-17,0.28740155696868896
75,2026-02-18,0.4803149998188019
75,2026-02-19,0.4488188922405243
75,2026-02-20,0.003937007859349251
75,2026-02-21,0.0
75,2026-02-22,0.0
75,2026-02-23,0.0
75,2026-02-24,0.0
75,2026-02-25,0.0
75,2026-02-26,0.0
75,2026-02-27,0.0
75,2026-02-28,0.0
76,2026-01-30,0.0
76,2026-01-31,0.0
76,2026-02-01,0.0
76,2026-02-02,0.0
76,2026-02-03,0.0
76,2026-02-04,0.0
76,2026-02-05,0.0
76,2026-02-06,0.007874016650021076
76,2026-02-07,0.0
76,2026-02-08,0.0
76,2026-02-09,0.0
76,2026-02-10,0.0
76,2026-02-11,0.0
76,2026-02-12,0.0
76,2026-02-13,0.0
76,2026-02-14,0.0
76,2026-02-15,0.0
76,2026-02-16,0.0
76,2026-02-17,0.0
76,2026-02-18,0.28740158677101135
76,2026-02-19,0.0
76,2026-02-20,0.09055116772651672
76,2026-02-21,0.0
76,2026-02-22,0.0
76,2026-02-23,0.0
76,2026-02-24,0.0
76,2026-02-25,0.0
76,2026-02-26,0.0
76,2026-02-27,0.0
76,2026-02-28,0.0
77,2026-01-30,0.031496062874794006
77,2026-01-31,0.0
77,2026-02-01,0.0
77,2026-02-02,0.0
77,2026-02-03,0.0
77,2026-02-04,0.5157480835914612
77,2026-02-05,0.015748031437397003
77,2026-02-06,0.0
77,2026-02-07,0.0
77,2026-02-08,0.0
77,2026-02-09,0.0
77,2026-02-10,0.0
77,2026-02-11,0.0
77,2026-02-12,0.03543306887149811
77,2026-02-13,0.0
77,2026-02-14,0.0
77,2026-02-15,1.2519686222076416
77,2026-02-16,0.0
77,2026-02-17,0.0
77,2026-02-18,0.0
77,2026-02-19,0.027559056878089905
77,2026-02-20,0.29133859276771545
77,2026-02-21,0.08661417663097382
77,2026-02-22,0.04724409803748131
77,2026-02-23,0.0
77,2026-02-24,0.0
77,2026-02-25,0.015748031437397003
77,2026-02-26,0.04330708831548691
77,2026-02-27,0.29133856296539307
77,2026-02-28,0.015748031437397003
78,2026-01-30,0.0
78,2026-01-31,0.0
78,2026-02-01,0.0
78,2026-02-02,0.0
78,2026-02-03,0.0
78,2026-02-04,0.0
78,2026-02-05,0.0
78,2026-02-06,0.0
78,2026-02-07,0.0
78,2026-02-08,0.0
78,2026-02-09,0.0
78,2026-02-10,0.003937007859349251
78,2026-02-11,0.6181102991104126
78,2026-02-12,0.0
78,2026-02-13,0.0
78,2026-02-14,0.0
78,2026-02-15,0.015748031437397003
78,2026-02-16,1.291338562965393
78,2026-02-17,0.33464568853378296
78,2026-02-18,0.30314958095550537
78,2026-02-19,0.5039370059967041
78,2026-02-20,0.0
78,2026-02-21,0.0
78,2026-02-22,0.0
78,2026-02-23,0.0
78,2026-02-24,0.0
78,2026-02-25,0.0
78,2026-02-26,0.0
78,2026-02-27,0.0
78,2026-02-28,0.0
79,2026-01-30,0.0
79,2026-01-31,0.0
79,2026-02-01,0.0
79,2026-02-02,0.0
79,2026-02-03,0.0
79,2026-02-04,0.0
79,2026-02-05,0.0
79,2026-02-06,0.0
79,2026-02-07,0.0
79,2026-02-08,0.0
79,2026-02-09,0.0
79,2026-02-10,0.0
79,2026-02-11,0.0
79,2026-02-12,0.0
79,2026-02-13,0.007874015718698502
79,2026-02-14,0.35433071851730347
79,2026-02-15,0.0
79,2026-02-16,0.0
79,2026-02-17,0.04724409803748131
79,2026-02-18,0.0
79,2026-02-19,0.007874015718698502
79,2026-02-20,0.011811024509370327
79,2026-02-21,0.0
79,2026-02-22,0.0
79,2026-02-23,0.0
79,2026-02-24,0.0
79,2026-02-25,0.0
79,2026-02-26,0.0
79,2026-02-27,0.0
79,2026-02-28,0.0
80,2026-01-30,0.0
80,2026-01-31,0.0
80,2026-02-01,0.0
80,2026-02-02,0.0
80,2026-02-03,0.0
80,2026-02-04,0.0
80,2026-02-05,0.0
80,2026-02-06,0.0
80,2026-02-07,0.0
80,2026-02-08,0.0
80,2026-02-09,0.0
80,2026-02-10,0.0
80,2026-02-11,0.0
80,2026-02-12,0.0
80,2026-02-13,0.0
80,2026-02-14,0.0
80,2026-02-15,0.0
80,2026-02-16,0.0
80,2026-02-17,0.0
80,2026-02-18,0.0
80,2026-02-19,0.0
80,2026-02-20,0.0
80,2026-02-21,0.0
80,2026-02-22,0.0
80,2026-02-23,0.0
80,2026-02-24,0.0
80,2026-02-25,0.0
80,2026-02-26,0.0
80,2026-02-27,0.0
80,2026-02-28,0.0
81,2026-01-30,0.0
81,2026-01-31,0.0
81,2026-02-01,0.0
81,2026-02-02,0.0
81,2026-02-03,0.007874015718698502
81,2026-02-04,0.0
81,2026-02-05,0.0
81,2026-02-06,0.0
81,2026-02-07,0.0
81,2026-02-08,0.003937007859349251
81,2026-02-09,0.0
81,2026-02-10,0.0
81,2026-02-11,0.33070865273475647
81,2026-02-12,0.0
81,2026-02-13,0.0
81,2026-02-14,0.4842519760131836
81,2026-02-15,0.007874015718698502
81,2026-02-16,0.0
81,2026-02-17,0.0
81,2026-02-18,0.0
81,2026-02-19,0.0
81,2026-02-20,0.015748031437397003
81,2026-02-21,0.0
81,2026-02-22,0.0
81,2026-02-23,0.0
81,2026-02-24,0.0
81,2026-02-25,0.0
81,2026-02-26,0.0
81,2026-02-27,0.0
81,2026-02-28,0.0
82,2026-01-30,0.0
82,2026-01-31,0.0
82,2026-02-01,0.0
82,2026-02-02,0.0
82,2026-02-03,0.0
82,2026-02-04,0.0
82,2026-02-05,0.0
82,2026-02-06,0.0
82,2026-02-07,0.0
82,2026-02-08,0.0
82,2026-02-09,0.0
82,2026-02-10,0.0
82,2026-02-11,0.07874015718698502
82,2026-02-12,0.0
82,2026-02-13,0.0
82,2026-02-14,0.0
82,2026-02-15,0.0
82,2026-02-16,0.0
82,2026-02-17,0.0
82,2026-02-18,0.11023622006177902
82,2026-02-19,0.07874015718698502
82,2026-02-20,0.27952754497528076
82,2026-02-21,0.007874015718698502
82,2026-02-22,0.007874015718698502
82,2026-02-23,0.0
82,2026-02-24,0.0
82,2026-02-25,0.0
82,2026-02-26,0.05118110775947571
82,2026-02-27,0.0
82,2026-02-28,0.0
83,2026-01-30,0.0
83,2026-01-31,0.0
83,2026-02-01,0.0
83,2026-02-02,0.0
83,2026-02-03,0.0
83,2026-02-04,0.0
83,2026-02-05,0.0
83,2026-02-06,0.0
83,2026-02-07,0.0
83,2026-02-08,0.0
83,2026-02-09,0.0
83,2026-02-10,0.0
83,2026-02-11,0.019685039296746254
83,2026-02-12,0.0
83,2026-02-13,0.015748031437397003
83,2026-02-14,1.2244094610214233
83,2026-02-15,0.0
83,2026-02-16,0.0
83,2026-02-17,0.0
83,2026-02-18,0.003937007859349251
83,2026-02-19,0.003937007859349251
83,2026-02-20,0.003937007859349251
83,2026-02-21,0.0
83,2026-02-22,0.0
83,2026-02-23,0.0
83,2026-02-24,0.0
83,2026-02-25,0.0
83,2026-02-26,0.0
83,2026-02-27,0.0
83,2026-02-28,0.0
84,2026-01-30,0.0
84,2026-01-31,0.0
84,2026-02-01,0.0
84,2026-02-02,0.0
84,2026-02-03,0.0
84,2026-02-04,0.0
84,2026-02-05,0.0
84,2026-02-06,0.0
84,2026-02-07,0.0
84,2026-02-08,0.0
84,2026-02-09,0.0
84,2026-02-10,0.0
84,2026-02-11,0.0
84,2026-02-12,0.0
84,2026-02-13,0.0
84,2026-02-14,0.0
84,2026-02-15,0.0
84,2026-02-16,0.0
84,2026-02-17,0.0
84,2026-02-18,0.031496062874794006
84,2026-02-19,0.0
84,2026-02-20,0.007874016650021076
84,2026-02-21,0.0118110291659832
84,2026-02-22,0.0
84,2026-02-23,0.0
84,2026-02-24,0.0
84,2026-02-25,0.0
84,2026-02-26,0.0
84,2026-02-27,0.0
84,2026-02-28,0.0
85,2026-01-30,0.0
85,2026-01-31,0.0
85,2026-02-01,0.0
85,2026-02-02,0.0
85,2026-02-03,0.0
85,2026-02-04,0.0
85,2026-02-05,0.0
85,2026-02-06,0.007874015718698502
85,2026-02-07,0.0
85,2026-02-08,0.0
85,2026-02-09,0.0
85,2026-02-10,0.0
85,2026-02-11,0.0
85,2026-02-12,0.0
85,2026-02-13,0.0
85,2026-02-14,0.0
85,2026-02-15,0.0
85,2026-02-16,0.0
85,2026-02-17,0.0
85,2026-02-18,0.33070868253707886
85,2026-02-19,0.0
85,2026-02-20,0.5078740119934082
85,2026-02-21,0.0
85,2026-02-22,0.0
85,2026-02-23,0.0
85,2026-02-24,0.0
85,2026-02-25,0.0
85,2026-02-26,0.0
85,2026-02-27,0.0
85,2026-02-28,0.0
86,2026-01-30,0.0
86,2026-01-31,0.0
86,2026-02-01,0.0
86,2026-02-02,0.0
86,2026-02-03,0.003937007859349251
86,2026-02-04,0.0
86,2026-02-05,0.0
86,2026-02-06,0.0
86,2026-02-07,0.0
86,2026-02-08,0.0
86,2026-02-09,0.0
86,2026-02-10,0.003937008325010538
86,2026-02-11,0.0
86,2026-02-12,0.0
86,2026-02-13,0.0
86,2026-02-14,0.0
86,2026-02-15,0.0
86,2026-02-16,0.0
86,2026-02-17,0.015748031437397003
86,2026-02-18,0.547244131565094
86,2026-02-19,0.09055118262767792
86,2026-02-20,0.23228345811367035
86,2026-02-21,0.0
86,2026-02-22,0.0
86,2026-02-23,0.0
86,2026-02-24,0.0
86,2026-02-25,0.015748031437397003
86,2026-02-26,0.0
86,2026-02-27,0.0
86,2026-02-28,0.09448819607496262
87,2026-01-30,0.0
87,2026-01-31,0.0
87,2026-02-01,0.003937007859349251
87,2026-02-02,0.0
87,2026-02-03,0.0
87,2026-02-04,0.0
87,2026-02-05,0.0
87,2026-02-06,0.0
87,2026-02-07,0.0
87,2026-02-08,0.0
87,2026-02-09,0.0
87,2026-02-10,0.0
87,2026-02-11,0.0
87,2026-02-12,0.0
87,2026-02-13,0.0
87,2026-02-14,0.0
87,2026-02-15,0.0
87,2026-02-16,0.0
87,2026-02-17,0.0
87,2026-02-18,0.26771655678749084
87,2026-02-19,0.0
87,2026-02-20,0.0
87,2026-02-21,0.0
87,2026-02-22,0.0
87,2026-02-23,0.0
87,2026-02-24,0.011811024509370327
87,2026-02-25,0.0
87,2026-02-26,0.0
87,2026-02-27,0.0
87,2026-02-28,0.0
88,2026-01-30,0.0
88,2026-01-31,0.0
88,2026-02-01,0.0
88,2026-02-02,0.0
88,2026-02-03,0.0
88,2026-02-04,0.0
88,2026-02-05,0.0
88,2026-02-06,0.0
88,2026-02-07,0.0
88,2026-02-08,0.0
88,2026-02-09,0.0
88,2026-02-10,0.023622049018740654
88,2026-02-11,0.7322834730148315
88,2026-02-12,0.0
88,2026-02-13,0.0
88,2026-02-14,0.0
88,2026-02-15,0.0
88,2026-02-16,1.039370059967041
88,2026-02-17,0.6141732335090637
88,2026-02-18,0.4055117964744568
88,2026-02-19,0.38582682609558105
88,2026-02-20,0.023622049018740654
88,2026-02-21,0.0
88,2026-02-22,0.0
88,2026-02-23,0.0
88,2026-02-24,0.0
88,2026-02-25,0.0
88,2026-02-26,0.0
88,2026-02-27,0.0
88,2026-02-28,0.0
89,2026-01-30,0.0
89,2026-01-31,0.0
89,2026-02-01,0.0
89,2026-02-02,0.0
89,2026-02-03,0.6062992215156555
89,2026-02-04,0.3818897604942322
89,2026-02-05,0.0
89,2026-02-06,0.0
89,2026-02-07,0.0
89,2026-02-08,0.003937007859349251
89,2026-02-09,0.0
89,2026-02-10,0.015748031437397003
89,2026-02-11,0.13779528439044952
89,2026-02-12,0.0
89,2026-02-13,0.011811024509370327
89,2026-02-14,0.26377949118614197
89,2026-02-15,0.665354311466217
89,2026-02-16,0.0
89,2026-02-17,0.0
89,2026-02-18,0.007874015718698502
89,2026-02-19,0.003937007859349251
89,2026-02-20,0.10629920661449432
89,2026-02-21,0.003937007859349251
89,2026-02-22,0.0
89,2026-02-23,0.0
89,2026-02-24,0.0
89,2026-02-25,0.0
89,2026-02-26,0.003937007859349251
89,2026-02-27,0.0
89,2026-02-28,0.0
90,2026-01-30,0.0
90,2026-01-31,0.0
90,2026-02-01,0.0
90,2026-02-02,0.0
90,2026-02-03,0.0
90,2026-02-04,0.0
90,2026-02-05,0.0
90,2026-02-06,0.003937007859349251
90,2026-02-07,0.0
90,2026-02-08,0.0
90,2026-02-09,0.0
90,2026-02-10,0.0
90,2026-02-11,0.0
90,2026-02-12,0.0
90,2026-02-13,0.04330708831548691
90,2026-02-14,0.0
90,2026-02-15,0.0
90,2026-02-16,0.0
90,2026-02-17,0.3385826647281647
90,2026-02-18,0.027559055015444756
90,2026-02-19,0.0
90,2026-02-20,0.0
90,2026-02-21,0.0
90,2026-02-22,0.0
90,2026-02-23,0.0
90,2026-02-24,0.0
90,2026-02-25,0.0
90,2026-02-26,0.0
90,2026-02-27,0.0
90,2026-02-28,0.0
91,2026-01-30,0.0
91,2026-01-31,0.0
91,2026-02-01,0.0
91,2026-02-02,0.0
91,2026-02-03,0.0
91,2026-02-04,0.0
91,2026-02-05,0.0
91,2026-02-06,0.0
91,2026-02-07,0.0
91,2026-02-08,0.0
91,2026-02-09,0.0
91,2026-02-10,0.0
91,2026-02-11,0.0
91,2026-02-12,0.0
91,2026-02-13,0.0
91,2026-02-14,0.0
91,2026-02-15,0.27559056878089905
91,2026-02-16,0.4094488024711609
91,2026-02-17,0.0
91,2026-02-18,0.0
91,2026-02-19,0.4448818564414978
91,2026-02-20,0.7165354490280151
91,2026-02-21,0.0
91,2026-02-22,0.26377952098846436
91,2026-02-23,0.007874008268117905
91,2026-02-24,0.0
91,2026-02-25,0.0
91,2026-02-26,0.05905512347817421
91,2026-02-27,0.0
91,2026-02-28,0.0
92,2026-01-30,0.0
92,2026-01-31,0.0
92,2026-02-01,0.0
92,2026-02-02,0.0
92,2026-02-03,0.0
92,2026-02-04,0.0
92,2026-02-05,0.0
92,2026-02-06,0.0
92,2026-02-07,0.27559056878089905
92,2026-02-08,0.0
92,2026-02-09,0.0
92,2026-02-10,0.0
92,2026-02-11,0.0
92,2026-02-12,0.0
92,2026-02-13,0.08267716318368912
92,2026-02-14,0.011811024509370327
92,2026-02-15,0.0
92,2026-02-16,0.0
92,2026-02-17,0.0
92,2026-02-18,0.0
92,2026-02-19,0.0
92,2026-02-20,0.0
92,2026-02-21,0.0
92,2026-02-22,0.0
92,2026-02-23,0.0
92,2026-02-24,0.0
92,2026-02-25,0.0
92,2026-02-26,0.0
92,2026-02-27,0.0
92,2026-02-28,0.0
93,2026-01-30,0.0
93,2026-01-31,0.0
93,2026-02-01,0.0
93,2026-02-02,0.0
93,2026-02-03,0.0
93,2026-02-04,0.0
93,2026-02-05,0.0
93,2026-02-06,0.0
93,2026-02-07,0.0
93,2026-02-08,0.0
93,2026-02-09,0.0
93,2026-02-10,0.035433072596788406
93,2026-02-11,0.0
93,2026-02-12,0.0
93,2026-02-13,0.0
93,2026-02-14,0.0
93,2026-02-15,0.0
93,2026-02-16,0.0
93,2026-02-17,0.023622049018740654
93,2026-02-18,0.29921260476112366
93,2026-02-19,0.027559056878089905
93,2026-02-20,0.42125988006591797
93,2026-02-21,0.015748033300042152
93,2026-02-22,0.0
93,2026-02-23,0.015748033300042152
93,2026-02-24,0.0
93,2026-02-25,0.015748031437397003
93,2026-02-26,0.0
93,2026-02-27,0.0
93,2026-02-28,0.03937007859349251
94,2026-01-30,0.0
94,2026-01-31,0.0
94,2026-02-01,0.0
94,2026-02-02,0.0
94,2026-02-03,0.0
94,2026-02-04,0.0
94,2026-02-05,0.0
94,2026-02-06,0.011811024509370327
94,2026-02-07,0.0
94,2026-02-08,0.0
94,2026-02-09,0.0
94,2026-02-10,0.0
94,2026-02-11,0.05118110775947571
94,2026-02-12,0.0
94,2026-02-13,0.0
94,2026-02-14,0.0
94,2026-02-15,0.0
94,2026-02-16,0.0
94,2026-02-17,0.22834645211696625
94,2026-02-18,0.31889766454696655
94,2026-02-19,0.027559056878089905
94,2026-02-20,0.031496062874794006
94,2026-02-21,0.0
94,2026-02-22,0.0
94,2026-02-23,0.0
94,2026-02-24,0.0
94,2026-02-25,0.0
94,2026-02-26,0.0
94,2026-02-27,0.0
94,2026-02-28,0.0
95,2026-01-30,0.0
95,2026-01-31,0.0
95,2026-02-01,0.0
95,2026-02-02,0.0
95,2026-02-03,0.0
95,2026-02-04,0.0
95,2026-02-05,0.0
95,2026-02-06,0.0
95,2026-02-07,0.0
95,2026-02-08,0.0
95,2026-02-09,0.0
95,2026-02-10,0.0
95,2026-02-11,0.0
95,2026-02-12,0.0
95,2026-02-13,0.0
95,2026-02-14,0.0
95,2026-02-15,0.22440944612026215
95,2026-02-16,0.3937007486820221
95,2026-02-17,0.0
95,2026-02-18,0.007874015718698502
95,2026-02-19,0.24015749990940094
95,2026-02-20,0.8307086825370789
95,2026-02-21,0.0
95,2026-02-22,0.31496065855026245
95,2026-02-23,0.04330708831548691
95,2026-02-24,0.0
95,2026-02-25,0.003937007859349251
95,2026-02-26,0.09448819607496262
95,2026-02-27,0.0
95,2026-02-28,0.0
96,2026-01-30,0.0
96,2026-01-31,0.0
96,2026-02-01,0.0
96,2026-02-02,0.0
96,2026-02-03,0.0
96,2026-02-04,0.712598443031311
96,2026-02-05,0.16535432636737823
96,2026-02-06,0.007874015718698502
96,2026-02-07,0.003937007859349251
96,2026-02-08,0.0
96,2026-02-09,0.0
96,2026-02-10,0.0
96,2026-02-11,0.043307092040777206
96,2026-02-12,0.0
96,2026-02-13,0.0
96,2026-02-14,0.0
96,2026-02-15,0.6692913770675659
96,2026-02-16,0.023622049018740654
96,2026-02-17,0.0
96,2026-02-18,0.0
96,2026-02-19,0.031496062874794006
96,2026-02-20,0.37795278429985046
96,2026-02-21,0.913385808467865
96,2026-02-22,0.11417322605848312
96,2026-02-23,0.0
96,2026-02-24,0.0
96,2026-02-25,0.0
96,2026-02-26,0.31496062874794006
96,2026-02-27,0.8779528141021729
96,2026-02-28,0.003937007859349251
97,2026-01-30,0.007874015718698502
97,2026-01-31,0.0
97,2026-02-01,0.0
97,2026-02-02,0.0
97,2026-02-03,0.031496066600084305
97,2026-02-04,0.0
97,2026-02-05,0.0
97,2026-02-06,0.0
97,2026-02-07,0.0
97,2026-02-08,0.0
97,2026-02-09,0.0
97,2026-02-10,0.09055118262767792
97,2026-02-11,0.14566929638385773
97,2026-02-12,0.0
97,2026-02-13,0.0
97,2026-02-14,0.22834646701812744
97,2026-02-15,1.9566929340362549
97,2026-02-16,0.0
97,2026-02-17,0.0
97,2026-02-18,0.0
97,2026-02-19,0.003937007859349251
97,2026-02-20,0.0
97,2026-02-21,0.04724409803748131
97,2026-02-22,0.0
97,2026-02-23,0.0
97,2026-02-24,0.0
97,2026-02-25,0.015748031437397003
97,2026-02-26,0.015748031437397003
97,2026-02-27,0.0
97,2026-02-28,0.0
98,2026-01-30,0.0
98,2026-01-31,0.0
98,2026-02-01,0.0
98,2026-02-02,0.0
98,2026-02-03,0.0
98,2026-02-04,0.0
98,2026-02-05,0.0
98,2026-02-06,0.0
98,2026-02-07,0.0
98,2026-02-08,0.0
98,2026-02-09,0.0
98,2026-02-10,0.003937007859349251
98,2026-02-11,0.0
98,2026-02-12,0.0
98,2026-02-13,0.0
98,2026-02-14,0.0
98,2026-02-15,0.0
98,2026-02-16,0.0
98,2026-02-17,0.0
98,2026-02-18,0.16929131746292114
98,2026-02-19,0.027559055015444756
98,2026-02-20,0.27952754497528076
98,2026-02-21,0.007874015718698502
98,2026-02-22,0.0
98,2026-02-23,0.0
98,2026-02-24,0.0
98,2026-02-25,0.003937007859349251
98,2026-02-26,0.0
98,2026-02-27,0.0
98,2026-02-28,0.031496062874794006
99,2026-01-30,0.0
99,2026-01-31,0.0
99,2026-02-01,0.0
99,2026-02-02,0.0
99,2026-02-03,0.0
99,2026-02-04,0.0
99,2026-02-05,0.0
99,2026-02-06,0.0
99,2026-02-07,0.0
99,2026-02-08,0.0
99,2026-02-09,0.0
99,2026-02-10,0.0
99,2026-02-11,0.0
99,2026-02-12,0.0
99,2026-02-13,0.0
99,2026-02-14,0.0
99,2026-02-15,0.21653543412685394
99,2026-02-16,0.32283464074134827
99,2026-02-17,0.0
99,2026-02-18,0.003937007859349251
99,2026-02-19,0.14960630238056183
99,2026-02-20,0.7952755689620972
99,2026-02-21,0.0
99,2026-02-22,0.28740155696868896
99,2026-02-23,0.023622043430805206
99,2026-02-24,0.0
99,2026-02-25,0.011811024509370327
99,2026-02-26,0.10629921406507492
99,2026-02-27,0.0
99,2026-02-28,0.0
100,2026-01-30,0.0
100,2026-01-31,0.0
100,2026-02-01,0.0
100,2026-02-02,0.0
100,2026-02-03,0.0
100,2026-02-04,0.0
100,2026-02-05,0.0
100,2026-02-06,0.0
100,2026-02-07,0.0
100,2026-02-08,0.0
100,2026-02-09,0.0
100,2026-02-10,0.0
100,2026-02-11,0.0
100,2026-02-12,0.0
100,2026-02-13,0.0
100,2026-02-14,0.0
100,2026-02-15,0.0
100,2026-02-16,0.0
100,2026-02-17,0.0
100,2026-02-18,0.09448820352554321
100,2026-02-19,0.11417322605848312
100,2026-02-20,0.41338586807250977
100,2026-02-21,0.0
100,2026-02-22,0.0
100,2026-02-23,0.0
100,2026-02-24,0.0
100,2026-02-25,0.0
100,2026-02-26,0.0
100,2026-02-27,0.0
100,2026-02-28,0.0
101,2026-01-30,0.0
101,2026-01-31,0.0
101,2026-02-01,0.0
101,2026-02-02,0.0
101,2026-02-03,0.0
101,2026-02-04,0.0
101,2026-02-05,0.0
101,2026-02-06,0.0
101,2026-02-07,0.0
101,2026-02-08,0.0
101,2026-02-09,0.0
101,2026-02-10,0.0
101,2026-02-11,0.0
101,2026-02-12,0.0
101,2026-02-13,0.0
101,2026-02-14,1.1771653890609741
101,2026-02-15,0.003937007859349251
101,2026-02-16,0.0
101,2026-02-17,0.0
101,2026-02-18,0.007874015718698502
101,2026-02-19,0.011811024509370327
101,2026-02-20,0.0
101,2026-02-21,0.0
101,2026-02-22,0.0
101,2026-02-23,0.0
101,2026-02-24,0.0
101,2026-02-25,0.0
101,2026-02-26,0.03543306887149811
101,2026-02-27,0.0
101,2026-02-28,0.09055118262767792
102,2026-01-30,0.0
102,2026-01-31,0.0
102,2026-02-01,0.0
102,2026-02-02,0.0
102,2026-02-03,0.0
102,2026-02-04,0.0
102,2026-02-05,0.0
102,2026-02-06,0.0
102,2026-02-07,0.0
102,2026-02-08,0.0
102,2026-02-09,0.015748031437397003
102,2026-02-10,0.11417323350906372
102,2026-02-11,0.6299213171005249
102,2026-02-12,0.35039377212524414
102,2026-02-13,0.0
102,2026-02-14,0.019685039296746254
102,2026-02-15,0.4133858382701874
102,2026-02-16,1.4055118560791016
102,2026-02-17,0.7834645509719849
102,2026-02-18,0.37795281410217285
102,2026-02-19,0.7834647297859192
102,2026-02-20,0.0
102,2026-02-21,0.0
102,2026-02-22,0.0
102,2026-02-23,0.0
102,2026-02-24,0.07480315119028091
102,2026-02-25,0.12598423659801483
102,2026-02-26,0.0
102,2026-02-27,0.0
102,2026-02-28,0.0
103,2026-01-30,0.0
103,2026-01-31,0.0
103,2026-02-01,0.0
103,2026-02-02,0.0
103,2026-02-03,0.0
103,2026-02-04,0.0
103,2026-02-05,0.0
103,2026-02-06,0.003937007859349251
103,2026-02-07,0.0
103,2026-02-08,0.0
103,2026-02-09,0.0
103,2026-02-10,0.0
103,2026-02-11,1.2874016761779785
103,2026-02-12,0.003937007859349251
103,2026-02-13,0.0
103,2026-02-14,0.0
103,2026-02-15,0.0
103,2026-02-16,0.6220472455024719
103,2026-02-17,0.45669296383857727
103,2026-02-18,0.33070868253707886
103,2026-02-19,0.12598425149917603
103,2026-02-20,0.19291336834430695
103,2026-02-21,0.0
103,2026-02-22,0.0
103,2026-02-23,0.0
103,2026-02-24,0.0
103,2026-02-25,0.0
103,2026-02-26,0.0
103,2026-02-27,0.0
103,2026-02-28,0.0
104,2026-01-30,0.0
104,2026-01-31,0.007874015718698502
104,2026-02-01,0.0
104,2026-02-02,0.0
104,2026-02-03,0.0
104,2026-02-04,0.5157480239868164
104,2026-02-05,0.14960628747940063
104,2026-02-06,0.0
104,2026-02-07,0.0
104,2026-02-08,0.0
104,2026-02-09,0.0
104,2026-02-10,0.0
104,2026-02-11,0.07086614519357681
104,2026-02-12,0.0
104,2026-02-13,0.0
104,2026-02-14,0.0
104,2026-02-15,0.7322834730148315
104,2026-02-16,0.023622049018740654
104,2026-02-17,0.0
104,2026-02-18,0.0
104,2026-02-19,0.04724409803748131
104,2026-02-20,0.23622047901153564
104,2026-02-21,1.0866142511367798
104,2026-02-22,0.06692913919687271
104,2026-02-23,0.0
104,2026-02-24,0.0
104,2026-02-25,0.0
104,2026-02-26,0.4291338622570038
104,2026-02-27,0.9488189220428467
104,2026-02-28,0.0
105,2026-01-30,0.0
105,2026-01-31,0.0
105,2026-02-01,0.0
105,2026-02-02,0.0
105,2026-02-03,0.0
105,2026-02-04,0.0
105,2026-02-05,0.0
105,2026-02-06,0.0
105,2026-02-07,0.0
105,2026-02-08,0.0
105,2026-02-09,0.0
105,2026-02-10,0.0
105,2026-02-11,0.0
105,2026-02-12,0.0
105,2026-02-13,0.23228347301483154
105,2026-02-14,0.09055118262767792
105,2026-02-15,0.0
105,2026-02-16,0.0
105,2026-02-17,0.35826778411865234
105,2026-02-18,0.0
105,2026-02-19,0.15748031437397003
105,2026-02-20,0.007874015718698502
105,2026-02-21,0.0
105,2026-02-22,0.0
105,2026-02-23,0.0
105,2026-02-24,0.0
105,2026-02-25,0.0
105,2026-02-26,0.0
105,2026-02-27,0.0
105,2026-02-28,0.0
106,2026-01-30,0.0
106,2026-01-31,0.0
106,2026-02-01,0.0
106,2026-02-02,0.0
106,2026-02-03,0.0
106,2026-02-04,0.4448819160461426
106,2026-02-05,0.0
106,2026-02-06,0.0
106,2026-02-07,0.0
106,2026-02-08,0.0
106,2026-02-09,0.0
106,2026-02-10,0.0
106,2026-02-11,0.21653543412685394
106,2026-02-12,0.007874015718698502
106,2026-02-13,0.0
106,2026-02-14,0.015748031437397003
106,2026-02-15,0.7047244310379028
106,2026-02-16,0.0
106,2026-02-17,0.003937007859349251
106,2026-02-18,0.011811024509370327
106,2026-02-19,0.035433072596788406
106,2026-02-20,0.08267717063426971
106,2026-02-21,0.08661417663097382
106,2026-02-22,0.015748031437397003
106,2026-02-23,0.0
106,2026-02-24,0.0
106,2026-02-25,0.0
106,2026-02-26,0.04724409803748131
106,2026-02-27,0.6417322754859924
106,2026-02-28,0.007874015718698502
107,2026-01-30,0.0
107,2026-01-31,0.007874015718698502
107,2026-02-01,0.0
107,2026-02-02,0.0
107,2026-02-03,0.0
107,2026-02-04,0.38582679629325867
107,2026-02-05,0.31889766454696655
107,2026-02-06,0.0
107,2026-02-07,0.019685039296746254
107,2026-02-08,0.0
107,2026-02-09,0.0
107,2026-02-10,0.0
107,2026-02-11,0.06299213320016861
107,2026-02-12,0.0
107,2026-02-13,0.0
107,2026-02-14,0.0
107,2026-02-15,0.22440944612026215
107,2026-02-16,0.24409449100494385
107,2026-02-17,0.0
107,2026-02-18,0.0
107,2026-02-19,0.023622049018740654
107,2026-02-20,0.011811024509370327
107,2026-02-21,1.003937005996704
107,2026-02-22,0.4803149998188019
107,2026-02-23,0.0
107,2026-02-24,0.0
107,2026-02-25,0.0
107,2026-02-26,0.011811024509370327
107,2026-02-27,1.7165354490280151
107,2026-02-28,0.019685039296746254
108,2026-01-30,0.0
108,2026-01-31,0.0
108,2026-02-01,0.0
108,2026-02-02,0.0
108,2026-02-03,0.0
108,2026-02-04,0.28740155696868896
108,2026-02-05,0.0
108,2026-02-06,0.0
108,2026-02-07,0.0
108,2026-02-08,0.0
108,2026-02-09,0.0
108,2026-02-10,0.0
108,2026-02-11,0.18897639214992523
108,2026-02-12,0.0
108,2026-02-13,0.0
108,2026-02-14,0.0
108,2026-02-15,0.8700787425041199
108,2026-02-16,0.015748031437397003
108,2026-02-17,0.0
108,2026-02-18,0.007874015718698502
108,2026-02-19,0.06299213320016861
108,2026-02-20,0.09842519462108612
108,2026-02-21,0.25196850299835205
108,2026-02-22,0.019685039296746254
108,2026-02-23,0.0
108,2026-02-24,0.0
108,2026-02-25,0.031496062874794006
108,2026-02-26,0.6023622751235962
108,2026-02-27,0.40157485008239746
108,2026-02-28,0.0
109,2026-01-30,0.0
109,2026-01-31,0.031496062874794006
109,2026-02-01,0.0
109,2026-02-02,0.0
109,2026-02-03,0.0
109,2026-02-04,0.0
109,2026-02-05,0.0
109,2026-02-06,0.0
109,2026-02-07,0.0
109,2026-02-08,0.0
109,2026-02-09,0.0
109,2026-02-10,0.0
109,2026-02-11,0.0
109,2026-02-12,0.0
109,2026-02-13,0.0
109,2026-02-14,0.023622049018740654
109,2026-02-15,0.003937007859349251
109,2026-02-16,0.0
109,2026-02-17,0.0
109,2026-02-18,0.0
109,2026-02-19,0.0
109,2026-02-20,0.0
109,2026-02-21,0.015748031437397003
109,2026-02-22,0.0
109,2026-02-23,0.0
109,2026-02-24,0.0
109,2026-02-25,0.0
109,2026-02-26,0.0
109,2026-02-27,0.0
109,2026-02-28,0.007874015718698502
110,2026-01-30,0.08267716318368912
110,2026-01-31,0.023622049018740654
110,2026-02-01,0.0
110,2026-02-02,0.0
110,2026-02-03,0.03937007859349251
110,2026-02-04,0.023622049018740654
110,2026-02-05,0.019685039296746254
110,2026-02-06,0.0
110,2026-02-07,0.0
110,2026-02-08,0.0
110,2026-02-09,0.003937007859349251
110,2026-02-10,0.0
110,2026-02-11,0.007874016650021076
110,2026-02-12,0.0
110,2026-02-13,0.0
110,2026-02-14,0.011811022646725178
110,2026-02-15,0.011811024509370327
110,2026-02-16,0.0
110,2026-02-17,0.0
110,2026-02-18,0.0
110,2026-02-19,0.0
110,2026-02-20,0.0
110,2026-02-21,0.0
110,2026-02-22,0.0
110,2026-02-23,0.0
110,2026-02-24,0.0
110,2026-02-25,0.0
110,2026-02-26,0.0
110,2026-02-27,0.0
110,2026-02-28,0.0
111,2026-01-30,0.0
111,2026-01-31,0.0
111,2026-02-01,0.0
111,2026-02-02,0.0
111,2026-02-03,0.0
111,2026-02-04,0.07480315119028091
111,2026-02-05,0.015748031437397003
111,2026-02-06,0.015748031437397003
111,2026-02-07,0.0
111,2026-02-08,0.0
111,2026-02-09,0.0
111,2026-02-10,0.0
111,2026-02-11,0.015748031437397003
111,2026-02-12,0.0
111,2026-02-13,0.0
111,2026-02-14,0.0
111,2026-02-15,1.059055209159851
111,2026-02-16,0.08267716318368912
111,2026-02-17,0.0
111,2026-02-18,0.003937007859349251
111,2026-02-19,0.07086614519357681
111,2026-02-20,0.019685039296746254
111,2026-02-21,0.10629921406507492
111,2026-02-22,0.14566929638385773
111,2026-02-23,0.0
111,2026-02-24,0.0
111,2026-02-25,0.0
111,2026-02-26,0.8779528141021729
111,2026-02-27,0.28740155696868896
111,2026-02-28,0.0
112,2026-01-30,0.0
112,2026-01-31,0.0
112,2026-02-01,0.0
112,2026-02-02,0.0
112,2026-02-03,0.0
112,2026-02-04,0.0
112,2026-02-05,0.0
112,2026-02-06,0.0
112,2026-02-07,0.0
112,2026-02-08,0.0
112,2026-02-09,0.0
112,2026-02-10,0.031496062874794006
112,2026-02-11,1.2874014377593994
112,2026-02-12,0.003937007859349251
112,2026-02-13,0.0
112,2026-02-14,0.0
112,2026-02-15,0.0
112,2026-02-16,1.3897639513015747
112,2026-02-17,0.3897637724876404
112,2026-02-18,0.40157485008239746
112,2026-02-19,0.5039370656013489
112,2026-02-20,0.0
112,2026-02-21,0.0
112,2026-02-22,0.0
112,2026-02-23,0.0
112,2026-02-24,0.0
112,2026-02-25,0.0
112,2026-02-26,0.0
112,2026-02-27,0.0
112,2026-02-28,0.0
113,2026-01-30,0.03543306887149811
113,2026-01-31,0.031496062874794006
113,2026-02-01,0.07874015718698502
113,2026-02-02,1.2952755689620972
113,2026-02-03,0.8031495809555054
113,2026-02-04,0.5196850895881653
113,2026-02-05,0.0
113,2026-02-06,0.0
113,2026-02-07,0.11023622006177902
113,2026-02-08,0.12204725295305252
113,2026-02-09,0.15748031437397003
113,2026-02-10,0.06692913919687271
113,2026-02-11,0.019685039296746254
113,2026-02-12,0.16535434126853943
113,2026-02-13,0.035433072596788406
113,2026-02-14,0.3464566767215729
113,2026-02-15,0.26377949118614197
113,2026-02-16,0.027559056878089905
113,2026-02-17,0.023622049018740654
113,2026-02-18,0.031496062874794006
113,2026-02-19,0.0
113,2026-02-20,0.0
113,2026-02-21,0.0
113,2026-02-22,0.0
113,2026-02-23,0.0
113,2026-02-24,0.07874015718698502
113,2026-02-25,0.011811024509370327
113,2026-02-26,0.011811024509370327
113,2026-02-27,0.023622049018740654
113,2026-02-28,0.003937007859349251
114,2026-01-30,0.0
114,2026-01-31,0.0
114,2026-02-01,0.0
114,2026-02-02,0.0
114,2026-02-03,0.0
114,2026-02-04,0.0
114,2026-02-05,0.0
114,2026-02-06,0.0
114,2026-02-07,0.0
114,2026-02-08,0.0
114,2026-02-09,0.0
114,2026-02-10,0.0
114,2026-02-11,0.003937007859349251
114,2026-02-12,0.0
114,2026-02-13,0.0
114,2026-02-14,0.0
114,2026-02-15,0.0
114,2026-02-16,0.0
114,2026-02-17,0.0
114,2026-02-18,0.10629920661449432
114,2026-02-19,0.04724409803748131
114,2026-02-20,0.29921257495880127
114,2026-02-21,0.003937007859349251
114,2026-02-22,0.015748031437397003
114,2026-02-23,0.0
114,2026-02-24,0.0
114,2026-02-25,0.0
114,2026-02-26,0.031496062874794006
114,2026-02-27,0.0
114,2026-02-28,0.0
115,2026-01-30,0.4251968562602997
115,2026-01-31,0.08267716318368912
115,2026-02-01,0.4488188922405243
115,2026-02-02,0.29527556896209717
115,2026-02-03,0.0
115,2026-02-04,0.0
115,2026-02-05,0.0
115,2026-02-06,0.0
115,2026-02-07,0.3897637724876404
115,2026-02-08,0.31496062874794006
115,2026-02-09,0.578740119934082
115,2026-02-10,0.04724409803748131
115,2026-02-11,0.0
115,2026-02-12,0.0
115,2026-02-13,0.13779528439044952
115,2026-02-14,0.350393682718277
115,2026-02-15,0.0
115,2026-02-16,0.06299212574958801
115,2026-02-17,0.007874015718698502
115,2026-02-18,0.10629920661449432
115,2026-02-19,0.031496066600084305
115,2026-02-20,0.0
115,2026-02-21,0.22440944612026215
115,2026-02-22,0.20866140723228455
115,2026-02-23,0.7401575446128845
115,2026-02-24,0.023622049018740654
115,2026-02-25,0.011811024509370327
115,2026-02-26,0.0
115,2026-02-27,0.015748031437397003
115,2026-02-28,0.0
116,2026-01-30,0.0
116,2026-01-31,0.0
116,2026-02-01,0.0
116,2026-02-02,0.0
116,2026-02-03,0.0
116,2026-02-04,0.0
116,2026-02-05,0.0
116,2026-02-06,0.0
116,2026-02-07,0.0
116,2026-02-08,0.0
116,2026-02-09,0.0
116,2026-02-10,0.0
116,2026-02-11,0.0
116,2026-02-12,0.0
116,2026-02-13,0.0
116,2026-02-14,0.0
116,2026-02-15,0.18897639214992523
116,2026-02-16,0.3700787425041199
116,2026-02-17,0.0
116,2026-02-18,0.031496062874794006
116,2026-02-19,0.10236220061779022
116,2026-02-20,0.5157480835914612
116,2026-02-21,0.0
116,2026-02-22,0.27165353298187256
116,2026-02-23,0.015748027712106705
116,2026-02-24,0.0
116,2026-02-25,0.015748031437397003
116,2026-02-26,0.05118110030889511
116,2026-02-27,0.0
116,2026-02-28,0.0
117,2026-01-30,0.0
117,2026-01-31,0.0
117,2026-02-01,0.0
117,2026-02-02,0.0
117,2026-02-03,0.0
117,2026-02-04,0.0
117,2026-02-05,0.0
117,2026-02-06,0.0
117,2026-02-07,0.0
117,2026-02-08,0.04330708831548691
117,2026-02-09,0.0
117,2026-02-10,0.0
117,2026-02-11,0.0
117,2026-02-12,0.0
117,2026-02-13,0.0
117,2026-02-14,0.8543307781219482
117,2026-02-15,0.07480315119028091
117,2026-02-16,0.0
117,2026-02-17,0.0
117,2026-02-18,0.0
117,2026-02-19,0.0
117,2026-02-20,0.0
117,2026-02-21,0.007874015718698502
117,2026-02-22,0.0
117,2026-02-23,0.0
117,2026-02-24,0.0
117,2026-02-25,0.0
117,2026-02-26,0.0
117,2026-02-27,0.0
117,2026-02-28,0.0
118,2026-01-30,0.0
118,2026-01-31,0.0
118,2026-02-01,0.0
118,2026-02-02,0.0
118,2026-02-03,0.0
118,2026-02-04,0.0
118,2026-02-05,0.0
118,2026-02-06,0.0
118,2026-02-07,0.0
118,2026-02-08,0.0
118,2026-02-09,0.0
118,2026-02-10,0.0
118,2026-02-11,0.007874015718698502
118,2026-02-12,0.0
118,2026-02-13,0.0
118,2026-02-14,0.0
118,2026-02-15,0.0
118,2026-02-16,0.007874015718698502
118,2026-02-17,0.0
118,2026-02-18,0.06299212574958801
118,2026-02-19,0.06692913919687271
118,2026-02-20,0.34251973032951355
118,2026-02-21,0.0
118,2026-02-22,0.07480314373970032
118,2026-02-23,0.0
118,2026-02-24,0.0
118,2026-02-25,0.0
118,2026-02-26,0.011811024509370327
118,2026-02-27,0.0
118,2026-02-28,0.0
119,2026-01-30,0.0
119,2026-01-31,0.0
119,2026-02-01,0.0
119,2026-02-02,0.0
119,2026-02-03,0.18110236525535583
119,2026-02-04,0.0
119,2026-02-05,0.0
119,2026-02-06,0.0
119,2026-02-07,0.0
119,2026-02-08,0.0
119,2026-02-09,0.0
119,2026-02-10,0.011811024509370327
119,2026-02-11,0.29133856296539307
119,2026-02-12,0.0
119,2026-02-13,0.0
119,2026-02-14,0.07086614519357681
119,2026-02-15,2.078740119934082
119,2026-02-16,0.0
119,2026-02-17,0.0
119,2026-02-18,0.007874015718698502
119,2026-02-19,0.007874015718698502
119,2026-02-20,0.0
119,2026-02-21,0.023622049018740654
119,2026-02-22,0.0
119,2026-02-23,0.0
119,2026-02-24,0.0
119,2026-02-25,0.003937007859349251
119,2026-02-26,0.22047242522239685
119,2026-02-27,0.0
119,2026-02-28,0.0
120,2026-01-30,0.0
120,2026-01-31,0.023622049018740654
120,2026-02-01,0.0
120,2026-02-02,0.0
120,2026-02-03,0.0
120,2026-02-04,0.0
120,2026-02-05,0.33858269453048706
120,2026-02-06,0.0
120,2026-02-07,0.0
120,2026-02-08,0.0
120,2026-02-09,0.0
120,2026-02-10,0.0
120,2026-02-11,0.0
120,2026-02-12,0.04724409803748131
120,2026-02-13,0.0
120,2026-02-14,0.0
120,2026-02-15,0.0
120,2026-02-16,0.84645676612854
120,2026-02-17,0.0
120,2026-02-18,0.0
120,2026-02-19,0.0
120,2026-02-20,0.0
120,2026-02-21,0.0
120,2026-02-22,0.24803151190280914
120,2026-02-23,0.0
120,2026-02-24,0.0
120,2026-02-25,0.0
120,2026-02-26,0.0
120,2026-02-27,0.38582682609558105
120,2026-02-28,1.0354331731796265
121,2026-01-30,0.0
121,2026-01-31,0.0
121,2026-02-01,0.0
121,2026-02-02,0.0
121,2026-02-03,0.0
121,2026-02-04,0.0
121,2026-02-05,0.0
121,2026-02-06,0.003937007859349251
121,2026-02-07,0.0
121,2026-02-08,0.0
121,2026-02-09,0.0
121,2026-02-10,0.0
121,2026-02-11,0.0
121,2026-02-12,0.0
121,2026-02-13,0.0
121,2026-02-14,0.0
121,2026-02-15,0.0
121,2026-02-16,0.0
121,2026-02-17,0.0
121,2026-02-18,0.09055119007825851
121,2026-02-19,0.0
121,2026-02-20,0.25590550899505615
121,2026-02-21,0.0
121,2026-02-22,0.0
121,2026-02-23,0.0
121,2026-02-24,0.0
121,2026-02-25,0.0
121,2026-02-26,0.0
121,2026-02-27,0.0
121,2026-02-28,0.0
122,2026-01-30,0.0
122,2026-01-31,0.0
122,2026-02-01,0.0
122,2026-02-02,0.0
122,2026-02-03,0.0
122,2026-02-04,0.0
122,2026-02-05,0.0
122,2026-02-06,0.003937007859349251
122,2026-02-07,0.0
122,2026-02-08,0.0
122,2026-02-09,0.0
122,2026-02-10,0.0
122,2026-02-11,0.36614179611206055
122,2026-02-12,0.0
122,2026-02-13,0.0
122,2026-02-14,0.0
122,2026-02-15,0.003937007859349251
122,2026-02-16,1.1338582038879395
122,2026-02-17,0.40157487988471985
122,2026-02-18,0.7834645509719849
122,2026-02-19,0.24409449100494385
122,2026-02-20,0.0
122,2026-02-21,0.0
122,2026-02-22,0.0
122,2026-02-23,0.0
122,2026-02-24,0.0
122,2026-02-25,0.0
122,2026-02-26,0.0
122,2026-02-27,0.0
122,2026-02-28,0.0
124,2026-01-30,0.0
124,2026-01-31,0.0
124,2026-02-01,0.0
124,2026-02-02,0.0
124,2026-02-03,0.0
124,2026-02-04,0.0
124,2026-02-05,0.0
124,2026-02-06,0.0
124,2026-02-07,0.0
124,2026-02-08,0.0
124,2026-02-09,0.035433076322078705
124,2026-02-10,0.0
124,2026-02-11,0.08267716318368912
124,2026-02-12,0.8661417365074158
124,2026-02-13,0.11023622751235962
124,2026-02-14,0.0
124,2026-02-15,0.0
124,2026-02-16,0.0
124,2026-02-17,0.07874015718698502
124,2026-02-18,0.027559056878089905
124,2026-02-19,0.0
124,2026-02-20,0.0
124,2026-02-21,0.0
124,2026-02-22,0.0
124,2026-02-23,0.0
124,2026-02-24,0.0
124,2026-02-25,0.9094488620758057
124,2026-02-26,0.22047244012355804
124,2026-02-27,0.0
124,2026-02-28,0.0
125,2026-01-30,0.0
125,2026-01-31,0.0
125,2026-02-01,0.0
125,2026-02-02,0.0
125,2026-02-03,0.0
125,2026-02-04,0.0
125,2026-02-05,0.0
125,2026-02-06,0.0
125,2026-02-07,0.0
125,2026-02-08,0.0
125,2026-02-09,0.0
125,2026-02-10,0.0
125,2026-02-11,0.011811024509370327
125,2026-02-12,0.0
125,2026-02-13,0.0
125,2026-02-14,0.0
125,2026-02-15,0.0
125,2026-02-16,0.0
125,2026-02-17,0.0
125,2026-02-18,0.07874015718698502
125,2026-02-19,0.015748031437397003
125,2026-02-20,0.507874071598053
125,2026-02-21,0.023622049018740654
125,2026-02-22,0.019685039296746254
125,2026-02-23,0.003937006462365389
125,2026-02-24,0.0
125,2026-02-25,0.0
125,2026-02-26,0.0
125,2026-02-27,0.0
125,2026-02-28,0.0
126,2026-01-30,0.0
126,2026-01-31,0.003937007859349251
126,2026-02-01,0.0
126,2026-02-02,0.0
126,2026-02-03,0.0
126,2026-02-04,0.0
126,2026-02-05,0.0
126,2026-02-06,0.011811022646725178
126,2026-02-07,0.0
126,2026-02-08,0.0
126,2026-02-09,0.0
126,2026-02-10,0.0
126,2026-02-11,0.0
126,2026-02-12,0.0
126,2026-02-13,0.0
126,2026-02-14,0.0
126,2026-02-15,0.0
126,2026-02-16,0.0
126,2026-02-17,0.0
126,2026-02-18,0.4488189220428467
126,2026-02-19,0.0
126,2026-02-20,0.29527559876441956
126,2026-02-21,0.0
126,2026-02-22,0.0
126,2026-02-23,0.0
126,2026-02-24,0.0
126,2026-02-25,0.0
126,2026-02-26,0.0
126,2026-02-27,0.0
126,2026-02-28,0.0
127,2026-01-30,0.0
127,2026-01-31,0.0
127,2026-02-01,0.0
127,2026-02-02,0.0
127,2026-02-03,0.0
127,2026-02-04,0.0
127,2026-02-05,0.0
127,2026-02-06,0.0
127,2026-02-07,0.0
127,2026-02-08,0.0
127,2026-02-09,0.0
127,2026-02-10,0.007874015718698502
127,2026-02-11,0.7637795209884644
127,2026-02-12,0.0
127,2026-02-13,0.0
127,2026-02-14,0.0
127,2026-02-15,0.003937007859349251
127,2026-02-16,1.4291340112686157
127,2026-02-17,0.14566926658153534
127,2026-02-18,0.35826772451400757
127,2026-02-19,0.34251973032951355
127,2026-02-20,0.0
127,2026-02-21,0.0
127,2026-02-22,0.0
127,2026-02-23,0.0
127,2026-02-24,0.0
127,2026-02-25,0.0
127,2026-02-26,0.0
127,2026-02-27,0.0
127,2026-02-28,0.0
128,2026-01-30,0.0
128,2026-01-31,0.0
128,2026-02-01,0.0
128,2026-02-02,0.0
128,2026-02-03,0.11023622751235962
128,2026-02-04,0.24015748500823975
128,2026-02-05,0.0
128,2026-02-06,0.0
128,2026-02-07,0.0
128,2026-02-08,0.0
128,2026-02-09,0.027559055015444756
128,2026-02-10,0.0
128,2026-02-11,0.11811021715402603
128,2026-02-12,0.0
128,2026-02-13,0.0
128,2026-02-14,0.0
128,2026-02-15,0.6574803590774536
128,2026-02-16,0.0
128,2026-02-17,0.0
128,2026-02-18,0.023622049018740654
128,2026-02-19,0.09448819607496262
128,2026-02-20,0.06692913174629211
128,2026-02-21,0.16141733527183533
128,2026-02-22,0.0
128,2026-02-23,0.0
128,2026-02-24,0.0
128,2026-02-25,0.0
128,2026-02-26,0.16535432636737823
128,2026-02-27,0.31889763474464417
128,2026-02-28,0.0
129,2026-01-30,0.0
129,2026-01-31,0.0
129,2026-02-01,0.0
129,2026-02-02,0.0
129,2026-02-03,0.0
129,2026-02-04,0.0
129,2026-02-05,0.0
129,2026-02-06,0.0
129,2026-02-07,0.0
129,2026-02-08,0.0
129,2026-02-09,0.0
129,2026-02-10,0.0
129,2026-02-11,0.0
129,2026-02-12,0.0
129,2026-02-13,0.0
129,2026-02-14,0.0
129,2026-02-15,0.25984251499176025
129,2026-02-16,0.33070865273475647
129,2026-02-17,0.0
129,2026-02-18,0.0
129,2026-02-19,0.31496062874794006
129,2026-02-20,0.720472514629364
129,2026-02-21,0.0
129,2026-02-22,0.25196850299835205
129,2026-02-23,0.0
129,2026-02-24,0.0
129,2026-02-25,0.0
129,2026-02-26,0.04330708831548691
129,2026-02-27,0.0
129,2026-02-28,0.0
130,2026-01-30,0.0
130,2026-01-31,0.0
130,2026-02-01,0.0
130,2026-02-02,0.0
130,2026-02-03,0.0
130,2026-02-04,0.0
130,2026-02-05,0.0
130,2026-02-06,0.0
130,2026-02-07,0.0
130,2026-02-08,0.0
130,2026-02-09,0.0
130,2026-02-10,0.0
130,2026-02-11,0.007874015718698502
130,2026-02-12,0.0
130,2026-02-13,0.0
130,2026-02-14,0.0
130,2026-02-15,0.0
130,2026-02-16,0.0
130,2026-02-17,0.0
130,2026-02-18,0.07480315119028091
130,2026-02-19,0.03937007859349251
130,2026-02-20,0.35039374232292175
130,2026-02-21,0.0
130,2026-02-22,0.07480315119028091
130,2026-02-23,0.0
130,2026-02-24,0.0
130,2026-02-25,0.0
130,2026-02-26,0.03937007859349251
130,2026-02-27,0.0
130,2026-02-28,0.0
131,2026-01-30,0.0
131,2026-01-31,0.0
131,2026-02-01,0.0
131,2026-02-02,0.0
131,2026-02-03,0.011811024509370327
131,2026-02-04,0.003937007859349251
131,2026-02-05,0.0
131,2026-02-06,0.003937004134058952
131,2026-02-07,0.0
131,2026-02-08,0.0
131,2026-02-09,0.0
131,2026-02-10,0.0
131,2026-02-11,0.003937007859349251
131,2026-02-12,0.0
131,2026-02-13,0.0
131,2026-02-14,0.04724409803748131
131,2026-02-15,0.4370078444480896
131,2026-02-16,0.0
131,2026-02-17,0.0
131,2026-02-18,0.003937007859349251
131,2026-02-19,0.015748031437397003
131,2026-02-20,0.10629920661449432
131,2026-02-21,0.015748031437397003
131,2026-02-22,0.003937007859349251
131,2026-02-23,0.0
131,2026-02-24,0.0
131,2026-02-25,0.011811024509370327
131,2026-02-26,0.06692913174629211
131,2026-02-27,0.0
131,2026-02-28,0.0
132,2026-01-30,0.0
132,2026-01-31,0.0
132,2026-02-01,0.0
132,2026-02-02,0.0
132,2026-02-03,0.0
132,2026-02-04,0.0
132,2026-02-05,0.0
132,2026-02-06,0.0
132,2026-02-07,0.0
132,2026-02-08,0.0
132,2026-02-09,0.0
132,2026-02-10,0.0
132,2026-02-11,0.003937007859349251
132,2026-02-12,0.0
132,2026-02-13,0.0
132,2026-02-14,0.0
132,2026-02-15,0.12204725295305252
132,2026-02-16,0.11023622006177902
132,2026-02-17,0.0
132,2026-02-18,0.05905511975288391
132,2026-02-19,0.09055118262767792
132,2026-02-20,0.5039370059967041
132,2026-02-21,0.0
132,2026-02-22,0.16141732037067413
132,2026-02-23,0.003937008790671825
132,2026-02-24,0.0
132,2026-02-25,0.0
132,2026-02-26,0.0
132,2026-02-27,0.0
132,2026-02-28,0.0
133,2026-01-30,0.0
133,2026-01-31,0.0
133,2026-02-01,0.0
133,2026-02-02,0.0
133,2026-02-03,0.003937007859349251
133,2026-02-04,0.0
133,2026-02-05,0.0
133,2026-02-06,0.0
133,2026-02-07,0.0
133,2026-02-08,0.0
133,2026-02-09,0.0
133,2026-02-10,0.003937007859349251
133,2026-02-11,0.007874015718698502
133,2026-02-12,0.003937007859349251
133,2026-02-13,0.04330708831548691
133,2026-02-14,0.12204725295305252
133,2026-02-15,0.07874015718698502
133,2026-02-16,0.0
133,2026-02-17,0.0
133,2026-02-18,0.003937007859349251
133,2026-02-19,0.0
133,2026-02-20,0.023622049018740654
133,2026-02-21,0.04724409803748131
133,2026-02-22,0.0
133,2026-02-23,0.0
133,2026-02-24,0.0
133,2026-02-25,0.0
133,2026-02-26,0.0
133,2026-02-27,0.003937007859349251
133,2026-02-28,0.0
134,2026-01-30,0.0
134,2026-01-31,0.0
134,2026-02-01,0.0
134,2026-02-02,0.0
134,2026-02-03,0.0
134,2026-02-04,0.0
134,2026-02-05,0.0
134,2026-02-06,0.0
134,2026-02-07,0.0
134,2026-02-08,0.0
134,2026-02-09,0.0
134,2026-02-10,0.0
134,2026-02-11,0.003937007859349251
134,2026-02-12,0.0
134,2026-02-13,0.0
134,2026-02-14,0.0
134,2026-02-15,0.019685039296746254
134,2026-02-16,0.007874016650021076
134,2026-02-17,0.0
134,2026-02-18,0.023622049018740654
134,2026-02-19,0.06692913919687271
134,2026-02-20,0.5590551495552063
134,2026-02-21,0.0
134,2026-02-22,0.11811023950576782
134,2026-02-23,0.0
134,2026-02-24,0.0
134,2026-02-25,0.0
134,2026-02-26,0.04330708459019661
134,2026-02-27,0.0
134,2026-02-28,0.0
135,2026-01-30,0.0
135,2026-01-31,0.0
135,2026-02-01,0.0
135,2026-02-02,0.0
135,2026-02-03,0.0
135,2026-02-04,0.0
135,2026-02-05,0.18503937125205994
135,2026-02-06,0.0
135,2026-02-07,0.0
135,2026-02-08,0.0
135,2026-02-09,0.0
135,2026-02-10,0.0
135,2026-02-11,0.0
135,2026-02-12,0.003937007859349251
135,2026-02-13,0.0
135,2026-02-14,0.0
135,2026-02-15,0.04724409803748131
135,2026-02-16,0.6062992215156555
135,2026-02-17,0.0
135,2026-02-18,0.0
135,2026-02-19,0.0
135,2026-02-20,0.0
135,2026-02-21,0.0
135,2026-02-22,0.03937007859349251
135,2026-02-23,0.0
135,2026-02-24,0.0
135,2026-02-25,0.0
135,2026-02-26,0.0
135,2026-02-27,0.18110236525535583
135,2026-02-28,1.3267717361450195
136,2026-01-30,0.0
136,2026-01-31,0.04330708831548691
136,2026-02-01,0.0
136,2026-02-02,0.0
136,2026-02-03,0.0
136,2026-02-04,0.0
136,2026-02-05,0.3425196707248688
136,2026-02-06,0.0
136,2026-02-07,0.0
136,2026-02-08,0.0
136,2026-02-09,0.0
136,2026-02-10,0.0
136,2026-02-11,0.0
136,2026-02-12,0.0
136,2026-02-13,0.007874015718698502
136,2026-02-14,0.0
136,2026-02-15,0.0
136,2026-02-16,0.18897636234760284
136,2026-02-17,0.0
136,2026-02-18,0.003937007859349251
136,2026-02-19,0.0
136,2026-02-20,0.0
136,2026-02-21,0.0
136,2026-02-22,0.06692913919687271
136,2026-02-23,0.0
136,2026-02-24,0.0
136,2026-02-25,0.0
136,2026-02-26,0.003937007859349251
136,2026-02-27,0.015748031437397003
136,2026-02-28,0.26771649718284607
137,2026-01-30,0.0
137,2026-01-31,0.0
137,2026-02-01,0.0
137,2026-02-02,0.0
137,2026-02-03,0.09055118262767792
137,2026-02-04,0.5708662867546082
137,2026-02-05,0.011811022646725178
137,2026-02-06,0.08267716318368912
137,2026-02-07,0.0
137,2026-02-08,0.0
137,2026-02-09,0.0
137,2026-02-10,0.0
137,2026-02-11,0.20866140723228455
137,2026-02-12,0.0
137,2026-02-13,0.0
137,2026-02-14,0.0
137,2026-02-15,0.6259841918945312
137,2026-02-16,0.07086613774299622
137,2026-02-17,0.0
137,2026-02-18,0.019685039296746254
137,2026-02-19,0.33070868253707886
137,2026-02-20,0.035433072596788406
137,2026-02-21,0.09055116772651672
137,2026-02-22,0.023622049018740654
137,2026-02-23,0.0
137,2026-02-24,0.0
137,2026-02-25,0.0
137,2026-02-26,1.17322838306427
137,2026-02-27,0.0
137,2026-02-28,0.0
138,2026-01-30,0.0
138,2026-01-31,0.0
138,2026-02-01,0.0
138,2026-02-02,0.0
138,2026-02-03,0.0
138,2026-02-04,0.04330708831548691
138,2026-02-05,0.003937007859349251
138,2026-02-06,0.003937008790671825
138,2026-02-07,0.0
138,2026-02-08,0.0
138,2026-02-09,0.0
138,2026-02-10,0.0
138,2026-02-11,0.0
138,2026-02-12,0.0
138,2026-02-13,0.0
138,2026-02-14,0.0
138,2026-02-15,1.035433053970337
138,2026-02-16,0.21653543412685394
138,2026-02-17,0.0
138,2026-02-18,0.0
138,2026-02-19,0.011811024509370327
138,2026-02-20,0.4685039222240448
138,2026-02-21,0.09055118262767792
138,2026-02-22,0.27559053897857666
138,2026-02-23,0.0
138,2026-02-24,0.0
138,2026-02-25,0.0
138,2026-02-26,0.48425203561782837
138,2026-02-27,0.031496066600084305
138,2026-02-28,0.0
140,2026-01-30,0.0
140,2026-01-31,0.0
140,2026-02-01,0.0
140,2026-02-02,0.0
140,2026-02-03,0.0
140,2026-02-04,0.374015748500824
140,2026-02-05,0.0
140,2026-02-06,0.0
140,2026-02-07,0.0
140,2026-02-08,0.0
140,2026-02-09,0.0
140,2026-02-10,0.0
140,2026-02-11,0.21653543412685394
140,2026-02-12,0.0
140,2026-02-13,0.0
140,2026-02-14,0.003937007859349251
140,2026-02-15,1.3267717361450195
140,2026-02-16,0.0
140,2026-02-17,0.0
140,2026-02-18,0.019685039296746254
140,2026-02-19,0.04724409803748131
140,2026-02-20,0.3897637724876404
140,2026-02-21,0.33858269453048706
140,2026-02-22,0.0
140,2026-02-23,0.0
140,2026-02-24,0.0
140,2026-02-25,0.0
140,2026-02-26,0.3897637724876404
140,2026-02-27,1.2401576042175293
140,2026-02-28,0.011811024509370327
141,2026-01-30,0.0
141,2026-01-31,0.0
141,2026-02-01,0.0
141,2026-02-02,0.0
141,2026-02-03,0.0
141,2026-02-04,0.0
141,2026-02-05,0.0
141,2026-02-06,0.0
141,2026-02-07,0.0
141,2026-02-08,0.0
141,2026-02-09,0.0
141,2026-02-10,0.0
141,2026-02-11,0.0
141,2026-02-12,0.0
141,2026-02-13,0.0
141,2026-02-14,0.0
141,2026-02-15,0.22047244012355804
141,2026-02-16,0.26377955079078674
141,2026-02-17,0.0
141,2026-02-18,0.0
141,2026-02-19,0.18110236525535583
141,2026-02-20,0.5944882035255432
141,2026-02-21,0.0
141,2026-02-22,0.21653543412685394
141,2026-02-23,0.011811021715402603
141,2026-02-24,0.0
141,2026-02-25,0.0
141,2026-02-26,0.05905511975288391
141,2026-02-27,0.0
141,2026-02-28,0.0
142,2026-01-30,0.0
142,2026-01-31,0.0
142,2026-02-01,0.0
142,2026-02-02,0.0
142,2026-02-03,0.26771655678749084
142,2026-02-04,0.15354330837726593
142,2026-02-05,0.0
142,2026-02-06,0.0
142,2026-02-07,0.0
142,2026-02-08,0.0
142,2026-02-09,0.0
142,2026-02-10,0.0
142,2026-02-11,0.08267717063426971
142,2026-02-12,0.0
142,2026-02-13,0.003937007859349251
142,2026-02-14,0.24015749990940094
142,2026-02-15,0.6062992215156555
142,2026-02-16,0.0
142,2026-02-17,0.0
142,2026-02-18,0.015748031437397003
142,2026-02-19,0.007874015718698502
142,2026-02-20,0.10629919916391373
142,2026-02-21,0.023622049018740654
142,2026-02-22,0.0
142,2026-02-23,0.0
142,2026-02-24,0.0
142,2026-02-25,0.0
142,2026-02-26,0.0
142,2026-02-27,0.0
142,2026-02-28,0.0
143,2026-01-30,0.0
143,2026-01-31,0.0
143,2026-02-01,0.0
143,2026-02-02,0.0
143,2026-02-03,0.0
143,2026-02-04,0.0
143,2026-02-05,0.0
143,2026-02-06,0.0
143,2026-02-07,0.003937007859349251
143,2026-02-08,0.0
143,2026-02-09,0.0
143,2026-02-10,0.0
143,2026-02-11,0.003937008325010538
143,2026-02-12,0.0
143,2026-02-13,0.0
143,2026-02-14,0.0
143,2026-02-15,0.0
143,2026-02-16,0.0
143,2026-02-17,0.0
143,2026-02-18,0.08661417663097382
143,2026-02-19,0.0
143,2026-02-20,0.007874015718698502
143,2026-02-21,0.035433076322078705
143,2026-02-22,0.0
143,2026-02-23,0.0
143,2026-02-24,0.0
143,2026-02-25,0.003937007859349251
143,2026-02-26,0.0
143,2026-02-27,0.0
143,2026-02-28,0.0
144,2026-01-30,0.0
144,2026-01-31,0.0
144,2026-02-01,0.0
144,2026-02-02,0.0
144,2026-02-03,0.4685039520263672
144,2026-02-04,0.17716534435749054
144,2026-02-05,0.0
144,2026-02-06,0.0
144,2026-02-07,0.0
144,2026-02-08,0.0
144,2026-02-09,0.0
144,2026-02-10,0.0
144,2026-02-11,0.31889766454696655
144,2026-02-12,0.0
144,2026-02-13,0.0
144,2026-02-14,0.0
144,2026-02-15,0.7519684433937073
144,2026-02-16,0.0
144,2026-02-17,0.0
144,2026-02-18,0.0
144,2026-02-19,0.11811023205518723
144,2026-02-20,0.07874015718698502
144,2026-02-21,0.4842519462108612
144,2026-02-22,0.0
144,2026-02-23,0.0
144,2026-02-24,0.0
144,2026-02-25,0.0
144,2026-02-26,0.5196850299835205
144,2026-02-27,0.24015749990940094
144,2026-02-28,0.0
145,2026-01-30,0.0
145,2026-01-31,0.0
145,2026-02-01,0.0
145,2026-02-02,0.0
145,2026-02-03,0.0
145,2026-02-04,0.0
145,2026-02-05,0.0
145,2026-02-06,0.0
145,2026-02-07,0.0
145,2026-02-08,0.0
145,2026-02-09,0.0
145,2026-02-10,0.0
145,2026-02-11,0.0
145,2026-02-12,0.0
145,2026-02-13,0.011811024509370327
145,2026-02-14,0.6968504190444946
145,2026-02-15,0.007874015718698502
145,2026-02-16,0.0
145,2026-02-17,0.0
145,2026-02-18,0.0
145,2026-02-19,0.0
145,2026-02-20,0.0
145,2026-02-21,0.0
145,2026-02-22,0.0
145,2026-02-23,0.0
145,2026-02-24,0.0
145,2026-02-25,0.0
145,2026-02-26,0.031496062874794006
145,2026-02-27,0.0
145,2026-02-28,0.21259842813014984
146,2026-01-30,0.0
146,2026-01-31,0.0
146,2026-02-01,0.0
146,2026-02-02,0.0
146,2026-02-03,0.0
146,2026-02-04,0.0
146,2026-02-05,0.0
146,2026-02-06,0.0
146,2026-02-07,0.007874016650021076
146,2026-02-08,0.0
146,2026-02-09,0.0
146,2026-02-10,0.0
146,2026-02-11,0.0
146,2026-02-12,0.0
146,2026-02-13,0.0
146,2026-02-14,0.0
146,2026-02-15,0.035433072596788406
146,2026-02-16,0.0
146,2026-02-17,0.0
146,2026-02-18,0.16929134726524353
146,2026-02-19,0.007874015718698502
146,2026-02-20,0.6653543710708618
146,2026-02-21,0.0
146,2026-02-22,0.003937007859349251
146,2026-02-23,0.0
146,2026-02-24,0.0
146,2026-02-25,0.0
146,2026-02-26,0.0
146,2026-02-27,0.0
146,2026-02-28,0.0
147,2026-01-30,0.0
147,2026-01-31,0.0
147,2026-02-01,0.0
147,2026-02-02,0.0
147,2026-02-03,0.0
147,2026-02-04,0.0
147,2026-02-05,0.0
147,2026-02-06,0.0
147,2026-02-07,0.0
147,2026-02-08,0.0
147,2026-02-09,0.0
147,2026-02-10,0.0
147,2026-02-11,0.0
147,2026-02-12,0.0
147,2026-02-13,0.0
147,2026-02-14,0.0
147,2026-02-15,0.0
147,2026-02-16,0.0
147,2026-02-17,0.0
147,2026-02-18,0.0
147,2026-02-19,0.0
147,2026-02-20,0.0
147,2026-02-21,0.0
147,2026-02-22,0.0
147,2026-02-23,0.0
147,2026-02-24,0.0
147,2026-02-25,0.0
147,2026-02-26,0.0
147,2026-02-27,0.0
147,2026-02-28,0.0
148,2026-01-30,0.0
148,2026-01-31,0.0
148,2026-02-01,0.0
148,2026-02-02,0.0
148,2026-02-03,0.0
148,2026-02-04,0.0
148,2026-02-05,0.0
148,2026-02-06,0.0
148,2026-02-07,0.0
148,2026-02-08,0.0
148,2026-02-09,0.0
148,2026-02-10,0.06299212574958801
148,2026-02-11,1.460630178451538
148,2026-02-12,0.04330708831548691
148,2026-02-13,0.0
148,2026-02-14,0.0
148,2026-02-15,0.0
148,2026-02-16,1.2795275449752808
148,2026-02-17,0.6811023354530334
148,2026-02-18,0.27952754497528076
148,2026-02-19,0.4330708980560303
148,2026-02-20,0.0
148,2026-02-21,0.0
148,2026-02-22,0.0
148,2026-02-23,0.0
148,2026-02-24,0.007874015718698502
148,2026-02-25,0.011811024509370327
148,2026-02-26,0.0
148,2026-02-27,0.0
148,2026-02-28,0.0
150,2026-01-30,0.34645670652389526
150,2026-01-31,0.15354330837726593
150,2026-02-01,0.30708661675453186
150,2026-02-02,0.7598425149917603
150,2026-02-03,0.0
150,2026-02-04,0.0
150,2026-02-05,0.0
150,2026-02-06,0.0
150,2026-02-07,0.4488188922405243
150,2026-02-08,0.16535432636737823
150,2026-02-09,0.17716535925865173
150,2026-02-10,0.0
150,2026-02-11,0.0
150,2026-02-12,0.0
150,2026-02-13,0.11023622751235962
150,2026-02-14,0.31496062874794006
150,2026-02-15,0.0
150,2026-02-16,0.019685039296746254
150,2026-02-17,0.007874015718698502
150,2026-02-18,0.031496062874794006
150,2026-02-19,0.031496062874794006
150,2026-02-20,0.0
150,2026-02-21,0.12204725295305252
150,2026-02-22,0.27165356278419495
150,2026-02-23,0.7007875442504883
150,2026-02-24,0.0
150,2026-02-25,0.0
150,2026-02-26,0.0
150,2026-02-27,0.05905512720346451
150,2026-02-28,0.0
151,2026-01-30,0.0
151,2026-01-31,0.0
151,2026-02-01,0.0
151,2026-02-02,0.0
151,2026-02-03,0.0
151,2026-02-04,0.0
151,2026-02-05,0.0
151,2026-02-06,0.0
151,2026-02-07,0.0
151,2026-02-08,0.0
151,2026-02-09,0.0
151,2026-02-10,0.0
151,2026-02-11,0.11023622006177902
151,2026-02-12,0.0
151,2026-02-13,0.0
151,2026-02-14,0.0
151,2026-02-15,0.031496062874794006
151,2026-02-16,0.11417321860790253
151,2026-02-17,0.0
151,2026-02-18,0.015748031437397003
151,2026-02-19,0.03543306887149811
151,2026-02-20,0.6496062874794006
151,2026-02-21,0.0
151,2026-02-22,0.14960630238056183
151,2026-02-23,0.003937007859349251
151,2026-02-24,0.0
151,2026-02-25,0.0
151,2026-02-26,0.011811024509370327
151,2026-02-27,0.0
151,2026-02-28,0.0
152,2026-01-30,0.0
152,2026-01-31,0.0
152,2026-02-01,0.0
152,2026-02-02,0.0
152,2026-02-03,0.0
152,2026-02-04,0.0
152,2026-02-05,0.0
152,2026-02-06,0.0
152,2026-02-07,0.0
152,2026-02-08,0.0
152,2026-02-09,0.0
152,2026-02-10,0.015748031437397003
152,2026-02-11,0.9724408388137817
152,2026-02-12,0.05905512347817421
152,2026-02-13,0.0
152,2026-02-14,0.007874015718698502
152,2026-02-15,0.22047244012355804
152,2026-02-16,1.535433053970337
152,2026-02-17,0.539370059967041
152,2026-02-18,0.12598425149917603
152,2026-02-19,0.6102361679077148
152,2026-02-20,0.0
152,2026-02-21,0.0
152,2026-02-22,0.0
152,2026-02-23,0.0
152,2026-02-24,0.027559056878089905
152,2026-02-25,0.40944886207580566
152,2026-02-26,0.0
152,2026-02-27,0.0
152,2026-02-28,0.0
153,2026-01-30,0.0
153,2026-01-31,0.0
153,2026-02-01,0.0
153,2026-02-02,0.0
153,2026-02-03,0.0
153,2026-02-04,0.0
153,2026-02-05,0.0
153,2026-02-06,0.0
153,2026-02-07,0.0
153,2026-02-08,0.0
153,2026-02-09,0.0
153,2026-02-10,0.03937007859349251
153,2026-02-11,0.40944892168045044
153,2026-02-12,0.003937007859349251
153,2026-02-13,0.0
153,2026-02-14,0.0
153,2026-02-15,0.031496066600084305
153,2026-02-16,0.9566928744316101
153,2026-02-17,0.42913395166397095
153,2026-02-18,0.21653543412685394
153,2026-02-19,0.25590553879737854
153,2026-02-20,0.0
153,2026-02-21,0.0
153,2026-02-22,0.0
153,2026-02-23,0.0
153,2026-02-24,0.0
153,2026-02-25,0.0
153,2026-02-26,0.0
153,2026-02-27,0.0
153,2026-02-28,0.0
156,2026-01-30,0.0
156,2026-01-31,0.0
156,2026-02-01,0.0
156,2026-02-02,0.0
156,2026-02-03,0.0
156,2026-02-04,0.0
156,2026-02-05,0.0
156,2026-02-06,0.0
156,2026-02-07,0.0
156,2026-02-08,0.0
156,2026-02-09,0.0
156,2026-02-10,0.0
156,2026-02-11,0.0
156,2026-02-12,0.0
156,2026-02-13,0.0
156,2026-02-14,0.003937007859349251
156,2026-02-15,0.6811023354530334
156,2026-02-16,0.0
156,2026-02-17,0.0
156,2026-02-18,0.03937007859349251
156,2026-02-19,0.12204724550247192
156,2026-02-20,0.4409448802471161
156,2026-02-21,0.0
156,2026-02-22,0.0
156,2026-02-23,0.0
156,2026-02-24,0.0
156,2026-02-25,0.003937007859349251
156,2026-02-26,0.0
156,2026-02-27,0.0
156,2026-02-28,0.0
157,2026-01-30,0.0
157,2026-01-31,0.0
157,2026-02-01,0.0
157,2026-02-02,0.0
157,2026-02-03,0.0
157,2026-02-04,0.0
157,2026-02-05,0.0
157,2026-02-06,0.0
157,2026-02-07,0.0
157,2026-02-08,0.0
157,2026-02-09,0.0
157,2026-02-10,0.015748031437397003
157,2026-02-11,0.4488189220428467
157,2026-02-12,0.06299212574958801
157,2026-02-13,0.0
157,2026-02-14,0.0
157,2026-02-15,0.6771653294563293
157,2026-02-16,1.7401574850082397
157,2026-02-17,0.6850392818450928
157,2026-02-18,0.16141730546951294
157,2026-02-19,0.4921259880065918
157,2026-02-20,0.0
157,2026-02-21,0.0
157,2026-02-22,0.0
157,2026-02-23,0.0
157,2026-02-24,0.019685039296746254
157,2026-02-25,0.07480315119028091
157,2026-02-26,0.0
157,2026-02-27,0.0
157,2026-02-28,0.0
158,2026-01-30,0.25984251499176025
158,2026-01-31,0.10629921406507492
158,2026-02-01,0.24409449100494385
158,2026-02-02,0.5984252095222473
158,2026-02-03,0.0
158,2026-02-04,0.0
158,2026-02-05,0.0
158,2026-02-06,0.0
158,2026-02-07,0.4842519760131836
158,2026-02-08,0.12598425149917603
158,2026-02-09,0.019685039296746254
158,2026-02-10,0.0
158,2026-02-11,0.0
158,2026-02-12,0.0
158,2026-02-13,0.11811023950576782
158,2026-02-14,0.30708661675453186
158,2026-02-15,0.0
158,2026-02-16,0.05118110775947571
158,2026-02-17,0.03937007859349251
158,2026-02-18,0.031496062874794006
158,2026-02-19,0.007874015718698502
158,2026-02-20,0.0
158,2026-02-21,0.09448818117380142
158,2026-02-22,0.21653543412685394
158,2026-02-23,0.4881890118122101
158,2026-02-24,0.0
158,2026-02-25,0.0
158,2026-02-26,0.0
158,2026-02-27,0.0
158,2026-02-28,0.0
159,2026-01-30,0.0
159,2026-01-31,0.0
159,2026-02-01,0.0
159,2026-02-02,0.0
159,2026-02-03,0.21653543412685394
159,2026-02-04,0.27165353298187256
159,2026-02-05,0.007874015718698502
159,2026-02-06,0.0
159,2026-02-07,0.0
159,2026-02-08,0.0
159,2026-02-09,0.0
159,2026-02-10,0.0
159,2026-02-11,0.36220476031303406
159,2026-02-12,0.0
159,2026-02-13,0.0
159,2026-02-14,0.0
159,2026-02-15,0.799212634563446
159,2026-02-16,0.0
159,2026-02-17,0.0
159,2026-02-18,0.0
159,2026-02-19,0.20078738033771515
159,2026-02-20,0.04330708831548691
159,2026-02-21,0.5905511975288391
159,2026-02-22,0.015748031437397003
159,2026-02-23,0.0
159,2026-02-24,0.0
159,2026-02-25,0.023622049018740654
159,2026-02-26,0.8503938317298889
159,2026-02-27,0.05118110775947571
159,2026-02-28,0.0
160,2026-01-30,0.0
160,2026-01-31,0.0
160,2026-02-01,0.0
160,2026-02-02,0.0
160,2026-02-03,0.0
160,2026-02-04,0.0
160,2026-02-05,0.0
160,2026-02-06,0.0
160,2026-02-07,0.0
160,2026-02-08,0.0
160,2026-02-09,0.0
160,2026-02-10,0.0
160,2026-02-11,0.011811024509370327
160,2026-02-12,0.0
160,2026-02-13,0.0
160,2026-02-14,0.0
160,2026-02-15,0.007874015718698502
160,2026-02-16,0.0
160,2026-02-17,0.0
160,2026-02-18,0.07086613774299622
160,2026-02-19,0.11417321860790253
160,2026-02-20,0.25984251499176025
160,2026-02-21,0.0
160,2026-02-22,0.05905511975288391
160,2026-02-23,0.0
160,2026-02-24,0.0
160,2026-02-25,0.0
160,2026-02-26,0.0
160,2026-02-27,0.0
160,2026-02-28,0.0
161,2026-01-30,0.0
161,2026-01-31,0.0
161,2026-02-01,0.0
161,2026-02-02,0.0
161,2026-02-03,0.0
161,2026-02-04,0.0
161,2026-02-05,0.0
161,2026-02-06,0.0
161,2026-02-07,0.0
161,2026-02-08,0.0
161,2026-02-09,0.0
161,2026-02-10,0.0
161,2026-02-11,0.0
161,2026-02-12,0.0
161,2026-02-13,0.0
161,2026-02-14,0.0
161,2026-02-15,0.0
161,2026-02-16,0.09842519462108612
161,2026-02-17,0.0
161,2026-02-18,0.5236220359802246
161,2026-02-19,0.035433072596788406
161,2026-02-20,0.42519691586494446
161,2026-02-21,0.0
161,2026-02-22,0.0
161,2026-02-23,0.0
161,2026-02-24,0.0
161,2026-02-25,0.0
161,2026-02-26,0.0
161,2026-02-27,0.0
161,2026-02-28,0.0
162,2026-01-30,0.0
162,2026-01-31,0.0
162,2026-02-01,0.0
162,2026-02-02,0.0
162,2026-02-03,0.0
162,2026-02-04,0.0
162,2026-02-05,0.0
162,2026-02-06,0.0
162,2026-02-07,0.0
162,2026-02-08,0.0
162,2026-02-09,0.0
162,2026-02-10,0.0
162,2026-02-11,0.0
162,2026-02-12,0.0
162,2026-02-13,0.0
162,2026-02-14,0.003937007859349251
162,2026-02-15,0.0
162,2026-02-16,0.0
162,2026-02-17,0.0
162,2026-02-18,0.05118110030889511
162,2026-02-19,0.0
162,2026-02-20,0.0
162,2026-02-21,0.0
162,2026-02-22,0.0
162,2026-02-23,0.0
162,2026-02-24,0.0
162,2026-02-25,0.0
162,2026-02-26,0.0
162,2026-02-27,0.0
162,2026-02-28,0.0
163,2026-01-30,0.0
163,2026-01-31,0.0
163,2026-02-01,0.0
163,2026-02-02,0.0
163,2026-02-03,0.0
163,2026-02-04,0.0
163,2026-02-05,0.0
163,2026-02-06,0.0
163,2026-02-07,0.0
163,2026-02-08,0.0
163,2026-02-09,0.0
163,2026-02-10,0.0
163,2026-02-11,0.003937007859349251
163,2026-02-12,0.0
163,2026-02-13,0.0
163,2026-02-14,0.0
163,2026-02-15,0.0
163,2026-02-16,0.0
163,2026-02-17,0.0
163,2026-02-18,0.05511811375617981
163,2026-02-19,0.031496062874794006
163,2026-02-20,0.32677170634269714
163,2026-02-21,0.0
163,2026-02-22,0.07480315119028091
163,2026-02-23,0.0
163,2026-02-24,0.0
163,2026-02-25,0.0
163,2026-02-26,0.031496062874794006
163,2026-02-27,0.0
163,2026-02-28,0.0
164,2026-01-30,0.0
164,2026-01-31,0.0
164,2026-02-01,0.0
164,2026-02-02,0.0
164,2026-02-03,0.0
164,2026-02-04,0.0
164,2026-02-05,0.0
164,2026-02-06,0.0
164,2026-02-07,0.0
164,2026-02-08,0.0
164,2026-02-09,0.0
164,2026-02-10,0.011811024509370327
164,2026-02-11,0.09448817372322083
164,2026-02-12,0.0
164,2026-02-13,0.0
164,2026-02-14,0.0
164,2026-02-15,0.0
164,2026-02-16,0.4724409580230713
164,2026-02-17,0.10629920661449432
164,2026-02-18,1.0669292211532593
164,2026-02-19,0.5314960479736328
164,2026-02-20,0.20866142213344574
164,2026-02-21,0.0
164,2026-02-22,0.0
164,2026-02-23,0.0
164,2026-02-24,0.0
164,2026-02-25,0.0
164,2026-02-26,0.003937007859349251
164,2026-02-27,0.0
164,2026-02-28,0.0
165,2026-01-30,0.0
165,2026-01-31,0.0
165,2026-02-01,0.0
165,2026-02-02,0.0
165,2026-02-03,0.0
165,2026-02-04,0.0
165,2026-02-05,0.17322835326194763
165,2026-02-06,0.0
165,2026-02-07,0.0
165,2026-02-08,0.0
165,2026-02-09,0.0
165,2026-02-10,0.0
165,2026-02-11,0.0
165,2026-02-12,0.007874015718698502
165,2026-02-13,0.0
165,2026-02-14,0.0
165,2026-02-15,0.09448818117380142
165,2026-02-16,0.035433076322078705
165,2026-02-17,0.0
165,2026-02-18,0.007874015718698502
165,2026-02-19,0.003937007859349251
165,2026-02-20,0.0
165,2026-02-21,0.0
165,2026-02-22,0.04330708831548691
165,2026-02-23,0.0
165,2026-02-24,0.0
165,2026-02-25,0.0
165,2026-02-26,0.0
165,2026-02-27,0.4212598502635956
165,2026-02-28,0.007874015718698502
166,2026-01-30,0.0
166,2026-01-31,0.0
166,2026-02-01,0.0
166,2026-02-02,0.0
166,2026-02-03,0.0
166,2026-02-04,0.0
166,2026-02-05,0.0
166,2026-02-06,0.0
166,2026-02-07,0.0
166,2026-02-08,0.0
166,2026-02-09,0.0
166,2026-02-10,0.0
166,2026-02-11,0.003937007859349251
166,2026-02-12,0.0
166,2026-02-13,0.0
166,2026-02-14,0.0
166,2026-02-15,0.0
166,2026-02-16,0.0
166,2026-02-17,0.0
166,2026-02-18,0.05511811375617981
166,2026-02-19,0.031496062874794006
166,2026-02-20,0.32677170634269714
166,2026-02-21,0.0
166,2026-02-22,0.07480315119028091
166,2026-02-23,0.0
166,2026-02-24,0.0
166,2026-02-25,0.0
166,2026-02-26,0.031496062874794006
166,2026-02-27,0.0
166,2026-02-28,0.0
167,2026-01-30,0.015748031437397003
167,2026-01-31,0.05905511975288391
167,2026-02-01,0.14960630238056183
167,2026-02-02,2.192913055419922
167,2026-02-03,0.767716646194458
167,2026-02-04,0.6338582634925842
167,2026-02-05,0.019685039296746254
167,2026-02-06,0.011811024509370327
167,2026-02-07,0.03937007859349251
167,2026-02-08,0.3149605989456177
167,2026-02-09,0.10629920661449432
167,2026-02-10,0.035433072596788406
167,2026-02-11,0.007874015718698502
167,2026-02-12,0.20866142213344574
167,2026-02-13,0.04724409803748131
167,2026-02-14,0.29527559876441956
167,2026-02-15,0.4685039222240448
167,2026-02-16,0.06692913919687271
167,2026-02-17,0.0
167,2026-02-18,0.003937007859349251
167,2026-02-19,0.0
167,2026-02-20,0.0
167,2026-02-21,0.003937007859349251
167,2026-02-22,0.003937007859349251
167,2026-02-23,0.0
167,2026-02-24,0.023622049018740654
167,2026-02-25,0.007874015718698502
167,2026-02-26,0.023622049018740654
167,2026-02-27,0.06692913919687271
167,2026-02-28,0.003937007859349251
168,2026-01-30,0.0
168,2026-01-31,0.0
168,2026-02-01,0.0
168,2026-02-02,0.0
168,2026-02-03,0.0
168,2026-02-04,0.4370078444480896
168,2026-02-05,0.39370086789131165
168,2026-02-06,0.0
168,2026-02-07,0.0
168,2026-02-08,0.0
168,2026-02-09,0.0
168,2026-02-10,0.0
168,2026-02-11,0.16141732037067413
168,2026-02-12,0.0
168,2026-02-13,0.0
168,2026-02-14,0.0
168,2026-02-15,0.7480315566062927
168,2026-02-16,0.019685039296746254
168,2026-02-17,0.0
168,2026-02-18,0.003937007859349251
168,2026-02-19,0.003937007859349251
168,2026-02-20,0.07086613774299622
168,2026-02-21,0.6062992215156555
168,2026-02-22,0.007874015718698502
168,2026-02-23,0.0
168,2026-02-24,0.0
168,2026-02-25,0.0
168,2026-02-26,0.26377952098846436
168,2026-02-27,1.1417323350906372
168,2026-02-28,0.007874015718698502
169,2026-01-30,0.0
169,2026-01-31,0.0
169,2026-02-01,0.0
169,2026-02-02,0.0
169,2026-02-03,0.0
169,2026-02-04,0.11417323350906372
169,2026-02-05,0.023622049018740654
169,2026-02-06,0.003937007859349251
169,2026-02-07,0.0
169,2026-02-08,0.0
169,2026-02-09,0.0
169,2026-02-10,0.0
169,2026-02-11,0.007874015718698502
169,2026-02-12,0.0
169,2026-02-13,0.0
169,2026-02-14,0.0
169,2026-02-15,0.6968504190444946
169,2026-02-16,0.30314961075782776
169,2026-02-17,0.0
169,2026-02-18,0.0
169,2026-02-19,0.06299213320016861
169,2026-02-20,0.17716535925865173
169,2026-02-21,0.11023622006177902
169,2026-02-22,0.35039374232292175
169,2026-02-23,0.0
169,2026-02-24,0.0
169,2026-02-25,0.0
169,2026-02-26,1.0196850299835205
169,2026-02-27,0.09842519462108612
169,2026-02-28,0.0
170,2026-01-30,0.0
170,2026-01-31,0.0
170,2026-02-01,0.0
170,2026-02-02,0.0
170,2026-02-03,0.0
170,2026-02-04,0.0
170,2026-02-05,0.0
170,2026-02-06,0.0
170,2026-02-07,0.0
170,2026-02-08,0.015748031437397003
170,2026-02-09,0.0
170,2026-02-10,0.0
170,2026-02-11,0.0
170,2026-02-12,0.0
170,2026-02-13,0.0
170,2026-02-14,0.6889764070510864
170,2026-02-15,0.0
170,2026-02-16,0.0
170,2026-02-17,0.0
170,2026-02-18,0.0
170,2026-02-19,0.0
170,2026-02-20,0.0
170,2026-02-21,0.0
170,2026-02-22,0.0
170,2026-02-23,0.0
170,2026-02-24,0.0
170,2026-02-25,0.0
170,2026-02-26,0.0
170,2026-02-27,0.0
170,2026-02-28,0.0
177,2026-01-30,0.0
177,2026-01-31,0.0
177,2026-02-01,0.0
177,2026-02-02,0.0
177,2026-02-03,0.0
177,2026-02-04,0.0
177,2026-02-05,0.0
177,2026-02-06,0.0
177,2026-02-07,0.0
177,2026-02-08,0.0
177,2026-02-09,0.0
177,2026-02-10,0.0
177,2026-02-11,0.0
177,2026-02-12,0.0
177,2026-02-13,0.0
177,2026-02-14,0.0
177,2026-02-15,0.0
177,2026-02-16,0.0
177,2026-02-17,0.0
177,2026-02-18,0.0
177,2026-02-19,0.0
177,2026-02-20,0.0
177,2026-02-21,0.0
177,2026-02-22,0.0
177,2026-02-23,0.0
177,2026-02-24,0.0
177,2026-02-25,0.0
177,2026-02-26,0.0
177,2026-02-27,0.0
177,2026-02-28,0.0
179,2026-01-30,0.0
179,2026-01-31,0.0
179,2026-02-01,0.0
179,2026-02-02,0.0
179,2026-02-03,0.0
179,2026-02-04,0.0
179,2026-02-05,0.0
179,2026-02-06,0.003937007859349251
179,2026-02-07,0.0
179,2026-02-08,0.0
179,2026-02-09,0.0
179,2026-02-10,0.0
179,2026-02-11,0.0
179,2026-02-12,0.0
179,2026-02-13,0.015748031437397003
179,2026-02-14,0.0
179,2026-02-15,0.0
179,2026-02-16,0.0
179,2026-02-17,0.22440943121910095
179,2026-02-18,0.003937007859349251
179,2026-02-19,0.0
179,2026-02-20,0.035433072596788406
179,2026-02-21,0.0
179,2026-02-22,0.0
179,2026-02-23,0.0
179,2026-02-24,0.0
179,2026-02-25,0.0
179,2026-02-26,0.0
179,2026-02-27,0.0
179,2026-02-28,0.0
189,2026-01-30,0.0
189,2026-01-31,0.027559056878089905
189,2026-02-01,0.0
189,2026-02-02,0.0
189,2026-02-03,0.0
189,2026-02-04,0.08267717063426971
189,2026-02-05,0.19291336834430695
189,2026-02-06,0.0
189,2026-02-07,0.0
189,2026-02-08,0.0
189,2026-02-09,0.0
189,2026-02-10,0.0
189,2026-02-11,0.13779528439044952
189,2026-02-12,0.04330708831548691
189,2026-02-13,0.0
189,2026-02-14,0.0
189,2026-02-15,0.5511811375617981
189,2026-02-16,0.11417323350906372
189,2026-02-17,0.0
189,2026-02-18,0.003937007859349251
189,2026-02-19,0.027559056878089905
189,2026-02-20,0.0
189,2026-02-21,0.035433072596788406
189,2026-02-22,0.37795278429985046
189,2026-02-23,0.0
189,2026-02-24,0.0
189,2026-02-25,0.0
189,2026-02-26,0.0
189,2026-02-27,1.0511809587478638
189,2026-02-28,0.03937007859349251
