tree
version=v4
num_class=1
num_tree_per_iteration=1
label_index=0
max_feature_idx=10
objective=regression
feature_names=Precipitation DayOfWeek Month DayOfMonth WeekOfYear IsWeekend Quarter Loc_Number IsHoliday IsHolidayWeekend DaysToNearestHoliday
feature_infos=[0:7.7125988010000004] [0:6] [1:12] [1:31] [1:52] [0:1] [1:4] -1:0:1:2:3:4:5:6:7:8:9:10:11:12:13:14:15:16:17:18:19:21:22:23:24:25:26:27:28:30:31:32:33:37:38:39:40:41:42:43:44:45:46:47:48:49:50:52:53:54:55:56:57:58:59:60:62:63:64:65:66:67:68:69:70:71:72:74:75:76:77:78:79:80:81:82:83:84:85:86:87:88:89:91:92:93:94:95:96:97:98:99:100:101:102:103:105:106:107:108:109:110:111:112:113:115:116:117:121:123:125:126:127:130:131:132:133:134:135:136:137:138:139:140:143:144:145:146:20:34:35:36:51:61:73:114:118:119:120:122:128:129:141:142:90:104:124:147:29:148:149:151 [0:1] [0:1] [0:49]
tree_sizes=6203 6075 6251 5754 6233 6224 5750 6284 6241 6361 6169 5746 6180 6210 6238 6215 6249 6248 6154 6111 5770 5753 6117 5776 6255 6276 6148 6179 6144 6035 6038 6094 6144 6096 6144 5764 6276 6151 6193 5781 6179 6240 6353 6373 5795 6142 6136 6126 5725 5773 6041 6172 6048 6070 6234 6148 6005

Tree=0
num_leaves=63
num_cat=19
split_feature=1 1 7 1 7 7 4 7 7 7 4 7 7 1 1 8 7 1 1 8 7 7 7 4 7 4 4 4 4 4 7 4 3 9 7 7 4 4 4 4 3 9 4 7 4 7 4 9 4 4 6 4 4 9 4 4 4 4 4 7 4 1
split_gain=2.37585e+09 6.94426e+08 4.04173e+08 3.63562e+08 2.11871e+08 1.68709e+08 1.65438e+08 1.27359e+08 8.26713e+07 7.97075e+07 7.41022e+07 6.53684e+07 4.5972e+07 4.06102e+07 4.83453e+07 4.11622e+07 3.94336e+07 3.85471e+07 3.80536e+07 3.53731e+07 3.10522e+07 2.55659e+07 2.39584e+07 1.88141e+07 1.66798e+07 1.6217e+07 1.66681e+07 1.61453e+07 1.59443e+07 2.73557e+07 1.53333e+07 1.49519e+07 1.95876e+07 1.45496e+07 1.34259e+07 1.1468e+07 1.06499e+07 1.00871e+07 1.00358e+07 9.61784e+06 1.24661e+07 1.06361e+07 9.04552e+06 8.66798e+06 7.86608e+06 7.7004e+06 7.6245e+06 7.58815e+06 7.50247e+06 7.40057e+06 1.07089e+07 7.18756e+06 9.31172e+06 7.13164e+06 8.04213e+06 8.5343e+06 6.96249e+06 6.94307e+06 6.845e+06 6.63213e+06 6.52996e+06 6.17512e+06
threshold=4.5000000000000009 5.5000000000000009 0 3.5000000000000004 1 2 17.500000000000004 3 4 5 17.500000000000004 6 7 1.5000000000000002 2.5000000000000004 1.0000000180025095e-35 8 1.5000000000000002 2.5000000000000004 1.0000000180025095e-35 9 10 11 51.500000000000007 12 34.500000000000007 23.500000000000004 1.5000000000000002 34.500000000000007 22.500000000000004 13 51.500000000000007 26.500000000000004 1.0000000180025095e-35 14 15 12.500000000000002 1.5000000000000002 51.500000000000007 51.500000000000007 26.500000000000004 1.0000000180025095e-35 13.500000000000002 16 13.500000000000002 17 34.500000000000007 1.0000000180025095e-35 1.5000000000000002 34.500000000000007 2.5000000000000004 51.500000000000007 34.500000000000007 1.0000000180025095e-35 14.500000000000002 51.500000000000007 6.5000000000000009 22.500000000000004 6.5000000000000009 18 34.500000000000007 1.5000000000000002
decision_type=2 2 9 2 9 9 2 9 9 9 2 9 9 2 2 2 9 2 2 2 9 9 9 2 9 2 2 2 2 2 9 2 2 2 9 9 2 2 2 2 2 2 2 9 2 9 2 2 2 2 2 2 2 2 2 2 2 2 2 9 2 2
left_child=3 2 10 5 24 17 8 35 45 59 -2 42 61 15 25 27 -9 19 28 49 -11 -13 -10 60 -3 26 37 -14 29 48 47 33 -33 -27 -12 -5 56 -15 46 41 -41 -30 58 -31 -26 -4 57 51 -19 50 -1 52 -18 54 -32 -56 -23 -20 -6 -8 -16 -7
right_child=1 4 6 7 11 12 9 16 22 20 34 21 13 14 23 -17 30 18 38 -21 -22 36 -24 -25 44 31 -28 -29 39 43 53 32 -34 -35 -36 -37 -38 -39 -40 40 -42 -43 -44 -45 -46 -47 -48 -49 -50 -51 -52 -53 -54 -55 55 -57 -58 -59 -60 -61 -62 -63
leaf_value=344.11876137796594 399.55859554085509 372.34451973360194 366.49602081814595 367.679088706095 357.55275052649449 337.42435714145938 355.6668233291216 344.58997938536601 386.58034748037488 370.53831466614776 389.96328325471455 344.8601496729072 353.66980545674892 360.28307683743827 342.15445936553829 349.81221229576522 355.80578564342534 372.52198940543997 346.51237247128427 359.69734732320757 361.9961876877386 351.28283002093832 375.37278229113838 359.09895622107143 369.43265389441842 341.8736079170173 353.1640827138479 339.63230107224854 347.44037942615506 379.48527265594032 352.80821089529348 339.65525178267296 377.80660191660274 358.44760310661667 378.18499566502379 359.90738171443093 349.64367725255084 346.34370490223142 370.16386579528063 346.15065946609502 394.59991588121346 369.78149307569475 356.12578907658354 363.11758056544414 361.73293852154478 356.84552424554261 343.08246446806231 368.11262152098129 353.12277830185872 341.65432272197137 350.93685109886974 372.53350599805009 349.26606511991872 359.57405800687411 347.7427342941449 363.70154816656895 359.10119995537923 353.07774193967464 367.34331051174991 349.60464809653189 338.94920249766358 339.82157265158327
leaf_weight=2438 940 999 463 690 342 5343 910 2684 965 1729 558 2659 208 135 4804 1123 1750 52 1177 404 3183 569 1668 148 452 2156 1531 13274 795 117 1325 63 72 141 1238 2038 3572 3301 47 26 27 57 2016 497 1250 463 884 101 1151 1712 754 52 790 184 3102 86 570 612 374 890 2376 5412
leaf_count=2438 940 999 463 690 342 5343 910 2684 965 1729 558 2659 208 135 4804 1123 1750 52 1177 404 3183 569 1668 148 452 2156 1531 13274 795 117 1325 63 72 141 1238 2038 3572 3301 47 26 27 57 2016 497 1250 463 884 101 1151 1712 754 52 790 184 3102 86 570 612 374 890 2376 5412
internal_value=350.028 362.824 370.961 344.839 354.557 342.942 366.357 352.37 375.088 361.752 388.043 351.221 341.452 342.486 344.336 340.615 349.769 348.511 351.467 345.478 365.039 348.771 379.604 341.457 366.968 347.187 348.825 339.849 355.646 358.347 351.655 343.842 360.008 342.891 382.225 361.931 350.984 346.892 347.284 350.224 370.87 348.937 357.812 366.933 363.699 361.796 346.881 354.656 353.963 344.307 345.729 354.149 353.772 349.928 349.534 348.174 355.196 348.758 362.669 352.684 341.094 338.641
internal_weight=89449 25810 13007 63639 12803 50837 10271 12802 3559 6712 2736 10102 40087 29332 14727 14605 10074 10750 5442 5308 4912 7370 2633 7328 2701 7399 4967 13482 2722 1817 7390 2432 135 2297 1796 2728 4711 3436 2720 905 53 852 2732 614 1702 926 2673 2693 1203 4904 3192 2592 2540 4697 4513 3188 1139 1789 716 1800 7180 10755
internal_count=89449 25810 13007 63639 12803 50837 10271 12802 3559 6712 2736 10102 40087 29332 14727 14605 10074 10750 5442 5308 4912 7370 2633 7328 2701 7399 4967 13482 2722 1817 7390 2432 135 2297 1796 2728 4711 3436 2720 905 53 852 2732 614 1702 926 2673 2693 1203 4904 3192 2592 2540 4697 4513 3188 1139 1789 716 1800 7180 10755
cat_boundaries=0 5 10 15 20 25 30 35 40 45 50 55 60 65 70 74 76 79 84 89
cat_threshold=1696453292 71630867 134218240 67109125 832 1729725356 262163 16896 545260869 262976 1738113708 549715985 134234624 1285 279104 1729856172 541392913 134234624 8453 262976 2147483648 3223876864 908656650 55968258 10526752 1024 2452125184 840499210 2203451904 8433696 8802368 751927360 146803732 201416714 16404 1024 2183673608 3073048586 3255042688 8396832 268436480 2183673344 3070951434 55837312 8429600 44173633 546310208 19476 948020296 1310736 1024 2183673352 841154602 3272870528 8400928 46268753 9439264 18512 679583832 1051795 605553288 262145 0 260 262144 8673600 210763842 1086331988 746652744 18 1679295112 262144 0 256 537395848 262161 524416 537133057 134217728 2147483648 28928 69795840 33948162 2105344 1024 302010880 1638400 2186412032 12288
is_linear=0
shrinkage=1


Tree=1
num_leaves=63
num_cat=13
split_feature=5 7 7 7 4 7 4 7 7 7 7 7 10 10 4 4 4 4 4 4 4 3 4 4 4 10 10 10 3 10 10 10 4 10 3 4 9 9 8 4 8 3 4 4 4 4 7 7 7 4 0 10 10 8 4 3 3 7 10 10 10 10
split_gain=2.1451e+09 5.21301e+08 2.51396e+08 1.77166e+08 1.27295e+08 7.25955e+07 6.27137e+07 4.53278e+07 3.75601e+07 3.46131e+07 3.17116e+07 2.85739e+07 2.27232e+07 2.1022e+07 2.06543e+07 2.0186e+07 2.00382e+07 1.92221e+07 1.88314e+07 1.87076e+07 1.84104e+07 1.55641e+07 1.32536e+07 1.21183e+07 1.45757e+07 1.20639e+07 2.14645e+07 1.34285e+07 1.22316e+07 1.11944e+07 2.17082e+07 1.31856e+07 1.25874e+07 1.08883e+07 1.06122e+07 1.3683e+07 1.03373e+07 9.91552e+06 9.75295e+06 9.66448e+06 9.66416e+06 9.66053e+06 1.44171e+07 9.03906e+06 8.8996e+06 8.78031e+06 8.4138e+06 8.33639e+06 8.16676e+06 7.90402e+06 7.82899e+06 7.74746e+06 1.44606e+07 7.3031e+06 7.16098e+06 7.0699e+06 7.00874e+06 6.82094e+06 6.5941e+06 6.53323e+06 9.69456e+06 1.02023e+07
threshold=1.0000000180025095e-35 0 1 2 17.500000000000004 3 13.500000000000002 4 5 6 7 8 3.5000000000000004 3.5000000000000004 34.500000000000007 34.500000000000007 13.500000000000002 34.500000000000007 6.5000000000000009 21.500000000000004 51.500000000000007 25.500000000000004 1.5000000000000002 33.500000000000007 21.500000000000004 5.5000000000000009 8.5000000000000018 12.500000000000002 16.500000000000004 5.5000000000000009 8.5000000000000018 12.500000000000002 7.5000000000000009 40.500000000000007 25.500000000000004 51.500000000000007 1.0000000180025095e-35 1.0000000180025095e-35 1.0000000180025095e-35 51.500000000000007 1.0000000180025095e-35 25.500000000000004 51.500000000000007 7.5000000000000009 7.5000000000000009 35.500000000000007 9 10 11 35.500000000000007 0.062992129500000008 15.500000000000002 26.500000000000004 1.0000000180025095e-35 8.5000000000000018 26.500000000000004 23.500000000000004 12 43.500000000000007 40.500000000000007 15.500000000000002 19.500000000000004
decision_type=2 9 9 9 2 9 2 9 9 9 9 9 2 2 2 2 2 2 2 2 2 2 2 2 2 2 2 2 2 2 2 2 2 2 2 2 2 2 2 2 2 2 2 2 2 2 9 9 9 2 2 2 2 2 2 2 2 9 2 2 2 2
left_child=2 6 9 16 8 12 18 40 29 23 -7 -8 41 34 44 19 46 43 -2 22 36 -22 -11 24 -1 28 -27 -28 -10 32 -31 -32 -5 -20 49 -36 -17 -30 47 -25 50 45 -43 -14 -15 -4 -3 -9 -18 -12 -6 -29 -53 58 -45 -41 -38 -21 -24 60 -33 -62
right_child=1 3 5 4 7 10 11 38 25 15 13 -13 17 14 -16 20 48 -19 33 57 21 -23 53 39 -26 26 27 51 37 30 31 59 -34 -35 35 -37 56 -39 -40 55 -42 42 -44 54 -46 -47 -48 -49 -50 -51 -52 52 -54 -55 -56 -57 -58 -59 -60 -61 61 -63
leaf_value=4.7971697287691191 28.50062411351783 1.5162346184964732 1.7682668254128651 26.541265430927155 10.828058243325772 -9.6560980233449634 28.777854925706603 3.2901894936024925 11.804849392645991 12.371889718623994 -2.9667438400977577 19.302282148589519 -6.6771432324549327 -8.9723446814246905 -9.9031314920036948 -5.3014728727843297 1.5360364588809619 -7.7038184480439957 41.509696592932599 13.368581986360494 -5.3187609649345609 23.86890008702915 -2.2556116025177295 0.52080431487773937 13.468970109549524 1.8303651943346482 23.298981035312082 4.1322131936959137 28.511347172171458 7.3114365397439105 35.187043008270336 11.797590837686428 48.673250333437203 17.585172666168962 -2.7887578238818698 10.567744880199255 -0.061893917099391731 12.640140800888108 28.240539789096399 6.1033758705690913 40.645383268337319 1.3298889323105769 19.406186026776709 13.151631163471391 -5.6118173828607461 -4.3452302033260688 9.2450247063841644 7.0011708911262041 -3.0833687724339853 -7.353439155006722 16.215739617472202 23.936088295203412 11.527111490560463 13.143188304486484 -2.3891077660001132 38.514341069906436 16.794218664847957 3.9022183716975385 5.4099591237822082 14.59917166034773 43.734695834346631 24.159172293972475
leaf_weight=1404 647 671 1361 392 2678 13450 1384 3105 318 184 2409 2614 1390 2443 5632 2905 1621 3221 749 204 78 110 3623 1176 740 395 362 229 373 233 216 133 77 51 667 269 268 134 46 40 30 382 155 75 10186 1033 767 3083 2312 1790 902 294 1167 85 5725 29 80 2221 304 253 77 497
leaf_count=1404 647 671 1361 392 2678 13450 1384 3105 318 184 2409 2614 1390 2443 5632 2905 1621 3221 749 204 78 110 3623 1176 740 395 362 229 373 233 216 133 77 51 667 269 268 134 46 40 30 382 155 75 10186 1033 767 3083 2312 1790 902 294 1167 85 5725 29 80 2221 304 253 77 497
internal_value=-0.00694762 12.1514 -4.93799 8.46234 11.2542 -6.56417 25.8852 7.92929 17.6311 1.1336 -7.70992 22.7034 -3.39655 -6.58741 -7.385 -0.339813 0.66205 -4.49394 34.8533 1.27433 -3.44661 11.7627 -0.746163 5.4962 7.79073 14.2248 12.5043 14.5588 19.498 23.3645 21.2583 24.0207 30.1845 39.9869 -3.76374 1.05052 -4.32593 24.3199 5.31806 1.58866 12.3892 0.489845 6.55009 -3.05588 -6.26196 -0.869748 5.7138 5.1558 -1.18341 -4.83689 12.1859 12.6854 14.0257 -1.34808 -2.18793 19.7615 3.81677 4.7703 -1.66207 21.5048 23.9736 26.7923
internal_weight=89449 25810 63639 20365 14994 50188 5445 9844 5150 13451 36846 3998 13342 23396 18261 10062 5371 10411 1447 6621 3441 188 4196 3389 2144 3272 2447 2052 825 1878 1409 1176 469 800 5135 936 3253 507 6234 1245 3610 2931 537 7190 12629 2394 1438 6188 3933 4199 3580 1690 1461 4012 5800 69 348 2425 3927 960 707 574
internal_count=89449 25810 63639 20365 14994 50188 5445 9844 5150 13451 36846 3998 13342 23396 18261 10062 5371 10411 1447 6621 3441 188 4196 3389 2144 3272 2447 2052 825 1878 1409 1176 469 800 5135 936 3253 507 6234 1245 3610 2931 537 7190 12629 2394 1438 6188 3933 4199 3580 1690 1461 4012 5800 69 348 2425 3927 960 707 574
cat_boundaries=0 5 10 15 20 25 30 32 37 41 46 51 56 61
cat_threshold=1729741740 4522003 512 67109189 262976 1738113708 541327377 142623232 1285 262976 1024 2418571008 841547786 2203322880 8433696 416064 210829378 1077943380 679551048 16402 8788032 747634752 146820116 679584776 1064980 12980304 76548096 142624852 679584776 1067030 524936 537133073 268435456 2183673600 3073048586 3255042688 8429600 1679295112 262145 0 256 0 2150106112 838860810 22020096 8396832 268435458 1124073612 3306332449 1075970208 2228353 1024 268452608 2621440 2186283008 4096 0 0 134217728 0 262144
is_linear=0
shrinkage=0.05


Tree=2
num_leaves=63
num_cat=19
split_feature=1 7 7 1 1 7 1 1 4 4 10 1 1 1 1 7 7 8 7 1 1 4 4 7 7 7 4 4 4 4 7 7 7 4 4 7 4 4 4 3 9 10 7 7 7 4 10 7 4 4 4 4 4 7 4 7 4 4 4 4 4 10
split_gain=1.97966e+09 5.51521e+08 1.87762e+08 1.55255e+08 3.64706e+08 1.36733e+08 1.3287e+08 2.13764e+08 1.24167e+08 5.1168e+07 4.43185e+07 4.12702e+07 3.64328e+07 3.59839e+07 3.37447e+07 3.0918e+07 3.04284e+07 2.99564e+07 2.69817e+07 2.11898e+07 6.0527e+07 2.09874e+07 1.95661e+07 1.7214e+07 1.6493e+07 1.4576e+07 1.38639e+07 1.35986e+07 2.43089e+07 1.32e+07 1.1532e+07 1.11946e+07 9.89342e+06 9.36822e+06 8.53823e+06 8.49713e+06 8.48992e+06 8.48471e+06 8.3607e+06 1.06064e+07 9.63136e+06 8.28543e+06 7.50594e+06 7.06154e+06 7.02738e+06 6.97662e+06 6.95383e+06 6.80289e+06 6.77523e+06 6.65069e+06 6.64343e+06 6.61895e+06 6.52588e+06 6.45399e+06 6.19532e+06 6.17373e+06 6.12397e+06 6.43636e+06 5.86586e+06 1.19819e+07 5.82521e+06 6.37404e+06
threshold=3.5000000000000004 0 1 4.5000000000000009 5.5000000000000009 2 4.5000000000000009 5.5000000000000009 17.500000000000004 17.500000000000004 2.5000000000000004 1.5000000000000002 1.5000000000000002 2.5000000000000004 2.5000000000000004 3 4 1.0000000180025095e-35 5 5.5000000000000009 4.5000000000000009 17.500000000000004 34.500000000000007 6 7 8 22.500000000000004 34.500000000000007 22.500000000000004 51.500000000000007 9 10 11 12.500000000000002 2.5000000000000004 12 12.500000000000002 51.500000000000007 51.500000000000007 26.500000000000004 1.0000000180025095e-35 2.5000000000000004 13 14 15 1.5000000000000002 2.5000000000000004 16 6.5000000000000009 33.500000000000007 14.500000000000002 1.5000000000000002 51.500000000000007 17 2.5000000000000004 18 33.500000000000007 22.500000000000004 12.500000000000002 6.5000000000000009 35.500000000000007 2.5000000000000004
decision_type=2 9 9 2 2 9 2 2 2 2 2 2 2 2 2 9 9 2 9 2 2 2 2 9 9 9 2 2 2 2 9 9 9 2 2 9 2 2 2 2 2 2 9 9 9 2 2 9 2 2 2 2 2 9 2 9 2 2 2 2 2 2
left_child=5 6 19 25 8 12 31 9 15 -8 23 42 17 27 22 58 36 45 -10 20 -3 32 26 54 60 41 44 28 51 47 -11 -2 -22 -18 -25 -28 48 56 40 -40 -29 -4 -12 -30 -13 -1 -27 -16 -6 -43 -48 -14 -51 -23 -7 -17 57 -15 59 -5 61 -9
right_child=1 2 3 4 16 10 7 24 18 30 11 14 13 37 29 55 33 -19 -20 -21 21 53 -24 34 -26 46 35 38 43 -31 -32 -33 -34 -35 -36 -37 -38 -39 39 -41 -42 49 -44 -45 -46 -47 50 -49 -50 52 -52 -53 -54 -55 -56 -57 -58 -59 -60 -61 -62 -63
leaf_value=9.8384607855174533 14.328579832642333 -4.6237484795584249 15.34157494736567 30.729695300017859 7.0626253056217854 8.5341517827410716 43.866720558532194 32.521907393918212 18.872653828145971 35.719893761116893 -8.5026723048653334 -0.99120922368830833 21.633206581070041 -3.3941486491061243 -6.7476246491116969 17.91884067189461 4.3736910543927179 8.7853658594027841 10.923276232618861 -4.7721434622790539 17.137586347264143 6.1355723624862986 -8.2653551685650442 0.5774225501005118 10.889024319929101 7.2670759168899313 6.6250101213438022 -2.1903605696172215 27.514101935746069 9.1100128053785223 25.289894363627777 7.6584585976937438 6.3613592806382089 -0.82609985466917435 -6.3783314273471214 -1.250377186387529 5.4936204387339593 18.15761883630574 -3.5817346428495007 41.561138882232335 18.903360437731326 5.9266100766854253 -11.0993047553739 12.566776098245159 -6.0083813007909725 -5.7261123634355817 2.6709559079062037 -9.9845171341919787 17.117123904471658 -0.23724809177241857 -1.6140679439276218 3.0676101391192954 24.688219539177812 0.093481620672641402 -1.036533318867719 25.801157528925089 -6.3016769021455339 3.0888565770756471 28.644799688646533 43.823492788138765 14.309413220746999 19.896530472925321
leaf_weight=73 1358 2698 174 338 344 188 945 118 1731 664 4215 966 50 1174 2415 713 1143 397 3190 2651 468 786 2419 488 1517 321 434 789 117 100 1132 1358 462 3576 4597 1489 2074 48 25 27 58 1656 11726 495 2669 4823 1280 6730 327 847 3083 1152 27 1005 1673 953 932 568 255 365 389 664
leaf_count=73 1358 2698 174 338 344 188 945 118 1731 664 4215 966 50 1174 2415 713 1143 397 3190 2651 468 786 2419 488 1517 321 434 789 117 100 1132 1358 462 3576 4597 1489 2074 48 25 27 58 1656 11726 495 2669 4823 1280 6730 327 847 3083 1152 27 1005 1673 953 932 568 255 365 389 664
internal_value=-0.00614081 8.52889 5.43249 7.78848 10.7126 -6.48872 20.0797 24.6213 18.4647 34.4463 -7.82909 -8.59169 -1.46875 1.40533 -6.89463 27.2487 2.87629 -4.42269 13.7804 -1.10774 0.682913 5.9447 -4.51186 -4.19933 14.6016 1.85844 -2.87812 5.48038 7.9723 -8.95051 29.4874 11.0749 12.0381 0.432502 -5.69959 0.555209 7.05005 -2.65629 0.451865 19.8925 -0.743859 4.77289 -10.4251 16.0832 -4.69439 -5.49385 0.16536 -9.1481 11.9643 4.06432 -0.356911 3.84163 0.535491 2.78009 -0.068914 22.5561 -3.03058 -1.28023 34.8073 37.5333 19.1533 21.8056
internal_weight=89449 38612 30467 22397 15009 50837 8145 5429 7545 2741 40109 33163 10728 5435 17222 2624 7464 5293 4921 8070 5419 2721 7977 6946 2688 7388 5558 2713 1814 9245 1796 2716 930 4719 5085 1923 2745 2722 899 52 847 2704 15941 612 3635 4896 4684 9145 671 2530 4363 1202 874 1791 1861 1666 2674 1742 958 703 1171 782
internal_count=89449 38612 30467 22397 15009 50837 8145 5429 7545 2741 40109 33163 10728 5435 17222 2624 7464 5293 4921 8070 5419 2721 7977 6946 2688 7388 5558 2713 1814 9245 1796 2716 930 4719 5085 1923 2745 2722 899 52 847 2704 15941 612 3635 4896 4684 9145 671 2530 4363 1202 874 1791 1861 1666 2674 1742 958 703 1171 782
cat_boundaries=0 5 10 15 20 25 30 35 40 45 49 54 59 64 69 72 77 82 87 92
cat_threshold=1729741484 4522003 134234624 325 262976 1024 2183689984 841678858 2203320960 8429600 1704575660 541327377 138428992 1285 262720 12980561 76548128 2128 738304024 1051795 8786240 747667520 12586004 746677258 16404 143006033 613419072 3088 746693640 1049616 2187725120 75595842 8390676 746659912 1066256 1679360648 262145 0 260 262144 8788288 747634784 12590292 746660872 16 1679294600 262161 512 256 1695023784 262161 0 260 576 1024 33583872 2818048 2181300352 8192 2187724864 202440704 8390800 411131968 1050898 33952064 1284571202 1082133508 679551048 149780 524416 537133057 134217728 2185640000 210829378 1083184272 8413184 82198 33691970 1284571202 1082133524 746594368 147732 1024 33571584 2752512 2186281088 8192 2415927296 1359085580 3288367360 1073891362 2293768
is_linear=0
shrinkage=0.05


Tree=3
num_leaves=63
num_cat=0
split_feature=1 1 1 2 1 1 10 9 4 2 4 2 4 10 4 4 4 0 4 4 4 9 3 2 4 4 4 4 4 0 4 10 4 4 4 2 4 9 4 4 0 4 3 4 2 3 0 3 3 3 10 4 4 2 3 4 4 4 10 4 4 4
split_gain=1.78729e+09 2.55832e+08 5.5711e+08 1.74524e+08 6.44766e+07 7.11623e+07 5.9318e+07 2.54209e+07 3.92062e+07 3.71401e+07 2.53637e+07 2.38528e+07 2.33765e+07 2.30338e+07 2.55287e+07 2.24082e+07 2.03899e+07 2.00843e+07 1.99962e+07 1.68811e+07 3.08056e+07 1.64796e+07 1.20762e+07 1.19808e+07 1.09875e+07 9.15182e+06 1.4991e+07 1.04415e+07 8.86722e+06 8.3284e+06 7.74955e+06 7.67984e+06 1.22719e+07 6.86298e+06 1.6124e+07 6.39857e+06 5.57896e+06 5.4e+06 5.23465e+06 4.81209e+06 4.6832e+06 4.54344e+06 4.49983e+06 4.4018e+06 4.27196e+06 3.79731e+06 5.45448e+06 4.68994e+06 4.85942e+06 3.72293e+06 3.71511e+06 3.64858e+06 4.68427e+06 3.53437e+06 7.19681e+06 3.46512e+06 3.68424e+06 3.38609e+06 3.3118e+06 3.07699e+06 3.69627e+06 3.05774e+06
threshold=3.5000000000000004 4.5000000000000009 5.5000000000000009 4.5000000000000009 1.5000000000000002 2.5000000000000004 1.0000000180025095e-35 1.0000000180025095e-35 51.500000000000007 8.5000000000000018 12.500000000000002 5.5000000000000009 6.5000000000000009 2.5000000000000004 32.500000000000007 51.500000000000007 1.5000000000000002 0.039370080500000008 51.500000000000007 6.5000000000000009 12.500000000000002 1.0000000180025095e-35 23.500000000000004 11.500000000000002 33.500000000000007 34.500000000000007 23.500000000000004 51.500000000000007 22.500000000000004 0.055118117500000008 32.500000000000007 22.500000000000004 14.500000000000002 6.5000000000000009 14.500000000000002 4.5000000000000009 22.500000000000004 1.0000000180025095e-35 5.5000000000000009 7.5000000000000009 0.41338588300000007 1.5000000000000002 17.500000000000004 2.5000000000000004 11.500000000000002 17.500000000000004 0.10629922150000001 21.500000000000004 23.500000000000004 25.500000000000004 2.5000000000000004 51.500000000000007 42.500000000000007 11.500000000000002 30.500000000000004 6.5000000000000009 15.500000000000002 10.500000000000002 2.5000000000000004 7.5000000000000009 14.500000000000002 51.500000000000007
decision_type=2 2 2 2 2 2 2 2 2 2 2 2 2 2 2 2 2 2 2 2 2 2 2 2 2 2 2 2 2 2 2 2 2 2 2 2 2 2 2 2 2 2 2 2 2 2 2 2 2 2 2 2 2 2 2 2 2 2 2 2 2 2
left_child=4 13 3 19 6 7 35 8 9 11 12 31 38 22 33 24 -8 21 -16 43 45 61 -2 -9 28 26 55 -27 37 50 -13 41 -33 -15 -35 -1 -36 59 -4 42 -22 -6 -14 -3 -37 46 -21 -47 -49 -29 53 52 58 -12 -55 -18 57 -57 -31 -7 -61 -5
right_child=1 2 10 17 5 15 16 23 -10 -11 29 30 39 14 18 -17 25 -19 -20 20 40 -23 -24 -25 -26 27 -28 49 -30 51 -32 32 -34 34 36 44 -38 -39 -40 -41 -42 -43 -44 -45 -46 47 -48 48 -50 -51 -52 -53 -54 54 -56 56 -58 -59 -60 60 -62 -63
leaf_value=4.1452214451596241 5.0625007804573965 18.20977465703151 4.7313679449397412 11.980867541882283 5.5201361468216632 -9.3927781105041515 3.081915561680904 9.0197589530818547 25.59927248912507 -6.9576280871860305 5.4754902008421311 4.4723787927291321 9.38905159555304 0.25529317139324192 -1.8629365858762548 7.9261818312640493 -10.960934620185489 17.846262631646745 19.083142796263139 27.672829975158084 21.127051732781517 32.414015717837998 17.102093475990664 -8.4133682386379931 -9.3593900185878329 -10.595395594182595 -5.8089653918735911 -5.5772622753001366 -3.8656784691438739 10.887774437353924 -1.5455464394017902 3.8442344591308699 -4.1136234009291348 7.696497648552266 0.40278875213605947 -0.81010346448214809 4.0928355296056225 3.0894954478115366 -2.1845097196603755 10.24432080208765 30.623716905211378 -4.4103138028348701 20.776667559435015 23.873529249690858 -10.698911603239331 40.962039826708477 36.33299011534961 27.407039779303126 36.524963311105346 5.1757804434497352 0.9032435399203339 16.285310152547265 0.21860599553241591 -11.522883876529967 6.5298845806958772 -9.207969407521956 -9.8900134109257802 -6.3979336039647734 4.728271457332724 -5.1158733548826536 -8.3056421750732117 19.768479400933206
leaf_weight=722 480 500 1204 5807 119 1697 364 724 124 3523 885 2081 135 1338 4225 245 2197 2470 117 577 1038 102 368 114 4376 7660 4794 229 2633 248 720 956 982 2161 1929 1113 2184 120 354 1179 149 3517 244 1108 121 250 268 250 359 124 5912 66 535 100 123 2034 3628 2270 1818 1706 1944 129
leaf_count=722 480 500 1204 5807 119 1697 364 724 124 3523 885 2081 135 1338 4225 245 2197 2470 117 577 1038 102 368 114 4376 7660 4794 229 2633 248 720 956 982 2161 1929 1113 2184 120 354 1179 149 3517 244 1108 121 250 268 250 359 124 5912 66 535 100 123 2034 3628 2270 1818 1706 1944 129
internal_value=-0.00468656 8.10506 10.9714 18.2595 -6.16425 -4.39491 -7.95634 -1.77202 -2.35896 -2.65055 3.56716 -0.838684 7.49098 2.32618 1.76126 -7.04642 -8.65842 14.0475 -1.29809 26.2242 28.5096 12.4933 10.2886 6.64746 -7.34051 -8.84475 -8.11272 -10.2079 -6.24972 2.30492 2.92546 -2.73023 -0.188077 3.50635 4.19966 0.406876 2.36225 -7.39782 3.15994 11.8215 22.3216 -4.08516 16.724 22.1137 -1.78054 32.8186 30.4235 35.1708 32.7871 -1.79958 1.40124 4.68343 4.38842 4.05807 -1.56704 -9.203 -8.71596 -7.72609 5.46814 -7.63324 -6.81494 12.1504
internal_weight=89449 38612 25810 13007 50837 25581 25256 12860 12022 11898 12803 8375 3116 12802 11954 12721 23300 8508 4342 4499 2891 6038 848 838 12476 22936 14923 8013 8100 9687 2801 5574 1938 7612 6274 1956 4113 5467 1558 1558 1187 3636 379 1608 1234 1704 845 859 609 353 7020 2667 2601 1108 223 10129 7932 4304 2066 5347 3650 5936
internal_count=89449 38612 25810 13007 50837 25581 25256 12860 12022 11898 12803 8375 3116 12802 11954 12721 23300 8508 4342 4499 2891 6038 848 838 12476 22936 14923 8013 8100 9687 2801 5574 1938 7612 6274 1956 4113 5467 1558 1558 1187 3636 379 1608 1234 1704 845 859 609 353 7020 2667 2601 1108 223 10129 7932 4304 2066 5347 3650 5936
is_linear=0
shrinkage=0.05


Tree=4
num_leaves=63
num_cat=19
split_feature=1 7 7 1 1 7 1 1 2 4 7 10 1 1 1 7 7 8 1 7 1 1 4 7 2 7 4 2 7 4 7 4 10 4 2 4 7 4 4 4 3 9 4 4 4 7 4 7 7 7 7 7 4 10 7 4 3 2 10 4 10 4
split_gain=1.61304e+09 4.98248e+08 1.69244e+08 1.28548e+08 2.97362e+08 1.24254e+08 1.1015e+08 1.80368e+08 1.05392e+08 3.93995e+07 3.60178e+07 3.27543e+07 3.09375e+07 3.07258e+07 3.12473e+07 2.94106e+07 2.7899e+07 2.55194e+07 2.46189e+07 2.38189e+07 1.69458e+07 4.54463e+07 1.58489e+07 1.55598e+07 1.37091e+07 1.30942e+07 1.14713e+07 2.15527e+07 1.11049e+07 9.9663e+06 9.79341e+06 9.77234e+06 9.19071e+06 8.79995e+06 8.27926e+06 8.24285e+06 8.11386e+06 7.67062e+06 7.56975e+06 7.41635e+06 9.21176e+06 8.45154e+06 7.38102e+06 7.13134e+06 6.75122e+06 6.72257e+06 6.70344e+06 6.57721e+06 6.29232e+06 6.0328e+06 5.92845e+06 5.80373e+06 5.44244e+06 5.4765e+06 5.30704e+06 5.14424e+06 5.14107e+06 4.98517e+06 4.95624e+06 7.29795e+06 4.79293e+06 4.86864e+06
threshold=3.5000000000000004 0 1 4.5000000000000009 5.5000000000000009 2 4.5000000000000009 5.5000000000000009 4.5000000000000009 15.500000000000002 3 2.5000000000000004 1.5000000000000002 1.5000000000000002 2.5000000000000004 4 5 1.0000000180025095e-35 2.5000000000000004 6 5.5000000000000009 4.5000000000000009 14.500000000000002 7 8.5000000000000018 8 34.500000000000007 5.5000000000000009 9 51.500000000000007 10 2.5000000000000004 2.5000000000000004 23.500000000000004 4.5000000000000009 14.500000000000002 11 12.500000000000002 6.5000000000000009 51.500000000000007 26.500000000000004 1.0000000180025095e-35 51.500000000000007 51.500000000000007 1.5000000000000002 12 6.5000000000000009 13 14 15 16 17 35.500000000000007 2.5000000000000004 18 6.5000000000000009 23.500000000000004 8.5000000000000018 2.5000000000000004 32.500000000000007 22.500000000000004 15.500000000000002
decision_type=2 9 9 2 2 9 2 2 2 2 9 2 2 2 2 9 9 2 2 9 2 2 2 9 2 9 2 2 9 2 9 2 2 2 2 2 9 2 2 2 2 2 2 2 2 9 2 9 9 9 9 9 2 2 9 2 2 2 2 2 2 2
left_child=5 6 20 25 8 13 30 9 15 38 -7 31 57 17 26 -5 34 51 24 -10 21 -3 36 52 33 -4 27 44 -11 -20 -2 -12 56 -14 -6 46 -23 55 -8 41 -41 -28 50 -37 -15 -24 -34 -29 -33 -17 -16 -1 53 -9 -21 -18 -27 -13 -32 -60 -46 -62
right_child=1 2 3 4 16 10 7 23 19 28 11 12 18 14 42 49 37 -19 29 54 -22 22 45 -25 -26 32 39 47 -30 -31 58 48 35 -35 -36 43 -38 -39 -40 40 -42 -43 -44 -45 60 -47 -48 -49 -50 -51 -52 -53 -54 -55 -56 -57 -58 -59 59 -61 61 -63
leaf_value=-1.9698119398702698 15.017467445870862 -4.4648592705750474 -1.1864047547628498 32.022650150495295 10.420061086248095 -9.6217008011264795 34.985110127455634 30.586538553197542 17.110254315756965 34.569763613497059 4.1623892625087455 -8.1502108362904799 -2.994991026468238 21.387716282718245 0.92633274832380796 15.821747481906582 0.4640104246609843 8.331213770365423 -7.5212170382552914 6.9173716663124898 -4.7530708142777804 4.4617472476652589 5.1499217032191531 10.068461408214651 -6.7959203326306756 5.6957366293728802 -1.7649497617048522 26.506857906167877 24.344485555651289 10.677664349661866 18.263596443237642 -0.80829329652688764 1.3890598327023382 1.8547281087480738 4.624976072982049 0.89558435307903328 15.093945001429937 -0.89306604206603424 44.735171031858059 -2.8311626168361226 39.240958531228387 18.002412673241096 17.212902491801497 20.70986097588198 0.61101530636657631 -0.74385930136992617 8.7883123108463082 11.981312287856838 -4.6789799509345746 23.324964626639257 -4.1324682731023614 -5.8447962897501817 13.40912602785626 18.86810542838786 11.363430042737409 7.1666620772850527 18.586062463805305 -10.390079229732759 10.120380555692362 3.4089584310890046 11.716235761209298 0.37522296859383353
leaf_weight=1378 854 2694 2696 960 935 10744 332 118 1730 594 488 8116 2814 52 845 717 574 402 6696 1244 2636 346 974 1528 1619 173 780 114 1298 76 118 1666 497 1401 1809 3037 442 3589 508 25 27 58 48 46 745 953 797 495 2906 950 1834 3524 390 653 1959 571 140 3583 1113 637 248 153
leaf_count=1378 854 2694 2696 960 935 10744 332 118 1730 594 488 8116 2814 52 845 717 574 402 6696 1244 2636 346 974 1528 1619 173 780 114 1298 76 118 1666 497 1401 1809 3037 442 3589 508 25 27 58 48 46 745 953 797 495 2906 950 1834 3524 390 653 1959 571 140 3583 1113 637 248 153
internal_value=-0.00442905 7.69987 4.75764 6.98947 9.64568 -5.85605 18.68 22.8237 16.6384 31.8719 -7.13376 -6.22048 -6.98453 -1.07137 1.57371 24.7282 2.57616 -3.77829 -5.26595 12.3298 -1.46415 0.136002 4.70128 13.6299 -2.88525 1.59079 5.3897 7.6781 27.8678 -7.31682 10.4957 -2.56269 3.18296 -1.38301 6.57596 2.5977 10.6748 0.243242 40.8862 0.743136 19.0473 -0.394812 -2.20037 1.19189 3.78418 2.25812 5.94674 15.3362 -3.28058 20.2124 -2.54883 -4.77151 18.0736 20.6653 9.66382 3.80689 11.4655 -8.83629 8.30296 7.67776 2.98362 7.3903
internal_weight=89449 38612 30469 22424 15038 50837 8143 5421 7560 2732 40109 29365 24305 10728 5424 2627 7478 5304 12606 4933 8045 5409 2715 2689 5834 7386 2697 1807 1892 6772 2722 5060 4690 4215 2744 4377 788 4734 840 890 52 838 2727 3083 1198 1927 1294 609 4572 1667 2679 4902 1161 771 3203 1145 313 11699 1868 1750 1146 401
internal_count=89449 38612 30469 22424 15038 50837 8143 5421 7560 2732 40109 29365 24305 10728 5424 2627 7478 5304 12606 4933 8045 5409 2715 2689 5834 7386 2697 1807 1892 6772 2722 5060 4690 4215 2744 4377 788 4734 840 890 52 838 2727 3083 1198 1927 1294 609 4572 1667 2679 4902 1161 771 3203 1145 313 11699 1868 1750 1146 401
cat_boundaries=0 5 10 15 20 25 30 35 40 45 49 53 58 63 67 72 77 82 85 90
cat_threshold=1729741484 541392915 134234624 261 262976 1024 2183689984 908132362 2203320960 8433696 1738113708 608436241 138428928 8388869 262720 1024 2183673736 3005874186 3255042720 8396832 12980560 76548128 2128 746692680 1051795 8786240 210796608 12586004 746677322 16404 145103169 76548160 3088 1015129160 1048592 605618824 262145 0 260 262208 402661377 1359120520 2165997825 1075972146 2818176 1679294600 262145 0 256 554173064 262161 0 256 0 2150106112 838860810 5242880 8421408 1024 33575680 69271552 2186281088 12288 524288 537133057 134217728 256 2149863744 142704706 8391764 738272328 1065234 2415927296 1359085580 3221782784 1073891362 2293768 524936 537133073 134217728 0 262144 524936 537133073 134217728 268435456 1359085580 3222937888 1075972128 131073
is_linear=0
shrinkage=0.05


Tree=5
num_leaves=63
num_cat=18
split_feature=1 7 7 7 1 1 1 1 2 4 7 1 1 8 7 7 7 1 1 1 1 4 8 7 1 1 8 7 2 4 7 7 7 4 4 7 4 4 4 7 4 4 4 3 9 4 7 7 9 4 4 7 4 4 7 4 4 4 9 2 4 4
split_gain=1.43897e+09 4.65997e+08 1.53383e+08 1.19472e+08 1.10161e+08 2.57816e+08 1.00973e+08 1.69504e+08 9.20167e+07 4.02116e+07 3.42658e+07 2.838e+07 3.09341e+07 2.64396e+07 2.54557e+07 2.43584e+07 2.10391e+07 1.81762e+07 2.18113e+07 1.64123e+07 4.32827e+07 1.56316e+07 1.49303e+07 1.39531e+07 1.38059e+07 1.77163e+07 1.6918e+07 1.29454e+07 1.24894e+07 1.39043e+07 1.16539e+07 1.0675e+07 1.01125e+07 7.84013e+06 7.53012e+06 7.24093e+06 7.14564e+06 6.82018e+06 6.70698e+06 6.62019e+06 6.60996e+06 6.48987e+06 6.47474e+06 6.92178e+06 6.59543e+06 6.29855e+06 6.28256e+06 6.171e+06 6.01405e+06 6.15976e+06 7.90038e+06 5.8828e+06 5.53591e+06 5.41835e+06 5.36449e+06 5.32456e+06 5.18267e+06 4.92699e+06 5.76505e+06 4.90536e+06 4.64217e+06 4.58999e+06
threshold=3.5000000000000004 0 1 2 4.5000000000000009 5.5000000000000009 4.5000000000000009 5.5000000000000009 4.5000000000000009 15.500000000000002 3 1.5000000000000002 2.5000000000000004 1.0000000180025095e-35 4 5 6 1.5000000000000002 2.5000000000000004 5.5000000000000009 4.5000000000000009 12.500000000000002 1.0000000180025095e-35 7 1.5000000000000002 2.5000000000000004 1.0000000180025095e-35 8 8.5000000000000018 23.500000000000004 9 10 11 1.5000000000000002 51.500000000000007 12 13.500000000000002 1.5000000000000002 12.500000000000002 13 34.500000000000007 51.500000000000007 51.500000000000007 26.500000000000004 1.0000000180025095e-35 6.5000000000000009 14 15 1.0000000180025095e-35 32.500000000000007 51.500000000000007 16 23.500000000000004 34.500000000000007 17 1.5000000000000002 6.5000000000000009 35.500000000000007 1.0000000180025095e-35 5.5000000000000009 12.500000000000002 51.500000000000007
decision_type=2 9 9 9 2 2 2 2 2 2 9 2 2 2 9 9 9 2 2 2 2 2 2 9 2 2 2 9 2 2 9 9 9 2 2 9 2 2 2 9 2 2 2 2 2 2 9 9 2 2 2 9 2 2 9 2 2 2 2 2 2 2
left_child=3 6 19 11 27 8 30 9 15 45 24 13 28 37 36 -6 -10 22 32 20 -3 35 33 -9 26 40 55 -4 29 47 -2 -11 -19 -12 53 -22 -7 -1 56 -23 52 -20 44 -44 -30 -8 -17 -13 49 -29 -51 -31 -26 59 -39 -5 -16 58 -25 -14 -47 -27
right_child=1 2 4 10 5 14 7 23 16 31 17 12 34 -15 38 46 -18 18 41 -21 21 39 -24 57 25 61 -28 48 42 51 -32 -33 -34 -35 -36 -37 -38 54 -40 -41 -42 -43 43 -45 -46 60 -48 -49 -50 50 -52 -53 -54 -55 -56 -57 -58 -59 -60 -61 -62 -63
leaf_value=10.473955724210779 13.810703723089103 -4.3222392491527586 4.8040660072157397 6.7173584452369246 30.061169450586529 10.590746941539349 34.321820000798859 17.760040214313182 16.022066161693179 33.313514527486497 0.11932359503452493 11.742562478425647 -2.8822633271400595 8.4795811403134618 0.25119647524346911 13.946884557680944 9.0561826660032558 -2.0607997291090814 -8.5553482385436421 -4.606059300240295 16.153930652127222 5.5363347053149168 -3.3573714799069196 10.502379176496397 0.14162663234522696 -5.722015418205153 3.7409602729995224 1.2346597711654708 -1.9612271604611973 20.131350399836542 7.0083192258732625 23.234852926474133 -5.9184282960882264 -9.5274984829154903 17.927187944854936 5.5393558051155329 4.7930769386218293 -2.2038984141156539 -0.81890653106417666 -0.21574050065426353 -3.2227069742948324 2.4672716082675241 -2.1357952284057755 36.273378543929752 16.790755120009006 46.406069764611594 21.775841352223971 2.8763923512811909 8.7929514479901929 -3.2049077399736356 11.043336136796659 9.1843865916099983 6.0762431368837504 -5.7151650566066738 -5.8432728349328045 -7.165173179841708 6.9969000755343336 6.0641632865804116 20.839733556445637 2.5618927054252989 36.045543395108169 9.7095340686028937
leaf_weight=75 1192 2711 2214 70 935 723 324 1013 1773 572 214 240 1126 428 576 573 3148 2718 7259 2719 343 895 1116 999 1227 2628 399 3199 732 236 1521 1286 4691 13312 46 364 2007 1520 3581 1125 890 136 22 25 50 360 1049 1033 198 1727 103 397 578 860 3297 4816 563 527 156 654 158 49
leaf_count=75 1192 2711 2214 70 935 723 324 1013 1773 572 214 240 1126 428 576 573 3148 2718 7259 2719 343 895 1116 999 1227 2628 399 3199 732 236 1521 1286 4691 13312 46 364 2007 1520 3581 1125 890 136 22 25 50 360 1049 1033 198 1727 103 397 578 860 3297 4816 563 527 156 654 158 49
internal_value=-0.00137669 7.2726 4.4369 -5.52854 6.57692 9.05713 17.9211 21.9 15.6156 30.7544 -6.78217 -0.840822 1.70445 -3.43598 2.47385 23.31 11.6172 -7.6645 -6.43156 -1.43259 0.15157 4.59913 -8.91625 13.0284 -4.33929 -2.55828 -6.15774 1.60995 5.44739 7.67561 10.0742 26.6436 -4.51407 -9.37487 -2.10683 10.9974 6.30574 -4.47862 0.243564 2.35931 0.30349 -8.3526 0.324036 18.3281 -0.760251 39.8211 19.1136 4.66357 0.247286 -0.0888465 -2.4024 13.7313 2.04225 -2.45657 -4.71165 -6.96615 3.58588 10.0127 11.9003 -0.88196 43.2535 -5.4392
internal_weight=89478 38634 30526 50844 22369 14928 8108 5395 7478 2700 40103 10741 5421 5320 7450 2557 4921 29446 14804 8157 5438 2727 14642 2695 10657 5372 5285 7441 2735 1906 2713 1858 7409 13526 2686 707 2730 4892 4720 2020 2695 7395 829 47 782 842 1622 1273 5227 5029 1830 633 1805 2640 4817 4886 1139 1682 1155 1780 518 2677
internal_count=89478 38634 30526 50844 22369 14928 8108 5395 7478 2700 40103 10741 5421 5320 7450 2557 4921 29446 14804 8157 5438 2727 14642 2695 10657 5372 5285 7441 2735 1906 2713 1858 7409 13526 2686 707 2730 4892 4720 2020 2695 7395 829 47 782 842 1622 1273 5227 5029 1830 633 1805 2640 4817 4886 1139 1682 1155 1780 518 2677
cat_boundaries=0 5 10 15 20 25 30 35 40 45 50 54 59 64 69 74 78 83 88
cat_threshold=1729745580 541392915 512 325 262976 1024 2200450560 908787722 2169766528 8433696 1704575916 549715985 134234624 261 262976 33953856 202440770 1086327892 679552072 16406 8519936 210763840 146820116 746681354 1067028 147194192 76548128 134220016 740401160 1051665 143001937 68159552 142625812 1015129096 1048592 605553288 262145 0 260 262144 8781888 210763840 146824276 142681096 16 554173096 262161 0 260 576 1696071816 262144 0 256 2153783313 165924 1323136 340410386 1248393 1024 50344448 2818048 2147745920 12288 1024 50332160 69926912 2151678080 12288 2147483648 1342193928 3221225728 1107445794 2293768 524808 262145 0 256 25690760 537133057 134217728 256 262144 1074266248 537133073 134217728 0 262144
is_linear=0
shrinkage=0.05


Tree=6
num_leaves=63
num_cat=0
split_feature=1 1 1 2 10 1 1 2 4 4 10 4 4 4 0 4 4 4 4 8 4 4 4 1 1 2 2 9 4 4 0 4 4 2 4 4 2 0 2 4 4 4 0 1 4 4 0 4 4 4 4 4 10 2 4 1 2 1 4 10 4 4
split_gain=1.29922e+09 1.83217e+08 4.09724e+08 1.29379e+08 5.08928e+07 5.0981e+07 4.13958e+07 2.50165e+07 2.09995e+07 1.81401e+07 1.80756e+07 2.27319e+07 1.79094e+07 1.7695e+07 1.67517e+07 1.62625e+07 1.40433e+07 2.7559e+07 1.25098e+07 1.09135e+07 9.39267e+06 1.05342e+07 8.81344e+06 7.95745e+06 1.9136e+07 8.67914e+06 8.63299e+06 2.0012e+07 7.45283e+06 1.45642e+07 7.24299e+06 7.10601e+06 6.97882e+06 1.76304e+07 6.71991e+06 6.64776e+06 6.20848e+06 5.98193e+06 5.35043e+06 4.9046e+06 4.43737e+06 4.38876e+06 4.07698e+06 4.06884e+06 1.55679e+07 3.76982e+06 3.72462e+06 3.66649e+06 5.41638e+06 3.57725e+06 3.25581e+06 4.44142e+06 3.05059e+06 3.04236e+06 3.023e+06 2.98562e+06 3.96619e+06 2.74822e+06 2.68361e+06 2.6806e+06 5.83778e+06 2.5649e+06
threshold=3.5000000000000004 4.5000000000000009 5.5000000000000009 4.5000000000000009 2.5000000000000004 1.5000000000000002 2.5000000000000004 8.5000000000000018 12.500000000000002 6.5000000000000009 2.5000000000000004 32.500000000000007 51.500000000000007 10.500000000000002 0.051181104000000012 2.5000000000000004 6.5000000000000009 12.500000000000002 51.500000000000007 1.0000000180025095e-35 34.500000000000007 23.500000000000004 46.500000000000007 1.0000000180025095e-35 1.5000000000000002 5.5000000000000009 11.500000000000002 1.0000000180025095e-35 6.5000000000000009 14.500000000000002 0.023622050000000002 34.500000000000007 14.500000000000002 5.5000000000000009 32.500000000000007 22.500000000000004 8.5000000000000018 0.19291340550000005 1.5000000000000002 5.5000000000000009 22.500000000000004 7.5000000000000009 0.011811025500000001 2.5000000000000004 46.500000000000007 2.5000000000000004 0.20866141450000003 51.500000000000007 50.500000000000007 46.500000000000007 51.500000000000007 42.500000000000007 2.5000000000000004 10.500000000000002 47.500000000000007 2.5000000000000004 5.5000000000000009 2.5000000000000004 50.500000000000007 20.500000000000004 15.500000000000002 35.500000000000007
decision_type=2 2 2 2 2 2 2 2 2 2 2 2 2 2 2 2 2 2 2 2 2 2 2 2 2 2 2 2 2 2 2 2 2 2 2 2 2 2 2 2 2 2 2 2 2 2 2 2 2 2 2 2 2 2 2 2 2 2 2 2 2 2
left_child=4 10 3 16 15 20 7 13 9 39 22 28 -13 -7 19 46 45 42 31 47 21 59 -2 25 49 -17 36 -28 -12 -30 61 35 -15 -34 -35 -8 38 -19 -26 -4 -31 -11 -18 44 -38 -3 -1 48 53 -25 51 52 -32 -5 -55 56 -40 -29 -9 -6 -61 -10
right_child=1 2 8 14 5 6 18 58 30 41 11 12 -14 32 -16 23 17 37 -20 -21 -22 -23 -24 24 26 -27 27 57 29 40 50 -33 33 34 -36 -37 43 -39 55 -41 -42 -43 -44 -45 -46 -47 -48 -49 -50 -51 -52 -53 -54 54 -56 -57 -58 -59 -60 60 -62 -63
leaf_value=3.6334729056376411 4.6641231404143699 15.06422360408382 4.3540132158134321 9.8604959846285443 -8.6974017857898485 -4.5204795764430932 -6.6386959531300667 -6.4467616222207313 1.8314070936826221 15.230375814333915 -0.18771862769065528 -1.8850114506006144 17.460592252621318 4.9156013913186776 15.619657588703689 4.0212210626336242 26.682083208351571 16.985200775273814 9.8077603329188889 28.309227688885734 -9.3257891761061131 -4.9466955330648616 14.827532698336524 -7.8462802369665425 -6.7028048853680096 -2.4539976011543096 23.565204250258802 -7.5286726621831654 7.2258365307612538 0.39258675143225424 9.0685813850919157 -8.2710178689716152 -3.8100268781234785 4.2520729587277497 -1.3546445639435842 -3.5429327678220499 -6.3606496165170103 25.595288683291493 -0.13546711766735425 -2.2394601324871912 3.6890257713398196 8.9546144445785583 31.711092083646022 -8.7655365338069284 8.2805214419437814 20.366537130591674 14.491303035214324 18.347550836342773 2.1396794101998453 -3.0332636369123542 12.77394190981726 -0.19402051401703579 3.8110821860302786 14.89826932530864 9.9431330450356814 -2.6120892105672122 5.90956343281354 3.4708257056845819 -0.96755435637725418 -5.3210629667790244 -9.191246770412441 -0.16719931342073935
leaf_weight=765 502 487 1196 4451 5353 1915 5313 2548 3506 364 1350 4250 123 971 2320 849 994 947 119 86 6665 4183 371 1927 248 1325 114 115 2165 1907 315 3755 1669 1965 734 2575 726 257 611 369 2197 1191 687 387 242 1088 88 141 202 483 98 641 2223 682 563 376 488 112 245 2270 1708 2961
leaf_count=765 502 487 1196 4451 5353 1915 5313 2548 3506 364 1350 4250 123 971 2320 849 994 947 119 86 6665 4183 371 1927 248 1325 114 115 2165 1907 315 3755 1669 1965 734 2575 726 257 611 369 2197 1191 687 387 242 1088 88 141 202 483 98 641 2223 682 563 376 488 112 245 2270 1708 2961
internal_value=9.31973e-05 6.91184 9.34474 15.6394 -5.25183 -5.97832 -4.30241 -1.94542 3.02992 6.59994 2.03864 1.53293 -1.34049 -0.397243 12.0009 -1.80733 22.5285 24.6025 -6.3157 10.63 -7.78959 -7.03188 8.98449 -2.50685 -3.4697 0.0747995 -1.0644 6.48291 3.18215 3.90782 1.88675 -6.48057 1.08174 0.229385 2.72732 -5.62816 -1.90072 18.825 0.0907007 2.79934 2.15732 10.4246 28.7391 -4.4328 -2.69987 18.7281 4.7552 10.3778 10.1869 -6.88185 3.80174 3.52475 4.46394 10.4723 12.6585 1.23331 2.54906 -2.10245 -5.96618 -7.96658 -6.98296 0.91633
internal_weight=89478 38634 25769 12905 50844 41988 21809 10047 12864 3120 12865 11992 4373 7254 8445 8856 4460 2885 11762 6125 20179 13514 873 8003 5829 2174 3419 341 7619 6269 9744 11643 5339 4368 2699 7888 3078 1204 1723 1565 4104 1555 1681 1355 968 1575 853 6039 5898 2410 3277 3179 2538 5696 1245 1475 1099 227 2793 9331 3978 6467
internal_count=89478 38634 25769 12905 50844 41988 21809 10047 12864 3120 12865 11992 4373 7254 8445 8856 4460 2885 11762 6125 20179 13514 873 8003 5829 2174 3419 341 7619 6269 9744 11643 5339 4368 2699 7888 3078 1204 1723 1565 4104 1555 1681 1355 968 1575 853 6039 5898 2410 3277 3179 2538 5696 1245 1475 1099 227 2793 9331 3978 6467
is_linear=0
shrinkage=0.05


Tree=7
num_leaves=63
num_cat=20
split_feature=1 7 7 7 1 1 1 1 2 7 4 1 1 10 7 1 7 10 1 7 7 7 4 7 7 7 7 1 1 4 4 7 4 2 4 2 4 4 4 7 4 4 4 7 7 7 4 7 10 10 2 4 4 10 10 4 4 4 4 4 2 7
split_gain=1.17256e+09 4.215e+08 1.38976e+08 1.08062e+08 9.17999e+07 2.18591e+08 8.25985e+07 1.35457e+08 8.24421e+07 3.14369e+07 2.92497e+07 2.50953e+07 2.62728e+07 2.41424e+07 2.31666e+07 2.27805e+07 2.19701e+07 2.06336e+07 1.94282e+07 1.89591e+07 1.38868e+07 1.17537e+07 1.13429e+07 1.1238e+07 1.12008e+07 9.90598e+06 9.81444e+06 9.63354e+06 2.70218e+07 8.29612e+06 8.28127e+06 7.90192e+06 7.61351e+06 6.69958e+06 7.05127e+06 6.50433e+06 6.45289e+06 6.09363e+06 5.90031e+06 5.81469e+06 5.76018e+06 5.67755e+06 1.11375e+07 5.33398e+06 4.97302e+06 4.94913e+06 4.78849e+06 4.72414e+06 4.64709e+06 4.51356e+06 4.76542e+06 4.71988e+06 4.4514e+06 5.92334e+06 4.32138e+06 4.73651e+06 4.38331e+06 4.24797e+06 4.1725e+06 4.15823e+06 4.89296e+06 4.10031e+06
threshold=3.5000000000000004 0 1 2 4.5000000000000009 5.5000000000000009 4.5000000000000009 5.5000000000000009 4.5000000000000009 3 15.500000000000002 1.5000000000000002 2.5000000000000004 2.5000000000000004 4 1.5000000000000002 5 1.0000000180025095e-35 2.5000000000000004 6 7 8 34.500000000000007 9 10 11 12 5.5000000000000009 4.5000000000000009 23.500000000000004 12.500000000000002 13 2.5000000000000004 8.5000000000000018 24.500000000000004 4.5000000000000009 51.500000000000007 51.500000000000007 12.500000000000002 14 1.5000000000000002 32.500000000000007 21.500000000000004 15 16 17 51.500000000000007 18 36.500000000000007 1.5000000000000002 4.5000000000000009 51.500000000000007 35.500000000000007 2.5000000000000004 2.5000000000000004 33.500000000000007 51.500000000000007 1.5000000000000002 6.5000000000000009 34.500000000000007 5.5000000000000009 19
decision_type=2 9 9 9 2 2 2 2 2 9 2 2 2 2 9 2 9 2 2 9 9 9 2 9 9 9 9 2 2 2 2 9 2 2 2 2 2 2 2 9 2 2 2 9 9 9 2 9 2 2 2 2 2 2 2 2 2 2 2 2 2 9
left_child=3 6 20 11 23 8 26 10 14 -5 31 17 24 32 -6 59 35 -1 22 -10 -3 -9 29 54 41 -12 -2 28 -22 48 -30 -8 -11 34 57 -7 45 -20 58 -34 -19 42 -13 -16 -42 -14 -35 -21 -17 -25 -51 -52 53 -23 -4 -56 -57 -26 -18 60 -15 -40
right_child=1 2 4 9 5 16 7 21 19 13 25 12 36 15 43 18 38 40 37 47 27 52 -24 49 33 -27 -28 -29 30 -31 -32 -33 39 46 -36 -37 -38 -39 61 -41 44 -43 -44 -45 -46 -47 -48 -49 -50 50 51 -53 -54 -55 55 56 -58 -59 -60 -61 -62 -63
leaf_value=7.6037101609516871 13.021210877010882 -4.3756166282784319 11.354039230385856 -8.5081574605985608 28.816573494776708 9.0838897223978474 26.309706238448811 16.724593971837169 14.609521932145123 3.7105688762869118 31.057758698154615 8.7086924601767972 1.7824596914184938 -7.8318681568603328 12.961975185224865 -3.486682078128859 0.182000323046006 9.756081469127917 -6.4721349593416564 5.6057090622715382 -3.1203364404996412 20.024287385957372 -5.7361691352932951 7.7177905111753269 18.335260735752964 21.47773444856665 6.7625642439899885 -3.2198399867586383 11.540527502017985 2.442147598114488 3.7052071459839726 41.07957238806479 -0.43675246116283273 -2.0033096319494486 10.584187331940919 3.9392994997572113 16.681698373320753 8.5617669412218014 0.74589625163538953 -4.1475773335495063 -1.0362950806199092 4.9794236786179891 25.672770495091619 20.086584116987304 -4.9564844485529358 -3.2226224672947303 17.009531495102451 9.7331987517738199 1.6380763904015911 1.799695002500278 -1.9510140043605966 9.3143979976626294 5.8933389308482127 9.9143855097456104 4.9804043841266141 -0.2398851269188077 19.837387421631728 2.2899878265302309 6.2478523775492452 -8.9349477239788015 -5.2081292985417571 -2.6332577354051652
leaf_weight=424 1192 3045 184 10718 810 934 337 1013 1766 490 572 287 652 5134 568 2194 572 76 6746 1332 1693 170 1750 178 43 1290 1520 1683 454 1263 1311 502 1645 586 437 1796 47 68 1787 2996 1056 251 146 1179 3758 1984 35 1789 554 1603 2863 96 537 983 1660 835 28 963 562 3822 2719 1790
leaf_count=424 1192 3045 184 10718 810 934 337 1013 1766 490 572 287 652 5134 568 2194 572 76 6746 1332 1693 170 1750 178 43 1290 1520 1683 454 1263 1311 502 1645 586 437 1796 47 68 1787 2996 1056 251 146 1179 3758 1984 35 1789 554 1603 2863 96 537 983 1660 835 28 963 562 3822 2719 1790
internal_value=0.000105261 6.56629 3.86799 -4.98924 5.91056 8.18068 16.687 20.2809 14.2385 -6.18177 28.2 -0.532594 1.85709 -5.33049 21.5129 -5.99159 2.12025 -2.97588 -4.5149 10.432 -1.70469 12.367 -2.37744 1.38096 5.29326 24.7043 9.58674 -0.117237 1.3925 -0.911916 5.72118 35.9539 -2.21636 3.39665 5.28175 5.67886 -1.66239 -6.32198 0.04583 -2.84219 -3.89335 10.8074 14.4333 17.858 -4.10904 -1.99008 -0.929158 7.99541 -2.4535 -0.0907749 -0.395812 -1.58522 9.59843 11.4066 3.94367 3.41844 0.413738 2.97758 3.18847 -7.58206 -6.92351 -0.950399
internal_weight=89478 38634 30518 50844 22332 14885 8116 5404 7444 40099 2701 10745 5431 29381 2557 24250 7441 5314 12575 4887 8186 2703 5761 7447 2748 1862 2712 5141 3458 4011 1765 839 5131 2064 1443 2730 2683 6814 4711 4641 4890 684 433 1747 4814 2636 621 3121 2748 4740 4562 2959 1690 1153 2707 2523 863 1006 1134 11675 7853 3577
internal_count=89478 38634 30518 50844 22332 14885 8116 5404 7444 40099 2701 10745 5431 29381 2557 24250 7441 5314 12575 4887 8186 2703 5761 7447 2748 1862 2712 5141 3458 4011 1765 839 5131 2064 1443 2730 2683 6814 4711 4641 4890 684 433 1747 4814 2636 621 3121 2748 4740 4562 2959 1690 1153 2707 2523 863 1006 1134 11675 7853 3577
cat_boundaries=0 5 10 15 20 25 30 35 40 45 50 54 58 63 68 73 78 81 84 89 94
cat_threshold=1729741484 541392915 16896 8388869 262976 0 2183689984 908656650 2203320992 8429600 1704575916 608501777 134234624 261 262720 268435456 2183673608 3005874186 3256091264 8429600 12980560 76548096 134219856 604086344 1051665 8786176 210763840 146803732 738288714 1067028 10885441 68159552 142609428 1006740552 1049616 0 2150106112 838860808 262656 8388640 605553288 262145 0 260 262144 8786240 210763872 146808020 201434184 20 524936 537133056 134217728 256 1696071816 262144 0 256 554173096 262161 0 260 576 33570948 536936450 16384 8388609 262464 35655744 9470018 12586068 746792008 16668 2147483648 1359085576 3221356800 1073891330 2297864 524296 537133073 134217728 524936 537133072 134217728 268436480 1359118476 2165448992 1075972096 135169 2283808851 1073907712 1074008384 268603408 197642
is_linear=0
shrinkage=0.05


Tree=8
num_leaves=63
num_cat=18
split_feature=1 7 7 7 1 1 1 1 4 7 4 1 1 7 7 8 7 7 7 7 1 1 8 7 4 7 1 1 8 7 7 7 4 1 1 4 4 4 4 4 7 4 4 9 4 4 7 8 7 4 4 4 1 1 4 4 4 0 4 4 4 4
split_gain=1.05888e+09 3.81095e+08 1.25714e+08 9.80509e+07 8.25567e+07 1.88407e+08 7.67706e+07 1.32272e+08 7.05338e+07 2.94197e+07 2.84189e+07 2.19598e+07 2.3882e+07 2.18858e+07 1.97078e+07 1.95768e+07 1.61007e+07 1.28722e+07 1.24522e+07 1.22032e+07 1.14507e+07 1.4452e+07 1.2207e+07 1.08038e+07 1.03399e+07 1.01782e+07 9.55683e+06 1.2279e+07 1.09322e+07 9.29848e+06 7.05719e+06 6.43177e+06 6.35156e+06 6.20799e+06 1.52714e+07 5.54643e+06 5.66984e+06 5.10689e+06 5.08953e+06 5.08848e+06 5.06153e+06 4.95092e+06 8.44696e+06 4.78166e+06 1.00106e+07 6.48722e+06 4.76096e+06 4.54696e+06 4.51892e+06 4.48634e+06 4.83748e+06 4.47572e+06 4.43534e+06 1.29126e+07 4.3564e+06 4.34435e+06 4.31995e+06 4.23272e+06 4.1138e+06 8.36166e+06 4.10419e+06 4.08348e+06
threshold=3.5000000000000004 0 1 2 4.5000000000000009 5.5000000000000009 4.5000000000000009 5.5000000000000009 17.500000000000004 3 17.500000000000004 1.5000000000000002 2.5000000000000004 4 5 1.0000000180025095e-35 6 7 8 9 1.5000000000000002 2.5000000000000004 1.0000000180025095e-35 10 14.500000000000002 11 1.5000000000000002 2.5000000000000004 1.0000000180025095e-35 12 13 14 17.500000000000004 5.5000000000000009 4.5000000000000009 35.500000000000007 23.500000000000004 51.500000000000007 34.500000000000007 1.5000000000000002 15 33.500000000000007 22.500000000000004 1.0000000180025095e-35 51.500000000000007 34.500000000000007 16 1.0000000180025095e-35 17 33.500000000000007 22.500000000000004 1.5000000000000002 4.5000000000000009 5.5000000000000009 23.500000000000004 35.500000000000007 51.500000000000007 0.043307090000000006 12.500000000000002 6.5000000000000009 13.500000000000002 23.500000000000004
decision_type=2 9 9 9 2 2 2 2 2 9 2 2 2 9 9 2 9 9 9 9 2 2 2 9 2 9 2 2 2 9 9 9 2 2 2 2 2 2 2 2 9 2 2 2 2 2 9 2 9 2 2 2 2 2 2 2 2 2 2 2 2 2
left_child=3 6 18 11 23 8 29 10 14 20 31 15 25 32 58 39 -10 -11 -3 55 22 38 -5 -4 33 41 28 43 51 -2 -12 -8 -7 34 -20 36 -27 49 47 -1 -15 42 -13 44 45 61 -16 54 -41 50 -14 -19 -26 -54 -22 -9 -29 -32 59 -6 -42 -28
right_child=1 2 4 9 5 13 7 19 16 17 30 12 37 40 46 -17 -18 26 24 -21 21 -23 -24 -25 52 35 27 56 -30 -31 57 -33 -34 -35 -36 -37 -38 -39 -40 48 60 -43 -44 -45 -46 -47 -48 -49 -50 -51 -52 -53 53 -55 -56 -57 -58 -59 -60 -61 -62 -63
leaf_value=9.1497148661669865 12.366240798762782 -5.0526372392198313 3.8285544810688537 -5.9506271987687036 22.635499477482107 9.0240632007401569 39.769892449438686 17.580620626832673 13.710810334257344 -8.0935500967771414 29.138956422376801 8.7986812558849827 -2.2515568017023182 -2.3035150772004505 11.892672432334866 7.3889469766857934 7.6274944681303145 1.3428076812489256 -1.1390314574183209 8.318189391868712 -0.050002634411931306 -4.6083514564060311 3.1955962439935179 -0.12230035045680072 -4.0520116897056253 2.7258362123662181 -3.4621280867805426 -6.7788639918543128 -1.0671974688910033 6.2864433093403997 18.594553417459942 27.02966323270439 3.9586227197587167 -1.6018477025617508 10.261759102229981 -0.70117444172393772 9.4304009836764742 14.903980516715061 -2.5397773160191726 -1.7449639629331313 4.2067384494998299 4.6123279896292155 23.509471193077992 2.9708823554187269 20.314482951002059 -6.4437661975065197 18.662564512014775 15.600282359956308 -4.9981049044364179 -4.7107379235833928 3.3632462882348877 -7.6700488694611666 2.6406786255243819 -3.9875214390479155 5.3095866830597966 11.079340782639722 4.4629007599247039 24.934726058643292 21.006700403242434 33.76415459217403 0.12550414594571796 0.68517523903714395
leaf_weight=76 1195 2004 2716 4914 324 940 477 803 1775 10704 539 303 1152 1522 575 435 3147 140 563 1505 1220 2676 394 4744 1467 946 2115 4628 710 1514 824 466 1812 556 614 622 473 46 887 1671 835 238 144 317 44 1390 1050 60 3139 916 575 8447 1464 1475 550 379 87 389 257 355 2348 825
leaf_count=76 1195 2004 2716 4914 324 940 477 803 1775 10704 539 303 1152 1522 575 435 3147 140 563 1505 1220 2676 394 4744 1467 946 2115 4628 710 1514 824 466 1812 556 614 622 473 46 887 1671 835 238 144 317 44 1390 1050 60 3139 916 575 8447 1464 1475 550 379 87 389 257 355 2348 825
internal_value=0.00136199 6.24116 3.68044 -4.73997 5.61427 7.76171 15.8834 19.3584 13.3668 -5.87532 27.1852 -0.492548 1.74859 2.13695 20.0965 -2.77419 9.86488 -6.69461 -1.63955 11.5076 -3.61967 -2.00035 -5.27168 1.32111 -0.518924 5.04642 -5.89004 -4.7694 -7.03008 9.03759 23.4154 34.1859 5.66849 2.75204 4.80873 3.21985 4.9612 -1.59468 0.568375 -3.67915 0.0590715 10.2903 13.5419 -2.95814 -3.3879 -3.62922 16.3553 2.07495 -3.88204 -1.88238 -0.382034 -7.52309 -1.8067 -0.685846 1.61561 15.3672 -6.57134 20.461 26.1353 28.458 1.19249 -2.29836
internal_weight=89478 38634 30543 50844 22400 14940 8091 5382 7483 40108 2695 10736 5415 7457 2561 5321 4922 29407 8143 2687 10701 5393 5308 7460 6139 2726 18703 9406 9297 2709 1752 943 2752 1733 1177 2041 1419 2689 2717 4886 4705 685 447 4691 4374 4330 1625 1830 4810 2643 1727 8587 4406 2939 1770 1182 4715 1213 936 679 3183 2940
internal_count=89478 38634 30543 50844 22400 14940 8091 5382 7483 40108 2695 10736 5415 7457 2561 5321 4922 29407 8143 2687 10701 5393 5308 7460 6139 2726 18703 9406 9297 2709 1752 943 2752 1733 1177 2041 1419 2689 2717 4886 4705 685 447 4691 4374 4330 1625 1830 4810 2643 1727 8587 4406 2939 1770 1182 4715 1213 936 679 3183 2940
cat_boundaries=0 5 10 15 20 25 30 35 40 45 50 55 59 64 68 73 78 83 88
cat_threshold=1696191148 541392915 134218240 8388869 262976 1024 2183689216 908787722 2169766560 8433696 1704542892 549715985 134234688 1285 262976 36084032 202440770 1086325780 209789000 16406 176554240 210763840 12602388 738288714 18452 180748624 76548128 2288 606183496 1051665 42338641 68159552 8408080 1006740552 1049618 1024 2183673608 3072458762 3255042720 8429600 0 2150106112 301989896 0 8388608 1679360648 262145 0 260 262144 42338624 210763840 12606548 201434184 1044 524808 537133057 134217728 256 1627914920 262161 0 260 512 1696071816 262144 0 256 1696075816 4456465 0 260 512 0 285213452 2165317664 1109919744 2621440 2147483648 1342309128 3221225728 1107445762 2293768 1074266760 537133073 134217728 0 262144
is_linear=0
shrinkage=0.05


Tree=9
num_leaves=63
num_cat=21
split_feature=1 7 7 7 1 1 1 1 2 2 7 1 1 7 7 8 7 1 1 7 8 1 8 1 7 7 7 7 7 1 1 2 7 7 2 2 9 2 2 9 7 7 7 2 7 7 0 9 2 2 8 9 0 9 7 9 2 2 9 2 2 9
split_gain=9.56081e+08 3.45687e+08 1.14073e+08 8.86408e+07 7.3699e+07 1.76135e+08 6.76832e+07 1.11243e+08 6.43543e+07 2.72403e+07 2.66295e+07 2.04358e+07 2.13501e+07 1.83375e+07 1.79122e+07 1.68674e+07 1.67723e+07 1.19464e+07 1.46192e+07 1.14946e+07 1.06751e+07 9.84348e+06 1.26536e+07 1.26431e+07 9.67346e+06 9.24668e+06 9.16715e+06 8.3246e+06 8.06382e+06 7.82571e+06 2.27379e+07 7.10501e+06 7.0994e+06 6.97734e+06 6.80565e+06 7.03077e+06 5.48926e+06 5.76323e+06 4.98234e+06 4.73317e+06 4.51793e+06 4.50989e+06 4.46143e+06 4.42591e+06 4.28565e+06 4.14067e+06 4.11078e+06 3.85908e+06 3.64834e+06 3.56449e+06 3.56317e+06 3.55851e+06 3.50754e+06 3.49755e+06 3.4335e+06 3.36179e+06 3.31217e+06 3.29859e+06 3.26666e+06 3.18507e+06 3.10421e+06 6.4615e+06
threshold=3.5000000000000004 0 1 2 4.5000000000000009 5.5000000000000009 4.5000000000000009 5.5000000000000009 4.5000000000000009 4.5000000000000009 3 1.5000000000000002 2.5000000000000004 4 5 1.0000000180025095e-35 6 1.5000000000000002 2.5000000000000004 7 1.0000000180025095e-35 1.5000000000000002 1.0000000180025095e-35 2.5000000000000004 8 9 10 11 12 5.5000000000000009 4.5000000000000009 4.5000000000000009 13 14 8.5000000000000018 5.5000000000000009 1.0000000180025095e-35 4.5000000000000009 4.5000000000000009 1.0000000180025095e-35 15 16 17 8.5000000000000018 18 19 0.078740161000000017 1.0000000180025095e-35 4.5000000000000009 4.5000000000000009 1.0000000180025095e-35 1.0000000180025095e-35 0.051181104000000012 1.0000000180025095e-35 20 1.0000000180025095e-35 8.5000000000000018 9.5000000000000018 1.0000000180025095e-35 5.5000000000000009 8.5000000000000018 1.0000000180025095e-35
decision_type=2 9 9 9 2 2 2 2 2 2 9 2 2 9 9 2 9 2 2 9 2 2 2 2 9 9 9 9 9 2 2 2 9 9 2 2 2 2 2 2 9 9 9 2 9 9 2 2 2 2 2 2 2 2 9 2 2 2 2 2 2 2
left_child=3 6 19 11 26 8 28 9 13 32 21 15 25 -6 38 44 52 20 33 -3 54 22 -5 39 57 -13 -4 -11 60 30 -21 -32 -8 -19 35 50 37 -28 47 43 -14 -16 -18 59 -1 -15 -29 -7 53 -43 -27 -35 -10 -26 -12 56 -30 58 -9 -23 -2 -62
right_child=1 2 4 10 5 14 7 24 16 27 17 12 40 45 41 -17 42 18 -20 29 -22 23 -24 -25 48 34 36 46 55 -31 31 -33 -34 51 -36 -37 -38 -39 -40 -41 -42 49 -44 -45 -46 -47 -48 -49 -50 -51 -52 -53 -54 -55 -56 -57 -58 -59 -60 -61 61 -63
leaf_value=-1.566400299942581 13.648951484205917 -3.8376022176672686 -1.041457285122753 -5.6591403062447609 25.019481559161221 6.8273924030234445 23.591821654231573 15.718493285505241 12.128683141393578 26.35094048657502 -8.8815921249294263 10.819419268785685 1.5857386338980362 10.671713779054979 -2.1857537231844506 6.816386570909188 4.5250892252722199 -1.7443272442010092 -6.934744064859828 -2.8353165501875983 -2.6782114616659385 -0.24955014703950709 3.6308337536923787 -4.3633356911717156 10.375271574495496 2.1703458120478811 4.6695770978562035 16.444822761792977 7.3084417263633314 -2.8777364616198597 9.9134936959939566 3.0753919609283513 36.678502572412718 -5.3297859340290659 -0.83284096302870059 9.6565161458380473 11.170019808780612 0.95015305653724524 3.6206846771066736 8.175614634590211 -2.8430885317539349 3.4552585421388273 8.6185268238616697 -3.293483255532673 -4.6485882099701179 17.431873952497693 24.048107823622942 16.145035686934303 7.0370745194861417 -0.08025278720979323 21.253261686606237 0.22143036142691841 17.217752091717394 21.642938696281448 -7.1119112540264524 17.946313787778767 2.1953738291195406 10.429142076802044 25.741685643820968 4.230742697401058 6.1764633949330774 28.975893695193651
leaf_weight=1842 806 3294 2709 4917 941 802 350 659 1300 761 4904 512 829 456 1518 431 1126 2702 7396 1622 1116 1159 396 2685 497 965 1614 770 994 1608 586 1080 586 4390 672 562 180 2936 1815 186 1848 1080 2011 754 3049 1164 232 129 1109 2097 25 309 459 80 8592 58 465 261 93 603 352 34
leaf_count=1842 806 3294 2709 4917 941 802 350 659 1300 761 4904 512 829 456 1518 431 1126 2702 7396 1622 1116 1159 396 2685 497 965 1614 770 994 1608 586 1080 586 4390 672 562 180 2936 1815 186 1848 1080 2011 754 3049 1164 232 129 1109 2097 25 309 459 80 8592 58 465 261 93 603 352 34
internal_value=0.00219072 5.93136 3.48947 -4.50311 5.33997 7.37182 15.1032 18.3583 12.8026 25.5361 -5.58254 -0.464413 1.69827 19.2249 1.92931 -2.66494 9.44283 -6.36193 -5.36258 -1.55786 -7.37824 -3.4364 -4.96666 -1.93347 11.1799 4.80431 1.27795 21.8734 8.67237 -0.0193271 1.37857 5.48108 32.4319 -3.79141 3.35537 5.19038 2.60303 2.2696 5.12771 0.48117 -1.47628 0.047537 7.16846 -0.0879569 -3.50057 15.6069 18.0276 8.12005 8.66457 1.11817 2.65434 -4.9542 13.3815 11.941 -7.76687 6.10902 5.67911 15.1302 16.9613 1.28387 11.7837 8.1917
internal_weight=89478 38634 30527 50844 22337 14898 8107 5398 7457 2699 40109 10735 5413 2561 7441 5322 4896 29409 14797 8190 14612 10700 5313 5387 2699 2736 7439 1763 2709 4896 3288 1666 936 7401 2224 1552 4730 4550 2746 2702 2677 4695 3137 2516 4891 1620 1002 931 1686 3177 990 4699 1759 577 13496 1517 1459 1013 752 1762 1192 386
internal_count=89478 38634 30527 50844 22337 14898 8107 5398 7457 2699 40109 10735 5413 2561 7441 5322 4896 29409 14797 8190 14612 10700 5313 5387 2699 2736 7439 1763 2709 4896 3288 1666 936 7401 2224 1552 4730 4550 2746 2702 2677 4695 3137 2516 4891 1620 1002 931 1686 3177 990 4699 1759 577 13496 1517 1459 1013 752 1762 1192 386
cat_boundaries=0 5 10 15 20 25 30 35 40 45 49 54 58 63 68 73 76 81 86 91 96 101
cat_threshold=1729741484 608436243 16896 325 262976 0 2200450824 908656650 2203320960 8429600 1704575660 608436241 134234688 261 262976 36051264 143720514 1086327828 612459592 16400 147198289 9504768 134219984 740401160 1051665 8526144 143720512 146803732 746664970 18452 145103168 9504832 146803728 1015129096 1048592 0 2150106112 838860810 262656 8388640 605553288 262145 0 260 262144 524808 537133056 0 256 402654209 1342359680 2165481761 1075970098 2822272 1696072328 262161 512 256 554173096 262161 0 260 576 33570948 536870914 16384 65 262464 2151686161 165924 1323136 403308562 1772687 1074266760 537133073 134217728 1024 268451844 2165448736 1076365344 2625536 268436480 1342324740 2148671776 1075972128 135168 1074266760 537133073 134217728 256 262144 2147483648 1342193664 3221225728 1073874978 2232328 268436480 2452109064 3005415434 3255042688 8396832
is_linear=0
shrinkage=0.05


Tree=10
num_leaves=63
num_cat=18
split_feature=5 7 7 7 4 7 2 7 10 4 4 4 2 7 4 2 7 7 4 8 4 7 7 4 7 9 9 4 4 7 10 10 4 8 10 8 0 7 4 7 8 10 10 7 8 4 9 4 7 10 7 4 10 2 0 4 4 10 10 4 7 9
split_gain=8.47542e+08 2.64476e+08 1.28832e+08 8.86528e+07 5.46841e+07 4.14224e+07 2.61003e+07 2.57711e+07 2.25461e+07 2.28241e+07 2.19152e+07 2.10048e+07 1.94976e+07 1.70998e+07 1.5804e+07 1.36254e+07 1.29827e+07 1.28271e+07 1.21375e+07 1.16795e+07 1.13103e+07 1.04011e+07 1.03138e+07 1.00503e+07 9.8992e+06 9.68024e+06 8.06881e+06 7.46212e+06 7.95599e+06 7.39515e+06 6.69176e+06 1.15779e+07 6.62785e+06 1.06998e+07 6.56851e+06 6.1663e+06 5.84455e+06 5.60895e+06 5.13144e+06 5.07138e+06 4.98625e+06 4.90713e+06 9.46317e+06 7.42584e+06 4.90055e+06 5.00112e+06 7.20663e+06 6.88414e+06 4.84924e+06 4.83393e+06 4.61931e+06 4.22649e+06 7.40462e+06 4.06329e+06 3.99833e+06 3.9357e+06 3.74446e+06 3.65275e+06 6.31659e+06 3.60777e+06 3.59129e+06 3.51091e+06
threshold=1.0000000180025095e-35 0 1 2 13.500000000000002 3 4.5000000000000009 4 3.5000000000000004 34.500000000000007 6.5000000000000009 33.500000000000007 5.5000000000000009 5 51.500000000000007 11.500000000000002 6 7 7.5000000000000009 1.0000000180025095e-35 1.5000000000000002 8 9 12.500000000000002 10 1.0000000180025095e-35 1.0000000180025095e-35 6.5000000000000009 15.500000000000002 11 8.5000000000000018 5.5000000000000009 46.500000000000007 1.0000000180025095e-35 33.500000000000007 1.0000000180025095e-35 0.062992129500000008 12 6.5000000000000009 13 1.0000000180025095e-35 17.500000000000004 4.5000000000000009 14 1.0000000180025095e-35 46.500000000000007 1.0000000180025095e-35 35.500000000000007 15 33.500000000000007 16 6.5000000000000009 26.500000000000004 4.5000000000000009 0.062992137000000017 33.500000000000007 7.5000000000000009 5.5000000000000009 8.5000000000000018 51.500000000000007 17 1.0000000180025095e-35
decision_type=2 9 9 9 2 9 2 9 2 2 2 2 2 9 2 2 9 9 2 2 2 9 9 2 9 2 2 2 2 9 2 2 2 2 2 2 2 9 2 9 2 2 2 9 2 2 2 2 9 2 9 2 2 2 2 2 2 2 2 2 9 2
left_child=2 6 11 23 10 55 24 35 15 18 30 12 20 -14 26 29 -8 34 -10 61 -1 -20 -22 38 51 -16 48 -24 41 44 31 -5 40 -34 -12 36 -6 -9 -3 -25 -28 42 43 56 45 47 -47 -7 -13 -19 -15 -2 -53 -46 -18 -4 -29 -26 -59 -57 -40 -17
right_child=1 3 5 4 7 8 16 37 9 -11 17 14 13 50 25 19 54 49 21 -21 22 -23 27 39 57 -27 32 28 -30 -31 -32 -33 33 -35 -36 -37 -38 -39 60 -41 -42 -43 -44 -45 53 46 -48 -49 -50 -51 -52 52 -54 -55 -56 59 -58 58 -60 -61 -62 -63
leaf_value=12.656276740980203 22.339653007256306 0.12578457426174258 -6.0064326143233089 10.052877243600012 7.1324103095644906 0.43526544016245072 19.010845508899671 4.7518184549744893 -5.64725166416929 -6.1480778758932964 23.406969396186451 -0.21968562652230791 16.457598585989015 7.074222091373243 20.635153488537298 9.5660363077294033 11.087385568242601 13.791249307087458 -0.82718453613198184 -9.1674682881078944 6.3233651459964175 -3.4727563881558341 -3.7196486185031525 -4.5087459416269153 23.549206104124025 1.2231021335637544 -6.5181796812364245 3.5564521291411619 -1.8894423875359712 -3.0135998786715334 11.84118836448954 -0.24789221089774235 21.603764780459827 -6.2538295513263185 11.961226999691815 31.341399370436001 11.565799042354953 1.9064734676759945 0.87759738444771962 -0.5946287404915116 6.391879694100413 5.1608324620014354 -3.7204950871188922 2.1219148423667979 10.569956393445423 -3.0508572277700385 15.702663313050412 -6.1260876679292169 -3.9206419882876782 6.4221758047853559 2.6977424142291428 36.292976970031816 24.388650020664244 1.3980444423354181 15.750793498363635 -8.1026680985871504 24.84555181312826 6.444582943284165 18.635242860520709 -1.934896049268398 8.7889046616713511 2.5962085020726122
leaf_weight=202 297 653 8590 625 2989 1306 1333 3529 3811 8973 613 1299 342 1087 125 494 1589 1105 5874 130 682 10203 1150 1147 256 132 151 29 1518 4540 686 484 106 51 158 29 990 3490 224 2943 148 1107 605 372 186 99 106 576 2832 279 1443 241 288 344 648 4620 72 127 655 250 457 285
leaf_count=202 297 653 8590 625 2989 1306 1333 3529 3811 8973 613 1299 342 1087 125 494 1589 1105 5874 130 682 10203 1150 1147 256 132 151 29 1518 4540 686 484 106 51 158 29 990 3490 224 2943 148 1107 605 372 186 99 106 576 2832 279 1443 241 288 344 648 4620 72 127 655 250 457 285
internal_value=-0.0162734 7.62483 -3.10851 5.00492 6.98842 -4.26863 17.4193 5.18476 -3.40068 -4.05475 12.041 1.23885 2.72175 6.08473 -1.39408 -1.06458 14.9465 15.4401 -3.11026 4.70143 1.03813 -2.50884 0.613901 -0.47481 22.2476 10.6691 -2.07018 -0.201187 0.891029 -1.79697 7.95961 5.5577 4.24101 12.5562 20.7936 8.38278 8.23573 3.34182 3.29278 -1.70487 -0.127899 2.82273 0.421458 5.71898 0.323975 -0.765187 6.64899 -1.5731 -2.76693 12.218 4.59873 26.8075 29.8178 4.61826 12.3835 -6.64545 17.0555 18.1834 16.6565 -7.78609 6.3291 7.01677
internal_weight=89675 25835 63840 20401 14977 50387 5434 11027 36927 28861 3950 13453 8609 2872 4844 8066 3570 2155 19888 909 5737 16077 5535 5424 1864 257 4587 4853 3703 7157 1795 1109 456 157 771 4008 3979 7019 1334 4090 299 2185 1078 473 2617 2087 205 1882 4131 1384 2530 826 529 530 2237 13460 101 1038 782 4870 681 779
internal_count=89675 25835 63840 20401 14977 50387 5434 11027 36927 28861 3950 13453 8609 2872 4844 8066 3570 2155 19888 909 5737 16077 5535 5424 1864 257 4587 4853 3703 7157 1795 1109 456 157 771 4008 3979 7019 1334 4090 299 2185 1078 473 2617 2087 205 1882 4131 1384 2530 826 529 530 2237 13460 101 1038 782 4870 681 779
cat_boundaries=0 5 10 15 20 25 28 32 37 42 44 48 53 58 63 68 73 78 83
cat_threshold=1696187052 4522003 512 209780997 262976 1738113708 604241937 142623232 9477 262720 1024 2183673352 842203146 3243510304 8429600 268435456 2183673608 3005906954 2182349440 8429600 176560448 747634752 146820116 536912968 1064976 524288 537133056 134217728 1679360648 262145 0 256 46537040 76548096 17492 536911960 18455 2153929024 147914816 1077943380 209780800 16658 524296 262160 1696170504 262145 0 260 2149601600 147947522 4195412 746668104 1066260 2153783315 165920 266432 268980242 592910 0 2150106112 301989896 512 8388608 8487040 1 0 0 512 1091043976 262161 0 0 512 1678770828 17 0 256 262144 0 2150106112 838860808 4194304 8388640
is_linear=0
shrinkage=0.05


Tree=11
num_leaves=63
num_cat=0
split_feature=1 1 1 2 10 1 1 10 10 4 4 4 4 0 4 4 4 4 4 8 3 3 8 2 2 4 4 2 2 0 4 4 10 4 4 3 3 2 0 4 2 4 3 4 3 4 4 10 4 2 10 2 0 4 0 3 4 4 10 3 4 4
split_gain=8.01717e+08 1.04283e+08 2.70452e+08 7.96279e+07 3.60311e+07 3.43146e+07 2.63897e+07 1.73458e+07 1.47056e+07 1.74807e+07 1.27803e+07 1.32498e+07 1.27191e+07 1.27157e+07 1.19528e+07 1.13059e+07 1.29539e+07 1.09012e+07 1.03205e+07 9.99825e+06 8.22783e+06 7.88231e+06 7.73775e+06 7.43894e+06 1.17493e+07 6.81432e+06 9.33848e+06 6.73874e+06 8.15866e+06 6.47098e+06 6.14071e+06 1.22173e+07 5.5206e+06 5.27245e+06 6.10789e+06 4.56877e+06 1.22475e+07 9.68171e+06 4.2746e+06 4.1495e+06 4.09301e+06 4.06444e+06 3.66125e+06 3.53996e+06 3.52225e+06 3.44896e+06 4.45885e+06 3.30973e+06 3.23251e+06 6.79422e+06 2.95597e+06 2.78205e+06 2.77619e+06 2.66036e+06 2.63319e+06 4.97881e+06 2.58131e+06 3.31263e+06 3.30836e+06 2.5778e+06 2.50011e+06 2.9518e+06
threshold=3.5000000000000004 4.5000000000000009 5.5000000000000009 4.5000000000000009 2.5000000000000004 1.5000000000000002 2.5000000000000004 19.500000000000004 2.5000000000000004 32.500000000000007 12.500000000000002 6.5000000000000009 51.500000000000007 0.043307090000000006 2.5000000000000004 3.5000000000000004 12.500000000000002 51.500000000000007 6.5000000000000009 1.0000000180025095e-35 23.500000000000004 18.500000000000004 1.0000000180025095e-35 8.5000000000000018 5.5000000000000009 34.500000000000007 23.500000000000004 8.5000000000000018 6.5000000000000009 0.055118112000000004 6.5000000000000009 14.500000000000002 25.500000000000004 33.500000000000007 22.500000000000004 27.500000000000004 26.500000000000004 11.500000000000002 0.14173228250000003 22.500000000000004 7.5000000000000009 5.5000000000000009 19.500000000000004 7.5000000000000009 17.500000000000004 51.500000000000007 50.500000000000007 2.5000000000000004 14.500000000000002 6.5000000000000009 1.5000000000000002 10.500000000000002 0.20078741000000003 46.500000000000007 0.011811025500000001 16.500000000000004 51.500000000000007 35.500000000000007 2.5000000000000004 10.500000000000002 7.5000000000000009 14.500000000000002
decision_type=2 2 2 2 2 2 2 2 2 2 2 2 2 2 2 2 2 2 2 2 2 2 2 2 2 2 2 2 2 2 2 2 2 2 2 2 2 2 2 2 2 2 2 2 2 2 2 2 2 2 2 2 2 2 2 2 2 2 2 2 2 2
left_child=4 8 3 15 14 25 7 23 20 30 11 41 -11 19 52 -3 18 33 59 45 -2 22 27 24 -7 26 -6 28 -16 47 -10 -32 -9 34 60 36 42 -38 -18 -33 -26 -4 -23 44 -13 46 51 -12 -34 -50 -30 -5 -1 -53 55 -20 57 58 -31 -17 -8 -62
right_child=1 2 10 13 5 6 17 32 9 12 29 43 -14 -15 21 16 38 -19 54 -21 -22 35 -24 -25 40 -27 -28 -29 50 56 31 39 48 -35 -36 -37 37 -39 -40 -41 -42 -43 -44 -45 -46 -47 -48 -49 49 -51 -52 53 -54 -55 -56 -57 -58 -59 -60 -61 61 -63
leaf_value=3.3727564997981809 3.6428304884494738 12.083419665885209 3.0390105728793566 7.5369784668919584 -6.4589181708012262 -3.6567107833767012 -6.8475559164455078 6.7397734995370815 -0.31117917330739669 -1.6930572293382484 2.9190122950211776 5.424327407457822 14.873951063508452 12.624989403850181 -6.1437413165152943 14.051288160720588 12.935864368975395 10.34767231928795 16.407818073469507 24.320215370925485 13.511288432270886 3.502153234182825 0.095273658920691756 -4.7763357708373295 3.2342230882163885 -7.5142567700936382 -3.6383805854215709 -6.9891734672288059 5.1350954336150556 9.8801268917792129 6.4312298186948995 0.088797309479813194 3.5715961827655129 -6.5860857946414955 -2.213276216111367 -3.8914490582430403 3.4843872051759037 20.808012108568583 19.944998992008433 3.2803730257348942 -1.5140400238695264 -3.0609533532335615 -1.3301926679635678 6.851159967414965 15.864856881924283 15.846269762755984 0.4820614526895991 -0.02514126270639741 -2.9491490379165444 4.3272377560784374 -2.0589138628425347 12.989048398996983 12.392259899411318 8.3261284244121114 25.54939072343376 24.077508013994745 12.159751386320995 0.58728422098494915 3.4666655492385328 19.656482412555494 -3.0008431512679739 -5.864226571428075
leaf_weight=762 471 724 1205 4397 9325 2655 1724 495 1366 4251 1137 120 119 2383 592 483 905 115 319 96 383 464 1103 2769 1216 6753 4283 1584 346 232 2160 1919 741 4008 2332 726 250 119 287 2170 724 353 2522 1192 248 139 197 5947 951 484 243 510 96 767 712 635 80 901 1507 359 1682 1937
leaf_count=762 471 724 1205 4397 9325 2655 1724 495 1366 4251 1137 120 119 2383 592 483 905 115 319 96 383 464 1103 2769 1216 6753 4283 1584 346 232 2160 1919 741 4008 2332 726 250 119 287 2170 724 353 2522 1192 248 139 197 5947 951 484 243 510 96 767 712 635 80 901 1507 359 1682 1937
internal_value=-0.0151389 5.41391 7.24424 12.3618 -4.13199 -4.73915 -3.36215 -1.47728 1.73085 1.27911 2.13023 4.91848 -1.24159 9.52711 -1.22306 17.8007 18.9191 -4.96533 20.9593 8.31791 8.06968 -1.82824 -3.44547 -2.72922 -1.49553 -6.21568 -5.57121 -4.85788 -1.99896 1.24343 2.72566 3.38949 1.97434 -5.11615 -4.34845 -0.295367 0.482893 9.07528 14.625 1.78258 1.4622 1.65682 -0.579192 8.17564 12.4627 8.06189 7.87733 0.447437 0.890028 -0.494819 2.16725 8.13407 4.38326 10.1893 23.2406 21.5149 3.31642 3.04799 4.32281 16.4432 -5.2803 -4.53354
internal_weight=89675 38674 25835 12913 51001 42194 21833 10035 12839 11985 12922 3118 4370 8489 8807 4424 3700 11798 2508 6106 854 7949 3868 7364 4595 20361 13608 2765 1181 9804 7615 6249 2671 11683 7675 4081 3355 369 1192 4089 1940 1558 2986 1560 368 6010 5871 7084 2176 1435 589 5674 858 1277 1666 954 2720 2640 1739 842 5343 3619
internal_count=89675 38674 25835 12913 51001 42194 21833 10035 12839 11985 12922 3118 4370 8489 8807 4424 3700 11798 2508 6106 854 7949 3868 7364 4595 20361 13608 2765 1181 9804 7615 6249 2671 11683 7675 4081 3355 369 1192 4089 1940 1558 2986 1560 368 6010 5871 7084 2176 1435 589 5674 858 1277 1666 954 2720 2640 1739 842 5343 3619
is_linear=0
shrinkage=0.05


Tree=12
num_leaves=63
num_cat=18
split_feature=5 7 7 7 4 7 7 7 10 4 4 2 4 7 4 4 7 2 2 8 7 4 7 8 7 10 9 4 7 9 7 4 10 4 10 8 7 4 8 10 10 0 0 7 8 8 4 9 4 2 7 4 4 7 4 10 0 4 0 2 4 7
split_gain=6.90398e+08 2.39017e+08 1.16556e+08 7.97507e+07 4.45147e+07 3.74952e+07 2.36537e+07 2.33259e+07 1.90205e+07 1.85706e+07 1.84313e+07 1.83849e+07 1.82355e+07 1.4889e+07 1.32305e+07 1.27316e+07 1.1537e+07 1.14724e+07 1.07724e+07 1.04795e+07 1.01217e+07 9.48054e+06 8.88871e+06 8.63734e+06 8.30233e+06 7.8723e+06 7.71389e+06 7.04674e+06 6.98455e+06 6.44265e+06 6.21155e+06 5.88713e+06 5.39179e+06 1.01823e+07 8.66198e+06 5.38454e+06 5.25007e+06 5.08724e+06 9.26632e+06 5.0858e+06 7.34976e+06 4.62447e+06 4.60263e+06 4.45699e+06 4.4151e+06 4.03313e+06 4.31063e+06 6.71471e+06 5.50338e+06 4.00744e+06 3.56247e+06 1.20749e+07 3.54563e+06 3.51513e+06 3.3326e+06 4.73377e+06 3.29569e+06 3.12758e+06 3.10051e+06 3.09934e+06 3.09545e+06 3.0095e+06
threshold=1.0000000180025095e-35 0 1 2 13.500000000000002 3 4 5 3.5000000000000004 33.500000000000007 34.500000000000007 5.5000000000000009 6.5000000000000009 6 13.500000000000002 51.500000000000007 7 11.500000000000002 4.5000000000000009 1.0000000180025095e-35 8 7.5000000000000009 9 1.0000000180025095e-35 10 33.500000000000007 1.0000000180025095e-35 12.500000000000002 11 1.0000000180025095e-35 12 6.5000000000000009 21.500000000000004 14.500000000000002 5.5000000000000009 1.0000000180025095e-35 13 46.500000000000007 1.0000000180025095e-35 8.5000000000000018 5.5000000000000009 0.039370080500000008 0.043307090000000006 14 1.0000000180025095e-35 1.0000000180025095e-35 46.500000000000007 1.0000000180025095e-35 35.500000000000007 4.5000000000000009 15 11.500000000000002 6.5000000000000009 16 6.5000000000000009 26.500000000000004 0.043307090000000006 1.5000000000000002 0.062992137000000017 1.5000000000000002 32.500000000000007 17
decision_type=2 9 9 9 2 9 9 9 2 2 2 2 2 9 2 2 9 2 2 2 9 2 9 2 9 2 2 2 9 2 9 2 2 2 2 2 9 2 2 2 2 2 2 9 2 2 2 2 2 2 9 2 2 9 2 2 2 2 2 2 2 9
left_child=2 7 9 24 12 60 35 14 17 11 21 20 30 -13 31 29 -14 28 54 56 -1 -10 -23 32 -3 -18 -17 52 45 43 -5 -2 34 50 57 42 -8 44 -39 40 -32 -16 -6 -11 -31 46 48 -48 -7 -47 51 -34 -26 -15 -9 -56 -19 -22 -20 -59 -4 -61
right_child=1 3 5 4 6 8 36 18 10 15 -12 13 16 53 41 26 25 19 58 -21 23 22 -24 -25 27 -27 -28 -29 -30 37 39 -33 33 -35 -36 -37 -38 38 -40 -41 -42 -43 -44 -45 -46 49 47 -49 -50 -51 -52 -53 -54 -55 55 -57 -58 59 -60 61 -62 -63
leaf_value=6.6410170548181178 21.254154940863693 -3.953275870087182 -5.5815831799517888 2.8856468787706682 6.4900473391933167 0.50017394867923926 4.5726326112288307 13.747866916440461 -5.07875521954377 0.058181591656708713 -5.5637499972730122 15.680792404511914 8.644314679367751 7.129985293175662 16.228625366900655 18.576343272382218 18.802214585208027 4.3447847476178314 10.114261388788103 -8.7771165696773803 9.4505186751756671 -0.75083098826396377 -3.1957255248966741 10.450887948502837 0.94226874522615978 9.5239344121751515 1.2475380717580018 -0.81541162817843083 -2.7910653578716569 -5.8686460244585543 11.183915731024912 31.169228391261925 27.989545899224822 -1.5842043267349986 -3.4049852692948117 29.162167746422625 1.7627165065660511 19.939649259269416 -5.7763916161100743 13.512965055380239 1.0851311939384802 22.086269867742317 10.256305367786 -3.4871646728282624 6.2611061784055764 10.257441938986773 -3.0028372832826089 15.011461839577956 -5.3658100963799651 1.1442240186871677 3.0638660058857927 5.3650112459374446 6.9938007571979419 3.1617522588504365 24.084170889585334 15.770560725508837 11.353791569437801 -2.8770411241487572 14.386571438683522 10.385218446053806 -7.1449754473857148 1.5053927248967425
leaf_weight=709 277 1508 8323 619 2829 1312 2774 401 3808 1299 8988 342 774 902 1135 125 1086 532 1551 130 126 5880 10201 201 464 290 132 2938 4552 153 409 329 75 877 1948 29 4248 103 53 446 322 481 1138 2824 147 186 100 107 575 343 463 275 506 1622 310 385 245 333 586 105 5114 630
leaf_count=709 277 1508 8323 619 2829 1312 2774 401 3808 1299 8988 342 774 902 1135 125 1086 532 1551 130 126 5880 10201 201 464 290 132 2938 4552 153 409 329 75 877 1948 29 4248 103 53 446 322 481 1138 2824 147 186 100 107 575 343 463 275 506 1622 310 385 245 333 586 105 5114 630
internal_value=-0.0143638 6.88208 -2.80525 4.3859 6.26743 -3.90825 4.63953 16.1699 -3.08375 1.33138 -3.68466 2.72523 10.8285 5.99587 20.2474 -1.1469 13.9352 -0.94051 13.3133 4.35759 1.09267 -2.83546 -2.30422 0.297175 -0.814647 16.7261 9.67991 0.40354 -1.6103 -1.75476 7.10894 26.6414 -0.124787 2.1525 -1.34971 7.70882 2.87773 3.88416 11.2047 9.22669 6.73624 17.9734 7.57069 -2.3785 0.0750217 0.447777 -0.536006 6.31163 -1.28748 4.34984 6.18307 9.93595 4.09945 4.60264 17.3853 19.4817 6.55602 2.00344 11.2864 1.12405 -6.17205 2.93694
internal_weight=89675 25835 63840 20380 14964 50396 11018 5455 36959 13444 28877 8608 3946 2866 2222 4836 2150 8082 3233 907 5742 19889 16081 5033 5416 1376 257 3908 7175 4579 1796 606 4832 1690 3142 3996 7022 456 156 1177 731 1616 3967 4123 300 2623 2094 207 1887 529 813 350 970 2524 1096 695 777 1194 2137 1068 13437 735
internal_count=89675 25835 63840 20380 14964 50396 11018 5455 36959 13444 28877 8608 3946 2866 2222 4836 2150 8082 3233 907 5742 19889 16081 5033 5416 1376 257 3908 7175 4579 1796 606 4832 1690 3142 3996 7022 456 156 1177 731 1616 3967 4123 300 2623 2094 207 1887 529 813 350 970 2524 1096 695 777 1194 2137 1068 13437 735
cat_boundaries=0 5 10 15 20 25 29 32 37 39 44 49 54 59 64 69 73 78 82
cat_threshold=1729741740 4522003 512 75497733 262976 1738113708 537198609 142623232 8389893 262720 0 3525850880 842203146 2169768480 8429600 0 2183673608 3003875338 3256091264 8429600 10885184 747634752 146820116 671196232 1064976 1679360648 262145 0 260 524288 537133056 134217728 2149590016 134365324 3305898241 1375879298 2822152 524296 262160 2149734720 214958146 1077943380 201400384 16658 0 2150106112 838860808 0 8388608 2149601600 214990914 4195412 738287688 1066256 2415927296 553795724 3440149792 1107443842 2101256 2281709587 34848 266304 268455954 527366 1091043976 262161 0 0 512 1627390624 536936448 134234624 256 537920140 17 0 256 262144 8421376 1 0 256
is_linear=0
shrinkage=0.05


Tree=13
num_leaves=63
num_cat=18
split_feature=1 7 7 7 1 1 4 1 1 7 4 7 7 1 1 8 7 1 1 1 1 10 8 7 1 7 7 7 1 4 4 4 7 7 7 4 4 7 7 4 4 10 4 10 4 10 4 0 4 6 10 4 4 7 4 4 10 4 7 10 4 4
split_gain=6.71836e+08 2.59281e+08 8.74305e+07 6.29989e+07 4.96857e+07 1.30615e+08 4.13405e+07 4.00886e+07 8.85305e+07 2.10103e+07 1.87677e+07 1.65497e+07 1.58407e+07 1.53438e+07 1.58573e+07 1.32761e+07 1.25903e+07 1.03943e+07 1.1777e+07 1.03342e+07 1.98405e+07 8.69705e+06 8.32119e+06 8.30149e+06 8.25293e+06 7.84e+06 7.51007e+06 7.32704e+06 6.9584e+06 6.86018e+06 6.81024e+06 1.08494e+07 6.59008e+06 6.25718e+06 5.7896e+06 5.50308e+06 4.82071e+06 4.72123e+06 4.66378e+06 4.5053e+06 4.06984e+06 4.06138e+06 4.44912e+06 4.03201e+06 3.94119e+06 3.77549e+06 3.73763e+06 3.70895e+06 3.66758e+06 6.79917e+06 3.507e+06 4.03957e+06 3.64517e+06 3.4086e+06 3.15915e+06 3.57358e+06 3.14825e+06 3.13554e+06 3.07824e+06 3.00897e+06 5.00665e+06 3.32029e+06
threshold=3.5000000000000004 0 1 2 5.5000000000000009 4.5000000000000009 14.500000000000002 4.5000000000000009 5.5000000000000009 3 17.500000000000004 4 5 1.5000000000000002 2.5000000000000004 1.0000000180025095e-35 6 1.5000000000000002 2.5000000000000004 5.5000000000000009 4.5000000000000009 2.5000000000000004 1.0000000180025095e-35 7 1.5000000000000002 8 9 10 2.5000000000000004 17.500000000000004 33.500000000000007 23.500000000000004 11 12 13 3.5000000000000004 6.5000000000000009 14 15 51.500000000000007 51.500000000000007 2.5000000000000004 34.500000000000007 2.5000000000000004 1.5000000000000002 19.500000000000004 21.500000000000004 0.42519693100000006 34.500000000000007 2.5000000000000004 1.5000000000000002 14.500000000000002 6.5000000000000009 16 13.500000000000002 6.5000000000000009 1.5000000000000002 51.500000000000007 17 1.5000000000000002 51.500000000000007 34.500000000000007
decision_type=2 9 9 9 2 2 2 2 2 9 2 9 9 2 2 2 9 2 2 2 2 2 2 9 2 9 9 9 2 2 2 2 9 9 9 2 2 9 9 2 2 2 2 2 2 2 2 2 2 2 2 2 2 9 2 2 2 2 9 2 2 2
left_child=3 7 19 13 5 27 12 32 10 21 34 47 35 15 30 48 -6 22 33 20 -3 46 44 29 -23 -10 -12 56 45 -22 31 37 -2 -19 -9 -7 -14 -15 -13 53 -20 -34 -43 -18 -11 -26 58 -8 49 -1 -29 52 -52 -16 55 -27 -4 -53 -5 -35 61 -61
right_child=1 2 4 9 16 6 11 8 25 17 26 38 36 14 39 -17 43 18 40 -21 23 24 -24 -25 28 54 -28 50 -30 -31 -32 -33 41 59 -36 -37 -38 -39 -40 -41 -42 42 -44 -45 -46 -47 -48 -49 -50 -51 51 57 -54 -55 -56 -57 -58 -59 -60 60 -62 -63
leaf_value=-3.3134629308641252 12.249273266819829 -3.364351035550341 11.915294006547565 8.266195918959415 3.8153662113338207 14.092377023516896 12.27196071932048 17.335431392713982 13.092451587906659 0.094415156598756586 14.165932125842042 4.3705287947824134 9.9080416267766029 8.3103842111092519 1.6682004284307759 6.3788682926876916 2.883553348019448 -1.0789313934542735 -6.0260285426887572 -4.1137885179870475 10.237457063433251 -5.0208751547419261 -2.1979405410316102 -0.1370614260797898 -1.1797915178481897 6.1501361339115386 21.837334364373248 7.1212097393569493 -3.774762836952374 2.8332794143858693 0.76408657659387824 12.248116674566711 14.737704876903926 0.6458534253694066 30.063877819811228 25.310202086845887 15.81410484598053 1.5297174332202264 8.0545457574581647 13.819936195507555 2.9323570429678578 7.4762838534693961 2.2846369766482861 -1.0852640096213182 -6.7767505707822897 3.5288174041968938 -1.1615392595960843 21.091264932924879 -4.8685236892129113 2.0211012697798512 -0.84065422053302452 -1.2560953667497756 4.4463697803694329 -2.4750126540019086 5.9226718991896874 14.674007205169955 3.1661252469765842 8.1538916524757283 0.6564471158275641 -3.7003337176360063 11.928590125375612 -6.6558753622022984
leaf_weight=2429 674 2706 107 214 2731 135 1342 231 847 212 762 1490 599 360 652 409 763 2652 7194 2724 483 4322 1127 1333 1570 237 999 178 2516 888 926 505 136 308 715 585 819 889 2401 49 129 1272 611 3965 13358 584 1299 131 1707 792 554 3135 792 2014 1399 256 2583 91 346 3001 46 1391
leaf_count=2429 674 2706 107 214 2731 135 1342 231 847 212 762 1490 599 360 652 409 763 2652 7194 2724 483 4322 1127 1333 1570 237 999 178 2516 888 926 505 136 308 715 585 819 889 2401 49 129 1272 611 3965 13358 584 1299 131 1707 792 554 3135 792 2014 1399 256 2583 91 346 3001 46 1391
internal_value=-0.0133366 4.95653 2.8391 -3.78199 4.45107 6.1168 10.7722 12.881 15.3645 -4.68866 21.777 8.42859 16.6513 -0.375221 1.50481 -2.27638 1.12018 -5.38405 -4.44672 -1.60027 -0.337591 -2.80012 -6.32654 2.69142 -3.44632 9.02639 18.7233 1.42254 -1.98901 5.40291 4.23313 6.06441 7.90623 -3.03962 27.4589 22.8912 13.2268 3.5634 6.65878 -1.18839 -5.86818 6.36368 5.7919 -0.443793 -6.6694 0.0969252 0.310505 12.9696 -2.99484 -2.00174 0.23724 -0.0304011 2.27038 -1.46474 7.0988 10.5784 3.50156 -0.990409 3.72473 -4.12421 -4.46456 -4.63652
internal_weight=89675 38674 30535 51001 22401 14942 7502 8139 5446 40269 2707 5364 2138 10732 5395 5337 7459 29418 14721 8134 5410 10851 14697 2704 8992 2739 1761 7440 4670 1371 2680 1754 2693 7398 946 720 1418 1249 3891 2715 7323 2019 1883 4728 13570 2154 1859 1473 4928 3221 4750 4572 1346 2666 1892 493 2690 3226 560 4746 4438 4392
internal_count=89675 38674 30535 51001 22401 14942 7502 8139 5446 40269 2707 5364 2138 10732 5395 5337 7459 29418 14721 8134 5410 10851 14697 2704 8992 2739 1761 7440 4670 1371 2680 1754 2693 7398 946 720 1418 1249 3891 2715 7323 2019 1883 4728 13570 2154 1859 1473 4928 3221 4750 4572 1346 2666 1892 493 2690 3226 560 4746 4438 4392
cat_boundaries=0 5 10 15 20 25 30 35 40 45 50 55 57 62 67 72 77 80 85
cat_threshold=1729725100 71630867 16896 8397061 262976 0 2200450816 926089226 2169766528 8429600 1738081196 541327377 138428992 8388869 262720 2151864384 1284571202 1082131476 671163464 16660 10901824 536870976 134220816 738295880 1048592 12996944 9439264 134219888 740393032 147 8784128 680558656 146803732 671175754 18454 0 50336512 87228416 2147746432 8192 538444424 262145 0 4 262144 33587204 71368706 16384 8396801 262464 8542530 680525888 1220811856 201409608 1040 554173064 262160 136585232 165924 1063072 339918850 1248395 33554436 0 16384 8388609 262464 8913544 262145 0 256 262144 268436480 1342324868 2148049184 1109526562 135169 524936 537133072 134217728 4227136 75497472 20 536879104 16656
is_linear=0
shrinkage=0.05


Tree=14
num_leaves=63
num_cat=19
split_feature=1 7 7 7 1 5 2 1 1 7 7 2 10 1 1 1 7 8 7 1 1 1 4 7 4 7 7 7 7 4 7 4 4 4 4 7 7 10 4 4 4 2 7 4 7 7 4 4 10 10 2 8 7 9 4 4 9 2 2 8 4 4
split_gain=6.06549e+08 2.34421e+08 7.94297e+07 5.70946e+07 4.63182e+07 1.19357e+08 3.88884e+07 3.55537e+07 7.88314e+07 1.9012e+07 1.69772e+07 1.59046e+07 1.51457e+07 1.40817e+07 1.4092e+07 1.37482e+07 1.32271e+07 1.20086e+07 1.15285e+07 1.13126e+07 8.7337e+06 1.77911e+07 7.37607e+06 7.09511e+06 7.0439e+06 6.58426e+06 6.39292e+06 6.31034e+06 5.97291e+06 5.95872e+06 5.85204e+06 5.56029e+06 5.07649e+06 4.75184e+06 6.38957e+06 4.64483e+06 4.20671e+06 3.90471e+06 4.67385e+06 3.75781e+06 4.22808e+06 3.64817e+06 3.63301e+06 3.63299e+06 3.56667e+06 3.38207e+06 3.38147e+06 3.37828e+06 3.34313e+06 3.31668e+06 3.1703e+06 3.15394e+06 2.9819e+06 2.94641e+06 3.62063e+06 3.38085e+06 2.93e+06 2.92525e+06 4.10128e+06 2.88547e+06 2.87586e+06 4.44396e+06
threshold=3.5000000000000004 0 1 2 5.5000000000000009 1.0000000180025095e-35 4.5000000000000009 4.5000000000000009 5.5000000000000009 3 4 4.5000000000000009 2.5000000000000004 1.5000000000000002 2.5000000000000004 1.5000000000000002 5 1.0000000180025095e-35 6 2.5000000000000004 5.5000000000000009 4.5000000000000009 14.500000000000002 7 34.500000000000007 8 9 10 11 23.500000000000004 12 2.5000000000000004 51.500000000000007 33.500000000000007 24.500000000000004 13 14 2.5000000000000004 34.500000000000007 2.5000000000000004 12.500000000000002 4.5000000000000009 15 51.500000000000007 16 17 7.5000000000000009 1.5000000000000002 36.500000000000007 2.5000000000000004 9.5000000000000018 1.0000000180025095e-35 18 1.0000000180025095e-35 14.500000000000002 6.5000000000000009 1.0000000180025095e-35 4.5000000000000009 1.5000000000000002 1.0000000180025095e-35 34.500000000000007 51.500000000000007
decision_type=2 9 9 9 2 2 2 2 2 9 9 2 2 2 2 2 9 2 9 2 2 2 2 9 2 9 9 9 9 2 9 2 2 2 2 9 9 2 2 2 2 2 9 2 9 9 2 2 2 2 2 2 9 2 2 2 2 2 2 2 2 2
left_child=3 7 20 13 5 26 10 30 11 -5 39 28 31 17 27 -14 51 47 41 24 21 -3 35 -10 29 -13 56 33 -9 48 -2 -11 -21 34 -15 -23 57 -32 -39 -7 46 -6 -24 52 -12 -20 -41 -1 -17 50 -25 -8 -16 54 55 -28 60 58 -33 -18 -4 -62
right_child=1 2 4 9 18 6 16 8 23 12 44 25 15 14 43 19 59 -19 45 32 -22 22 42 49 -26 -27 53 -29 -30 -31 37 36 -34 -35 -36 -37 -38 38 -40 40 -42 -43 -44 -45 -46 -47 -48 -49 -50 -51 -52 -53 -54 -55 -56 -57 -58 -59 -60 -61 61 -63
leaf_value=7.7461439581213369 12.522759309790544 -3.2319594810715269 4.1253556312089179 -6.2596182434631622 6.1770558450466666 11.869897524722452 10.958185043284875 30.671530195875899 12.484650871051919 3.6852078345927071 8.3205289432435503 21.661654391372075 -5.5457515049941932 6.4272410638486255 1.5860627466264432 -2.5529518776833031 5.5449124704326493 6.1653308160026192 0.85540900403482389 -4.6923115337956585 -3.8414225473803159 1.7838661128992415 2.9436542085209436 15.28839957538931 -4.209843705004519 14.457767662673476 -0.82905793096769453 1.7949327437826259 19.877686873383801 2.438982226874062 14.268087222675485 -2.6109591574504458 9.0292456880736989 2.4330843649779528 16.86095626919565 9.670528564729052 -2.9807142152334962 7.452347726131193 2.3312415271891438 20.972809222570934 16.90985940806878 2.3128330352392781 -1.3812117204507046 12.243399635189308 13.926624073809009 -1.8111552103989668 28.776268708205318 -3.0110689881876418 1.7800325454108201 5.8871127031575963 4.6843392583014873 27.854576040247579 -2.2855365906661147 6.5384912054775688 -0.91247583923884124 4.2748713212912994 11.531297641042103 -0.96801462332644506 8.1844177061476682 18.286560775858337 -0.41313341568152834 13.917671450156968
leaf_weight=74 498 2719 1762 10786 923 97 1780 478 844 501 574 774 11755 584 652 2248 3101 399 2389 6717 2716 335 970 200 1741 987 550 1501 467 1265 146 142 68 416 196 466 2956 1385 657 291 252 1806 955 50 1044 2350 269 4882 555 1585 109 28 2028 179 3205 791 104 1254 231 45 785 58
leaf_count=74 498 2719 1762 10786 923 97 1780 478 844 501 574 774 11755 584 652 2248 3101 399 2389 6717 2716 335 970 200 1741 987 550 1501 467 1265 146 142 68 416 196 466 2956 1385 657 291 252 1806 955 50 1044 2350 269 4882 555 1585 109 28 2028 179 3205 791 104 1254 231 45 785 58
internal_value=-0.0118604 4.71036 2.6984 -3.59272 4.23779 5.84912 10.3078 12.2507 14.5883 -4.4584 15.3554 20.6405 -3.79641 -0.359063 1.43552 -4.31597 7.73288 -2.17844 1.02529 -3.16809 -1.52365 -0.370276 2.48407 8.60636 -1.5485 17.8302 1.36213 3.99886 25.875 -0.409437 7.55798 -1.31548 -4.55466 6.69348 9.05088 6.51574 -1.86221 6.34124 5.80486 20.9601 22.3025 3.60675 0.806225 -1.09689 12.0018 -0.467939 24.7257 -2.85029 -1.69498 6.77587 11.5506 11.1597 -1.34622 0.247566 0.000263879 2.18163 3.29299 0.187163 4.07504 5.7096 2.9763 0.574381
internal_weight=89675 38674 30544 51001 22383 14915 7481 8130 5444 40219 2527 2706 29433 10782 5427 24349 4954 5355 7468 12594 8161 5445 2726 2738 5809 1761 7434 2697 945 4068 2686 5084 6785 1196 780 801 4583 2188 2042 909 812 2729 1925 2730 1618 4739 560 4956 2803 1894 309 1808 2680 4725 4546 1341 2709 1627 373 3146 2605 843
internal_count=89675 38674 30544 51001 22383 14915 7481 8130 5444 40219 2527 2706 29433 10782 5427 24349 4954 5355 7468 12594 8161 5445 2726 2738 5809 1761 7434 2697 945 4068 2686 5084 6785 1196 780 801 4583 2188 2042 909 812 2729 1925 2730 1618 4739 560 4956 2803 1894 309 1808 2680 4725 4546 1341 2709 1627 373 3146 2605 843
cat_boundaries=0 5 10 15 20 25 30 35 40 44 49 54 58 60 65 70 75 80 85 88
cat_threshold=1729725100 604307475 16896 8397061 262976 1024 2468886016 3072393226 2169766528 8429600 1704526764 541327441 138429504 1285 262720 0 2418554760 858390538 3256091296 8400928 12996944 13633568 134219888 738295880 3219 145119553 13633600 134220820 1006731336 1049616 142754048 147882048 146803732 671175770 16406 538509960 262145 0 0 262144 1696072328 262160 512 260 8804674 147849280 147070032 201393224 1048594 8913548 537133073 134217728 256 262656 1696105000 67371009 512 260 524936 262160 0 2148008960 905969674 5242880 8421408 2183184448 209813506 8397332 746786888 1065234 1024 318771712 2233466882 2151940224 8192 2147491840 1073889544 1078460672 1107429410 2228232 2418284625 131104 1074008513 336232448 1182728 524936 537133072 134217728
is_linear=0
shrinkage=0.05


Tree=15
num_leaves=63
num_cat=19
split_feature=1 7 7 7 1 1 4 1 1 7 10 7 7 1 1 1 8 7 7 1 1 1 4 2 10 7 10 4 2 7 7 4 4 2 7 7 2 4 4 10 4 4 4 2 2 4 7 2 2 7 10 4 7 7 7 4 4 10 4 3 3 7
split_gain=5.48832e+08 2.14846e+08 7.34768e+07 5.44731e+07 4.12072e+07 1.08263e+08 3.58244e+07 3.41916e+07 7.53342e+07 1.70642e+07 1.3895e+07 1.36135e+07 1.35099e+07 1.30757e+07 1.234e+07 1.46708e+07 1.32968e+07 1.22242e+07 1.06452e+07 9.25299e+06 8.84284e+06 1.51908e+07 8.23637e+06 8.1643e+06 7.08843e+06 7.08231e+06 6.69857e+06 1.19169e+07 8.07192e+06 6.61532e+06 6.38113e+06 6.17927e+06 5.43147e+06 5.05426e+06 5.03479e+06 4.9364e+06 4.87704e+06 4.70042e+06 4.01999e+06 3.85241e+06 4.51105e+06 4.17244e+06 3.75462e+06 3.65947e+06 3.47734e+06 3.47088e+06 3.46214e+06 3.32621e+06 4.86944e+06 3.16436e+06 3.11204e+06 3.07573e+06 3.0337e+06 3.01984e+06 2.85731e+06 2.81284e+06 2.78525e+06 4.19325e+06 2.77075e+06 2.75951e+06 2.7441e+06 2.73516e+06
threshold=3.5000000000000004 0 1 2 5.5000000000000009 4.5000000000000009 13.500000000000002 4.5000000000000009 5.5000000000000009 3 2.5000000000000004 4 5 1.5000000000000002 1.5000000000000002 2.5000000000000004 1.0000000180025095e-35 6 7 2.5000000000000004 5.5000000000000009 4.5000000000000009 6.5000000000000009 4.5000000000000009 19.500000000000004 8 1.5000000000000002 51.500000000000007 8.5000000000000018 9 10 13.500000000000002 51.500000000000007 5.5000000000000009 11 12 11.500000000000002 1.5000000000000002 18.500000000000004 2.5000000000000004 16.500000000000004 51.500000000000007 51.500000000000007 4.5000000000000009 4.5000000000000009 6.5000000000000009 13 8.5000000000000018 5.5000000000000009 14 2.5000000000000004 33.500000000000007 15 16 17 51.500000000000007 32.500000000000007 2.5000000000000004 22.500000000000004 29.500000000000004 23.500000000000004 18
decision_type=2 9 9 9 2 2 2 2 2 9 2 9 9 2 2 2 2 9 9 2 2 2 2 2 2 9 2 2 2 9 9 2 2 2 9 9 2 2 2 2 2 2 2 2 2 2 9 2 2 9 2 2 9 9 9 2 2 2 2 2 2 9
left_child=3 7 20 10 5 29 17 34 12 -5 35 -8 31 47 16 26 37 -7 44 24 21 -3 -19 -14 52 -10 36 28 33 -4 38 -9 51 53 -2 -1 -16 -11 -23 60 45 -42 61 -18 -6 -41 -13 48 -12 -20 -27 58 -15 -28 -35 56 -36 -58 -17 -24 -31 -21
right_child=1 2 4 9 18 6 11 8 25 14 13 46 23 19 15 32 43 22 49 42 -22 30 59 -25 -26 50 27 -29 -30 39 -32 -33 -34 54 55 -37 -38 -39 -40 40 41 -43 -44 -45 -46 -47 -48 -49 -50 -51 -52 -53 -54 -55 -56 -57 57 -59 -60 -61 -62 -63
leaf_value=6.9022456472464739 10.349183156602491 -3.0017534934211589 -0.73723557040133159 -5.9812136579844033 5.996019834320343 9.4811393308667444 11.022405690329052 34.776779791559719 12.577411072994973 2.3595595688530024 -3.710651826136949 3.7647494529075587 21.903489116015709 8.1220235856766063 6.8760455395676239 -4.4831380083828982 4.2784285687635437 14.050158686336705 -2.1387818704349981 1.3888329342134182 -3.8317336284283559 8.8231377185580158 22.685387861263735 15.275320147758885 8.011791834874229 11.162984004778799 0.43881881734311573 20.021072430766878 -4.2570578980253941 3.474906594563111 0.15133105632703472 23.963652511056438 5.2526050250654972 4.5608147974096021 6.7945301740582442 1.6097887768017587 -7.0872927712042815 -5.2142552464192251 2.8149077506419493 0.78853433804792195 0.64241918191598324 15.19478062731539 19.205918925703919 -1.6349463976570089 2.2337469723382433 5.9792570068848701 7.0849339457757878 -5.1706298951230707 0.50880548002027171 0.55060874844716901 5.6956085517943862 -5.7888209143104925 0.71780928494199703 -2.8031058809597411 0.18910848932418117 19.172315672594262 15.797572995592143 1.516444129503971 -1.8986664599001886 9.6072196666159932 12.695205206906692 -2.4504214450333617
leaf_weight=709 842 2686 2630 10635 931 673 1995 181 678 208 1843 1403 711 144 401 3139 418 596 1691 614 2714 446 705 1346 560 307 1102 64 2059 179 1535 497 149 570 1111 1192 74 13323 741 479 2927 50 22 699 1805 983 2097 1317 1087 3057 1713 2544 1420 2062 1066 37 56 614 1549 43 147 1844
leaf_count=709 842 2686 2630 10635 931 673 1995 181 678 208 1843 1403 711 144 401 3139 418 596 1691 614 2714 446 705 1346 560 307 1102 64 2059 179 1535 497 149 570 1111 1192 74 13323 741 479 2927 50 22 699 1805 983 2097 1317 1087 3057 1713 2544 1420 2062 1066 37 56 614 1549 43 147 1844
internal_value=0.00255668 4.49659 2.57218 -3.41179 4.0497 5.57132 9.799 11.7344 14.0229 -4.25939 -0.249413 7.70681 19.8706 -1.08266 -3.63528 -2.61714 -4.66499 15.4982 1.02424 0.763115 -1.50106 -0.334136 18.3036 17.4823 3.18514 8.09452 -1.04359 -1.43771 -1.63823 1.27668 2.29821 26.4648 -4.19428 -0.514794 7.10377 3.62871 4.69966 -5.09781 5.0306 2.38477 2.00439 0.887336 -1.31128 0.578117 3.50134 4.27878 5.76868 -3.08357 -2.14531 -0.409723 6.4949 -4.38899 1.45652 -1.68146 1.74148 5.51294 5.25906 2.71228 -3.62924 21.935 7.63516 -1.49569
internal_weight=89420 38606 30513 50814 22391 14907 7512 8093 5433 40062 10752 5495 2735 8851 29427 14779 14648 2017 7484 4604 8122 5408 1344 2057 2124 2698 7398 6923 6859 7395 2722 678 7381 4800 2660 1901 475 13531 1187 4765 4439 2977 2480 1117 2736 1462 3500 4247 2930 4748 2020 7232 1564 3164 1636 1818 1781 670 4688 748 326 2458
internal_count=89420 38606 30513 50814 22391 14907 7512 8093 5433 40062 10752 5495 2735 8851 29427 14779 14648 2017 7484 4604 8122 5408 1344 2057 2124 2698 7398 6923 6859 7395 2722 678 7381 4800 2660 1901 475 13531 1187 4765 4439 2977 2480 1117 2736 1462 3500 4247 2930 4748 2020 7232 1564 3164 1636 1818 1781 670 4688 748 326 2458
cat_boundaries=0 5 10 15 20 25 29 34 39 44 49 54 58 62 67 72 74 79 84 86
cat_threshold=1729876652 537133075 16896 325 262976 0 2183689480 3005284362 2203320960 8433696 1704543180 549715985 142622720 8388869 279104 1024 2183665416 908820490 3255044768 8396832 8653121 72419424 138415120 1015128072 1051666 1679294472 262144 0 256 2418024448 1359086212 1141674240 1342326818 2310152 142606656 206798912 12586004 746664970 16406 1573512 262145 0 0 262144 402662401 1358957184 68854048 1076500530 2687104 0 33575176 2166423552 2181300352 4096 554173064 262161 0 256 1082720904 537133073 0 256 268436480 1359086212 1712416 2230306 131073 1024 285213316 68329504 1075841056 2686977 524800 262144 40114208 202440770 1077950064 67200000 131078 2187626544 202440706 4458128 134431810 1050640 524936 537133073
is_linear=0
shrinkage=0.05


Tree=16
num_leaves=63
num_cat=20
split_feature=1 7 7 7 1 1 4 1 1 7 7 10 4 1 10 1 1 7 7 1 1 10 7 10 7 7 7 4 0 7 4 1 1 4 8 0 7 7 4 7 1 4 3 7 7 4 4 4 4 4 7 7 7 10 4 4 4 4 4 4 10 4
split_gain=4.95398e+08 1.94258e+08 6.63578e+07 4.94508e+07 3.6639e+07 9.64481e+07 3.3081e+07 3.14696e+07 6.95315e+07 1.73778e+07 1.27838e+07 1.26639e+07 1.22258e+07 1.217e+07 1.07144e+07 1.04509e+07 1.03861e+07 1.02679e+07 9.69622e+06 8.24203e+06 1.40164e+07 8.08061e+06 6.5283e+06 6.3082e+06 6.12472e+06 6.11282e+06 6.02542e+06 5.73008e+06 5.7296e+06 4.792e+06 4.38173e+06 3.96724e+06 6.70843e+06 4.93902e+06 3.94127e+06 3.66461e+06 3.57576e+06 3.56886e+06 3.49209e+06 3.40806e+06 3.37845e+06 3.36512e+06 8.81017e+06 3.33715e+06 3.26643e+06 3.14659e+06 3.11152e+06 3.08343e+06 2.90307e+06 3.01432e+06 2.8943e+06 2.77957e+06 2.77501e+06 2.74376e+06 3.77436e+06 2.74344e+06 3.65332e+06 2.7062e+06 3.99605e+06 2.53861e+06 3.75155e+06 2.41983e+06
threshold=3.5000000000000004 0 1 2 5.5000000000000009 4.5000000000000009 17.500000000000004 4.5000000000000009 5.5000000000000009 3 4 2.5000000000000004 15.500000000000002 1.5000000000000002 2.5000000000000004 2.5000000000000004 1.5000000000000002 5 6 5.5000000000000009 4.5000000000000009 19.500000000000004 7 19.500000000000004 8 9 10 2.5000000000000004 0.090551186500000005 11 51.500000000000007 1.0000000180025095e-35 1.5000000000000002 21.500000000000004 1.0000000180025095e-35 0.24015749250000004 12 13 13.500000000000002 14 2.5000000000000004 51.500000000000007 26.500000000000004 15 16 17.500000000000004 2.5000000000000004 14.500000000000002 12.500000000000002 7.5000000000000009 17 18 19 2.5000000000000004 34.500000000000007 36.500000000000007 23.500000000000004 36.500000000000007 22.500000000000004 35.500000000000007 1.5000000000000002 14.500000000000002
decision_type=2 9 9 9 2 2 2 2 2 9 9 2 2 2 2 2 2 9 9 2 2 2 9 2 9 9 9 2 2 9 2 2 2 2 2 2 9 9 2 9 2 2 2 9 9 2 2 2 2 2 9 9 9 2 2 2 2 2 2 2 2 2
left_child=3 7 19 14 5 24 10 29 12 -5 46 27 25 55 43 23 57 -8 45 20 -3 39 59 50 61 -9 38 -11 37 53 -17 33 -33 -29 35 51 -12 -14 -22 -18 -23 -34 -43 -1 47 -6 -7 -25 49 -48 -15 -19 -20 -2 -55 56 -13 58 -16 60 -10 -4
right_child=1 2 4 9 18 6 17 8 22 11 36 13 28 15 16 30 21 34 52 -21 26 40 -24 44 -26 -27 -28 31 -30 -31 -32 32 41 -35 -36 -37 -38 -39 -40 -41 -42 42 -44 -45 -46 -47 48 -49 -50 -51 -52 -53 -54 54 -56 -57 -58 -59 -60 -61 -62 -63
leaf_value=7.541854304007801 17.6006646870166 -2.8660451547318155 5.494894894861706 -5.6900836965794745 5.7394714645553826 10.773803491285204 3.8014645260969311 13.944839362715109 20.795926324999957 3.8286291547464857 7.326118823271921 -5.1651762463653093 18.97023989755672 -0.41961948532684562 -3.2177942617241024 -4.1704526737208125 4.6892767495360719 10.294152233715298 0.82594857132198851 -3.6791973689299891 9.291021704560011 8.6080783576420963 5.3746785318149275 9.4092089511450503 0.12378874057030004 26.718308437070789 0.14582417493449193 5.4208329463177316 21.769435212797728 4.4600890945381346 7.8906822205529741 -5.0591429277549302 -1.4113301220732257 -1.2780453368622862 23.157484793507876 12.907009515663862 12.802590987211373 12.709351545406124 3.2366640385349541 -0.68332407181583632 2.3428664902291456 -1.5425270565683027 19.62982002987976 2.4047732792418919 -0.18697234677084831 2.157034247518089 18.270953765587475 1.6403972986756388 15.329240850649095 25.454855871950567 -3.0972520030596677 6.5362695829140325 -1.5850228635314314 10.248691560669435 4.4222460475865537 -6.0305371875413458 -3.0125142396709759 -4.7020118519546985 1.109518328174683 7.1886781422976513 10.809194410226112 2.1841487560562487
leaf_weight=476 85 2687 768 10624 929 107 1806 209 109 520 576 5790 539 1517 1444 7287 326 826 2398 2710 330 437 1525 206 4661 627 1546 384 438 1323 76 1535 1857 970 46 397 1055 919 856 2414 424 159 71 1007 1127 1802 302 336 251 286 3089 1853 2358 839 416 3870 2989 1033 846 376 689 1962
leaf_count=476 85 2687 768 10624 929 107 1806 209 109 520 576 5790 539 1517 1444 7287 326 826 2398 2710 330 437 1525 206 4661 627 1546 384 438 1323 76 1535 1857 970 46 397 1055 919 856 2414 424 159 71 1007 1127 1802 302 336 251 286 3089 1853 2358 839 416 3870 2989 1033 846 376 689 1962
internal_value=0.00281062 4.27247 2.44245 -3.24107 3.84745 5.28334 9.27592 11.1542 13.3511 -3.93507 13.8665 -3.34681 18.9743 -3.80422 0.264001 -2.76809 -0.561787 6.87516 0.995741 -1.42615 -0.301995 1.29844 7.65877 -1.26875 1.2291 24.0133 2.21983 -1.16509 16.7512 6.71524 -4.04585 -1.687 -2.55018 0.622041 8.61327 8.42302 10.9255 15.2423 4.88076 -0.0293329 5.52341 -0.70467 4.99895 4.12109 1.36479 3.36352 18.6229 4.5111 19.8444 21.7689 -2.22303 7.75808 -0.370223 8.84201 8.31789 -4.92133 -4.4323 -2.57762 -1.61916 10.4899 12.1757 3.10432
internal_weight=89420 38606 30512 50814 22383 14896 7505 8094 5431 42407 2577 31783 2732 26287 8407 13638 6924 4928 7487 8129 5419 3601 2699 6275 7391 836 2732 5496 1896 2663 7363 4976 3622 1354 3122 3076 1631 1458 1186 2740 861 2087 230 1483 1669 2731 946 542 839 588 4606 2679 4756 1340 1255 12649 8779 3323 2290 1174 798 2730
internal_count=89420 38606 30512 50814 22383 14896 7505 8094 5431 42407 2577 31783 2732 26287 8407 13638 6924 4928 7487 8129 5419 3601 2699 6275 7391 836 2732 5496 1896 2663 7363 4976 3622 1354 3122 3076 1631 1458 1186 2740 861 2087 230 1483 1669 2731 946 542 839 588 4606 2679 4756 1340 1255 12649 8779 3323 2290 1174 798 2730
cat_boundaries=0 5 10 15 20 25 30 35 40 45 50 55 60 65 69 71 73 78 83 87 92
cat_threshold=1729745580 541327379 16896 325 262976 0 2150135048 3005284362 3277062784 8433696 1704526476 537133073 134234112 261 279104 268435456 2183673608 3055747082 3255044768 8396832 12976465 76613664 134219860 738304024 1050769 268436480 1392673412 1142596001 2234402 131209 142737728 202604608 12586068 679556106 16406 68747912 262145 0 261 262208 12976192 209780832 146808016 209806344 1048598 33554436 536870912 16384 1 262464 0 16648 2166423552 3255042176 12288 621281960 262161 0 261 576 2147491840 1375863300 1141408000 133154 2228232 1679295112 262160 512 256 524296 262144 1074266248 537133073 2187352160 68225090 12846752 142697474 2 2187614304 205586498 1086330448 8471552 1048594 395520 67174464 134220800 209821704 2422474769 1082130432 1208488320 335724560 1182856
is_linear=0
shrinkage=0.05


Tree=17
num_leaves=63
num_cat=19
split_feature=1 7 7 7 2 1 1 1 1 1 5 7 7 7 7 7 1 1 2 7 4 2 8 7 1 1 7 2 0 1 8 1 4 7 8 4 3 7 8 1 4 4 2 8 4 7 4 8 4 3 7 1 7 7 4 7 4 4 1 4 4 7
split_gain=4.47295e+08 1.75635e+08 5.99877e+07 4.50162e+07 3.40962e+07 2.81503e+07 6.29329e+07 1.86008e+07 5.36154e+07 1.59786e+07 3.83935e+07 1.49647e+07 1.16702e+07 1.15233e+07 1.03717e+07 9.17648e+06 7.36673e+06 1.27099e+07 7.29e+06 7.14946e+06 6.36146e+06 7.22142e+06 8.2623e+06 6.14276e+06 5.96011e+06 7.23285e+06 5.90889e+06 5.57424e+06 5.32771e+06 5.31567e+06 5.23562e+06 5.06208e+06 4.84675e+06 4.72533e+06 4.42506e+06 4.42081e+06 5.73911e+06 4.33808e+06 4.0999e+06 4.4577e+06 4.23894e+06 3.88946e+06 4.1616e+06 3.78562e+06 3.43394e+06 3.4049e+06 3.34834e+06 3.3337e+06 3.33303e+06 3.9415e+06 3.33112e+06 3.29474e+06 3.23487e+06 3.23387e+06 3.2232e+06 3.16516e+06 3.14927e+06 3.04366e+06 3.03227e+06 2.98305e+06 4.17036e+06 2.94113e+06
threshold=3.5000000000000004 0 1 2 4.5000000000000009 4.5000000000000009 5.5000000000000009 4.5000000000000009 5.5000000000000009 5.5000000000000009 1.0000000180025095e-35 3 4 5 6 7 5.5000000000000009 4.5000000000000009 4.5000000000000009 8 35.500000000000007 5.5000000000000009 1.0000000180025095e-35 9 1.5000000000000002 2.5000000000000004 10 4.5000000000000009 0.41338588300000007 1.5000000000000002 1.0000000180025095e-35 2.5000000000000004 51.500000000000007 11 1.0000000180025095e-35 50.500000000000007 25.500000000000004 12 1.0000000180025095e-35 1.5000000000000002 51.500000000000007 33.500000000000007 5.5000000000000009 1.0000000180025095e-35 46.500000000000007 13 6.5000000000000009 1.0000000180025095e-35 50.500000000000007 25.500000000000004 14 2.5000000000000004 15 16 15.500000000000002 17 51.500000000000007 35.500000000000007 1.5000000000000002 33.500000000000007 23.500000000000004 18
decision_type=2 9 9 9 2 2 2 2 2 2 2 9 9 9 9 9 2 2 2 9 2 2 2 9 2 2 9 2 2 2 2 2 2 9 2 2 2 9 2 2 2 2 2 2 2 9 2 2 2 2 9 2 9 9 2 9 2 2 2 2 2 9
left_child=3 5 16 14 7 37 13 46 12 10 32 24 -9 18 29 -12 17 -3 -7 38 21 22 58 -8 30 59 -11 45 54 34 -5 -31 50 -10 -1 -22 -37 -2 39 -13 51 42 47 55 -40 -19 -4 -21 -43 -50 -6 -41 -23 -14 -15 -17 -28 -25 -16 60 -26 -29
right_child=1 2 4 11 9 6 23 8 33 26 15 19 53 28 20 43 -18 27 -20 41 35 52 -24 57 25 -27 56 61 -30 31 -32 -33 -34 -35 -36 36 -38 -39 44 40 -42 48 -44 -45 -46 -47 -48 -49 49 -51 -52 -53 -54 -55 -56 -57 -58 -59 -60 -61 -62 -63
leaf_value=-0.60199888876546193 9.4511272153893362 -2.7435078604350061 0.23729098167072513 -3.8782572040204855 -1.7830869649263865 29.930819720291669 11.434900887155235 17.747104278146537 5.7183367903228968 2.2272139439617162 3.6405417562189157 -4.7144566161525079 6.966125307229472 18.019588026675418 -3.8275809225235125 10.858364616981872 -3.4883840609907808 1.0281347307523332 20.154290361578244 -5.398939755437401 -4.0134919869641505 8.7583718358908715 9.0072049072047626 7.1243434669755743 0.38867078880276262 -2.9198701298192424 -1.6194512156945793 3.4875253925191245 23.718124233748227 7.2782802199798873 1.9925770729019008 1.4844078133949519 9.267654473988836 1.2129341174657591 9.3995196314675944 -1.2307422217026334 15.625950276686851 4.9549214685305962 2.5934430826218637 -1.5311496378166578 9.3410209604229397 -6.3790370960944145 -3.1682059282316457 22.137823955829329 -7.5004200479339111 7.4157745922190266 4.1359308774905399 -0.72941204052898101 -4.9261931566750707 3.5764146744902159 0.98786851126684305 -4.0594247744849747 1.5872968570770147 12.178974795470374 13.257562383522071 6.9262621309922681 7.8135415012828604 2.9422949017302091 -0.71865738916047228 -1.5067234547622523 5.7325606926754071 -0.87756261264283675
leaf_weight=1397 829 2679 821 4987 1655 289 678 944 932 1811 1808 4900 576 509 1482 792 2711 337 565 7428 2211 165 174 1388 1242 2692 3080 547 181 754 411 754 146 1571 120 225 65 1837 461 2599 73 6046 3952 48 103 604 1673 403 542 182 3101 2556 1748 1049 1187 2285 91 634 1666 959 517 1248
leaf_count=1397 829 2679 821 4987 1655 289 678 944 932 1811 1808 4900 576 509 1482 792 2711 337 565 7428 2211 165 174 1388 1242 2692 3080 547 181 754 411 754 146 1571 120 225 65 1837 461 2599 73 6046 3952 48 103 604 1673 403 542 182 3101 2556 1748 1049 1187 2285 91 634 1666 959 517 1248
internal_value=0.00340111 4.06048 2.31998 -3.07897 3.65566 10.6025 12.6812 6.38821 8.12664 2.26277 3.43139 -3.8499 13.2008 18.0328 -0.205743 6.54551 -1.3591 -0.295542 23.1943 -4.43883 -1.17632 -0.186784 -1.596 7.26765 -2.2537 -1.0829 -0.044212 2.10144 15.4773 2.27201 -3.43123 4.38164 0.297494 2.91839 0.18972 -3.25218 2.55155 6.40737 -3.3967 -3.63093 -2.61531 -5.03722 -4.49109 8.18819 0.749049 5.21825 2.8526 -5.15865 -5.99511 -2.78859 0.021937 -2.7848 2.26032 10.3857 14.6877 7.99648 -1.34427 5.78466 -2.18234 0.736535 1.95957 0.467291
internal_weight=89420 38606 30509 50814 22383 8097 5431 7566 5072 14817 9835 40053 2569 2731 10761 4933 8126 5415 854 29245 7736 5235 3322 2700 10808 5410 4982 2736 1877 3025 5398 1508 4902 2503 1517 2501 290 2666 10692 10128 5228 18553 11783 3125 564 941 2494 7831 6770 724 4756 5155 1913 1625 1696 3077 3171 2022 3148 2718 1759 1795
internal_count=89420 38606 30509 50814 22383 8097 5431 7566 5072 14817 9835 40053 2569 2731 10761 4933 8126 5415 854 29245 7736 5235 3322 2700 10808 5410 4982 2736 1877 3025 5398 1508 4902 2503 1517 2501 290 2666 10692 10128 5228 18553 11783 3125 564 941 2494 7831 6770 724 4756 5155 1913 1625 1696 3077 3171 2022 3148 2718 1759 1795
cat_boundaries=0 5 10 15 20 25 29 33 38 43 48 53 58 62 67 72 77 82 86 90
cat_threshold=1729745580 537133075 134234624 325 262976 0 2150135048 3005415434 2203320960 8433696 1704526732 546570321 142622720 8388933 279104 35969120 1279328258 1077943892 91136 131348 12976465 80807968 8276 738304024 1050769 1679294472 262145 0 260 524936 537133073 0 256 268436480 1392673412 1142464928 1076500514 131209 2286026770 163876 270465 1006800922 1117323 1573512 262145 0 0 262144 2290223360 134283328 12590100 1015112714 1065990 277217600 206798848 12584020 679490586 149520 537395880 262161 0 256 0 2149581824 838860810 20971520 8388640 402662401 318802564 68722977 1075976242 129 0 0 134217728 0 262144 2147491840 1375863300 1141408000 133154 2228232 395520 71368704 2048 209813512 0 16648 2166489088 2181038208
is_linear=0
shrinkage=0.05


Tree=18
num_leaves=63
num_cat=15
split_feature=1 7 7 7 1 1 1 1 4 7 4 7 1 1 7 8 7 7 4 8 6 7 4 3 7 7 7 1 1 1 1 8 4 1 7 7 9 4 4 4 4 4 4 9 4 4 4 1 4 4 6 4 4 9 4 9 4 4 7 8 0 4
split_gain=4.03835e+08 1.58967e+08 5.44001e+07 4.0719e+07 2.98468e+07 7.70009e+07 2.61607e+07 5.87844e+07 2.56344e+07 1.34352e+07 1.0787e+07 1.0506e+07 1.01445e+07 1.15427e+07 8.57579e+06 8.14582e+06 8.1429e+06 6.58675e+06 6.5483e+06 6.64022e+06 7.92231e+06 6.03838e+06 5.95304e+06 7.31671e+06 5.88722e+06 5.33046e+06 5.1495e+06 4.93923e+06 1.06794e+07 4.92197e+06 6.059e+06 5.39148e+06 4.91526e+06 4.89599e+06 4.29673e+06 4.21728e+06 3.84401e+06 6.68869e+06 5.36525e+06 5.77286e+06 3.8081e+06 3.79863e+06 3.63513e+06 3.17838e+06 4.44646e+06 3.48278e+06 3.39887e+06 3.01643e+06 2.96621e+06 2.91274e+06 5.78745e+06 2.7797e+06 3.3141e+06 5.27093e+06 2.77783e+06 3.8584e+06 2.75151e+06 3.37137e+06 2.73134e+06 2.69114e+06 2.65961e+06 2.65086e+06
threshold=3.5000000000000004 0 1 2 5.5000000000000009 4.5000000000000009 4.5000000000000009 5.5000000000000009 17.500000000000004 3 14.500000000000002 4 1.5000000000000002 2.5000000000000004 5 1.0000000180025095e-35 6 7 33.500000000000007 1.0000000180025095e-35 2.5000000000000004 8 50.500000000000007 25.500000000000004 9 10 11 5.5000000000000009 4.5000000000000009 1.5000000000000002 2.5000000000000004 1.0000000180025095e-35 12.500000000000002 1.5000000000000002 12 13 1.0000000180025095e-35 51.500000000000007 35.500000000000007 23.500000000000004 2.5000000000000004 12.500000000000002 7.5000000000000009 1.0000000180025095e-35 51.500000000000007 33.500000000000007 23.500000000000004 2.5000000000000004 51.500000000000007 33.500000000000007 2.5000000000000004 51.500000000000007 32.500000000000007 1.0000000180025095e-35 35.500000000000007 1.0000000180025095e-35 32.500000000000007 22.500000000000004 14 1.0000000180025095e-35 0.23622048650000002 51.500000000000007
decision_type=2 9 9 9 2 2 2 2 2 9 2 9 2 2 9 2 9 9 2 2 2 9 2 2 9 9 9 2 2 2 2 2 2 2 9 9 2 2 2 2 2 2 2 2 2 2 2 2 2 2 2 2 2 2 2 2 2 2 9 2 2 2
left_child=3 6 17 12 5 25 34 10 11 29 35 -7 15 21 -6 49 -10 -3 19 20 33 -14 -20 -24 -9 -4 -12 28 -19 31 43 -5 -30 -11 -2 -8 37 38 39 -23 -13 42 -42 44 45 46 -31 -35 56 50 -1 52 -36 -54 55 -26 57 -15 -22 -18 -28 -38
right_child=1 2 4 9 14 8 7 24 16 18 26 40 13 48 -16 -17 59 27 22 -21 58 36 23 -25 54 -27 60 -29 32 30 -32 -33 -34 47 51 -37 61 -39 -40 -41 41 -43 -44 -45 -46 -47 -48 -49 -50 -51 -52 -53 53 -55 -56 -57 -58 -59 -60 -61 -62 -63
leaf_value=-2.5324758019070077 3.3071917520473009 -3.5651768323042945 2.8979715677765774 -3.6707562287654074 3.1376529659322858 7.8059939371869751 14.303400319720854 4.1092143522212785 8.9178122852067361 -5.4031484759158177 20.249946323579717 8.100783868934526 12.725545789767111 -1.4513647604974018 -0.37572252207676726 4.8736305830077784 4.4640075700693966 -2.009534388323496 -5.6185908316580075 0.50939066060841731 -3.7343147069618641 1.7534006266237174 -4.0882373142073805 5.2296514030015286 9.2681007811422784 0.11898246028246368 12.633741286551405 -2.4700630191293751 7.4972612135295167 -0.088961890267247837 -2.7651936727592914 2.3214772935840218 1.755806158220639 -2.4999430607514666 9.0908524310458034 25.10144760031039 12.936369849584223 29.26234853505056 -1.4863372187237429 8.0740483651877977 14.515870394856382 11.837058337201455 20.466148830028601 7.1592908850455972 21.975580757108084 -2.6400864130828268 5.020803568723422 -4.535409987740211 11.323257169604549 -3.90252926822048 2.6361930258926383 22.446056829618104 3.0880200747224511 20.331015791466729 5.854275482196118 18.308023681792157 -3.2989136805372734 3.4386967643059023 -0.88672463280679059 16.768919670291066 18.91452441244844 -4.6941053048547996
leaf_weight=2440 989 2293 2735 4967 2720 927 244 1189 1801 6634 487 184 163 1161 4774 429 3079 1939 9482 911 1266 1139 850 280 897 4661 1264 1935 501 1218 2686 406 1456 3614 1024 537 143 23 689 529 532 439 499 172 23 862 444 3668 48 1814 696 31 565 48 480 136 986 506 2540 45 195 25
leaf_count=2440 989 2293 2735 4967 2720 927 244 1189 1801 6634 487 184 163 1161 4774 429 3079 1939 9482 911 1266 1139 850 280 897 4661 1264 1935 501 1218 2686 406 1456 3614 1024 537 143 23 689 529 532 439 499 172 23 862 444 3668 48 1814 696 31 565 48 480 136 986 506 2540 45 195 25
internal_value=0.00388343 3.85883 2.2044 -2.92492 3.4756 4.77155 10.088 12.0901 8.33922 -3.65943 17.269 12.3756 -0.197093 1.33108 0.903191 -1.735 6.22372 -1.29995 -4.21689 -3.65365 -3.86766 3.63586 -5.20977 -1.77912 6.86286 1.15074 15.2751 -0.404546 0.620317 -2.14428 -1.08092 -3.21793 3.22595 -4.42052 6.03485 22.2347 2.99221 2.48771 2.22521 3.75834 14.7993 15.7378 17.3975 0.582952 0.138584 -0.061267 1.27632 -3.52527 -0.982289 -2.30784 -1.3853 7.58655 7.35014 4.44131 8.94018 10.4599 -1.20535 0.0330753 -1.84614 4.62698 13.3827 10.3115
internal_weight=89420 38606 30520 50814 22396 14902 8086 5429 7506 40023 2727 2581 10791 5412 7494 5379 4925 8124 29245 18633 17722 2711 10612 1130 2702 7396 1946 5831 3896 10778 5405 5373 1957 13916 2657 781 2548 2380 2357 1668 1654 1470 1031 2719 2547 2524 1662 7282 2701 4950 3136 1668 1637 613 1513 1033 2653 1667 3806 3124 1459 168
internal_count=89420 38606 30520 50814 22396 14902 8086 5429 7506 40023 2727 2581 10791 5412 7494 5379 4925 8124 29245 18633 17722 2711 10612 1130 2702 7396 1946 5831 3896 10778 5405 5373 1957 13916 2657 781 2548 2380 2357 1668 1654 1470 1031 2719 2547 2524 1662 7282 2701 4950 3136 1668 1637 613 1513 1033 2653 1667 3806 3124 1459 168
cat_boundaries=0 5 10 15 20 25 30 35 40 42 47 52 56 61 66 71
cat_threshold=1696187052 541327379 16896 67117381 262976 0 2183689728 3004891146 3243508352 8429600 1704526828 545521745 138428416 8388869 279104 35969024 1280376834 1082138196 91200 131348 2418025472 1359085964 1147179264 33703970 2314248 176554240 202604608 12586004 679547914 18454 176560385 76613728 146803728 948011016 1049616 0 2150106112 301989896 512 8388608 524288 262144 1090568224 541065218 16896 67117120 256 46534720 209780832 146808016 142689288 1046 1679294472 262144 0 256 49156 541065218 16384 67117120 262400 65540 536870914 16384 8193 262464 0 2183687168 924360746 1313408 8429728
is_linear=0
shrinkage=0.05


Tree=19
num_leaves=63
num_cat=15
split_feature=1 7 7 7 4 1 1 7 7 4 10 1 2 7 1 1 1 4 2 7 10 1 1 7 7 10 4 1 1 1 1 1 1 1 1 7 2 4 3 10 4 4 7 10 4 4 4 3 10 7 7 3 9 7 2 2 7 3 2 9 4 1
split_gain=3.64582e+08 1.43976e+08 4.94978e+07 3.73862e+07 2.82123e+07 2.39433e+07 5.47547e+07 1.47821e+07 1.43418e+07 1.38103e+07 1.13958e+07 1.02979e+07 9.93962e+06 9.21725e+06 8.82543e+06 8.77782e+06 1.9373e+07 7.50119e+06 1.47118e+07 9.8675e+06 6.96358e+06 6.06344e+06 1.62011e+07 5.92852e+06 5.88069e+06 5.65346e+06 5.09849e+06 5.07566e+06 1.24016e+07 4.99968e+06 1.33792e+07 4.70905e+06 1.08699e+07 4.68378e+06 9.25297e+06 4.65128e+06 4.4115e+06 4.1708e+06 5.85381e+06 4.10141e+06 5.37401e+06 4.82064e+06 3.99681e+06 3.77505e+06 6.262e+06 3.65655e+06 3.54001e+06 3.50176e+06 3.74245e+06 3.42865e+06 3.29766e+06 3.11256e+06 3.08912e+06 2.92755e+06 2.69299e+06 3.36514e+06 2.67952e+06 2.64114e+06 2.73252e+06 2.63761e+06 2.62909e+06 2.57819e+06
threshold=3.5000000000000004 0 1 2 14.500000000000002 4.5000000000000009 5.5000000000000009 3 4 6.5000000000000009 2.5000000000000004 1.5000000000000002 4.5000000000000009 5 2.5000000000000004 5.5000000000000009 4.5000000000000009 32.500000000000007 5.5000000000000009 6 1.0000000180025095e-35 4.5000000000000009 5.5000000000000009 7 8 19.500000000000004 2.5000000000000004 5.5000000000000009 4.5000000000000009 4.5000000000000009 5.5000000000000009 4.5000000000000009 5.5000000000000009 5.5000000000000009 4.5000000000000009 9 4.5000000000000009 50.500000000000007 25.500000000000004 2.5000000000000004 32.500000000000007 51.500000000000007 10 21.500000000000004 15.500000000000002 51.500000000000007 1.5000000000000002 18.500000000000004 1.0000000180025095e-35 11 12 27.500000000000004 1.0000000180025095e-35 13 8.5000000000000018 6.5000000000000009 14 26.500000000000004 11.500000000000002 1.0000000180025095e-35 51.500000000000007 1.5000000000000002
decision_type=2 9 9 9 2 2 2 9 9 2 2 2 2 9 2 2 2 2 2 9 2 2 2 9 9 2 2 2 2 2 2 2 2 2 2 9 2 2 2 2 2 2 9 2 2 2 2 2 2 9 9 2 2 9 2 2 9 2 2 2 2 2
left_child=3 5 23 17 9 39 12 -5 21 29 26 -12 35 31 25 16 52 18 20 -20 -1 59 -23 -3 -8 -13 -9 28 -15 -4 -31 -11 -33 34 -25 -7 -36 -19 -39 -2 53 -42 -14 46 61 -16 -22 48 -28 51 -26 57 60 -41 55 -50 -18 -49 -59 -6 -10 -45
right_child=1 2 4 7 8 6 24 10 15 13 11 14 42 27 45 -17 56 37 19 -21 43 22 -24 33 50 -27 47 -29 -30 30 -32 32 -34 -35 36 -37 -38 38 -40 40 41 -43 -44 44 -46 -47 -48 49 54 -51 -52 -53 -54 -55 -56 -57 -58 58 -60 -61 -62 -63
leaf_value=10.275097569179259 13.060649381742795 -3.5837376253016835 0.11666411313491083 -4.9472224896438908 1.460928683955768 14.325186342477332 2.3032330869953688 3.8159924380164618 -1.202848863724391 7.4019560614363087 -4.2332823275785794 -1.8258625380243423 17.739199547165736 3.4378373236400388 -3.5551473587283304 -1.0040919788926099 3.1028120820442466 -2.1612470051521475 14.782429789848036 3.9763376139352036 9.4003945409800753 8.5305277502779351 2.0909777268294292 -1.8930578003271112 12.525296488499855 1.5039693305295776 0.44432909253035568 2.8932680786738159 12.231253192877652 9.1150558917872022 0.51996438280793267 19.212147167724751 7.9601361560297157 -2.4194548149402326 6.0254260759712208 23.768114903420734 1.1735128345675883 0.41924606063489639 18.003732592618601 10.254802698195512 1.5897482479629792 22.990326839883387 11.989155088334094 1.6269055118412568 -2.9478036621488948 7.1189306957654104 -2.3811635010649352 2.8941150706270058 -4.8755113044681577 -1.246195829544074 6.7850382004900585 -3.8808512542713474 5.6884466212675555 5.3450020747437046 -5.5309324682584187 1.7263507627506465 6.020877335561595 6.5556978492684896 27.066541742762446 9.5308239985747853 7.4622207368782973 8.2026563074958769
leaf_weight=154 178 2025 814 10643 1857 349 679 547 3081 436 13157 4804 672 806 7591 3428 1487 2392 260 1112 66 1951 1956 2020 336 1735 717 779 798 909 902 445 415 2046 720 590 1341 210 61 495 909 27 1120 283 407 81 1802 645 390 1817 1681 154 185 1068 1011 382 1904 55 23 107 90 315
leaf_count=154 178 2025 814 10643 1857 349 679 547 3081 436 13157 4804 672 806 7591 3428 1487 2392 260 1112 66 1951 1956 2020 336 1735 717 779 798 909 902 445 415 2046 720 590 1341 210 61 495 909 27 1120 283 407 81 1802 645 390 1817 1681 154 185 1068 1011 382 1904 55 23 107 90 315
internal_value=0.00423585 3.66704 2.09035 -2.77859 3.30661 9.58692 11.5076 -3.32303 2.1946 6.14224 -2.79958 -3.22529 16.4975 8.11904 -2.29203 1.05515 2.10297 0.598357 1.86707 6.16179 -0.0796598 4.16043 5.30677 -1.24419 6.45241 -0.942344 -0.775072 6.17908 7.81311 3.37151 4.83439 11.5486 13.784 -0.466328 0.511759 20.666 2.86872 -1.49517 4.38258 5.72879 5.20605 2.20947 14.3122 -0.635041 1.83582 -3.44236 -1.96442 -1.25864 -2.60629 -0.00798184 7.79892 2.54246 -0.590212 7.00029 -3.833 -1.60898 4.7683 3.94615 12.6307 1.90105 -0.956686 5.09152
internal_weight=89420 38606 30502 50814 22350 8104 5427 43752 16046 6304 33109 27368 2731 3679 14211 10175 6747 7062 4399 1372 3027 5871 3907 8152 2696 6539 5741 2383 1604 2625 1811 1296 860 6127 4081 939 2061 2663 271 2677 2499 936 1792 2873 1005 7672 1868 5194 2500 2694 2017 877 3356 1563 1783 772 3391 723 78 1964 3171 598
internal_count=89420 38606 30502 50814 22350 8104 5427 43752 16046 6304 33109 27368 2731 3679 14211 10175 6747 7062 4399 1372 3027 5871 3907 8152 2696 6539 5741 2383 1604 2625 1811 1296 860 6127 4081 939 2061 2663 271 2677 2499 936 1792 2873 1005 7672 1868 5194 2500 2694 2017 877 3356 1563 1783 772 3391 723 78 1964 3171 598
cat_boundaries=0 5 10 15 20 25 30 33 38 42 47 51 56 61 65 70
cat_threshold=1729745580 537133075 134218240 67117317 262976 0 2166895880 3056664586 2203320960 8433696 1696072332 537133073 134234112 260 262720 1024 2418562824 3072458762 2147748512 8433696 2156267776 206635072 12606484 679576648 1064980 12978514 80807936 8406100 671121496 18448 524288 537133056 134217728 0 2150106112 301989896 0 8388608 1073762336 536870912 134217728 67117056 33619972 536870914 134218240 8193 262464 1696071816 262160 512 256 44138816 12681218 12591637 746792001 16648 1572872 0 0 0 262144 537395848 262161 0 260 268436480 1375912580 696608 2230306 131073
is_linear=0
shrinkage=0.05


Tree=20
num_leaves=63
num_cat=0
split_feature=1 1 1 2 1 1 8 9 10 0 9 2 2 8 10 2 2 10 3 3 10 3 10 10 2 0 2 2 3 2 3 2 2 0 10 0 10 3 2 3 10 2 2 10 3 2 3 2 10 2 2 3 2 3 10 2 2 10 0 10 3 2
split_gain=3.28794e+08 4.2418e+07 1.18637e+08 3.42865e+07 1.80723e+07 2.01222e+07 1.41216e+07 1.1562e+07 9.79746e+06 9.16907e+06 9.01199e+06 9.81244e+06 8.33241e+06 8.19261e+06 7.44187e+06 7.02414e+06 6.90097e+06 7.211e+06 1.11789e+07 5.87382e+06 5.64901e+06 6.51222e+06 5.17927e+06 4.98348e+06 4.86286e+06 4.74175e+06 4.69286e+06 4.04169e+06 3.55652e+06 8.80814e+06 8.03841e+06 4.81815e+06 5.48496e+06 3.23982e+06 3.2226e+06 2.95235e+06 2.71539e+06 2.67021e+06 2.57825e+06 2.64451e+06 3.05095e+06 2.48196e+06 3.94444e+06 5.14788e+06 1.07531e+07 3.2123e+06 2.96978e+06 2.84002e+06 2.45498e+06 3.30237e+06 4.69435e+06 3.86521e+06 2.26162e+06 7.28451e+06 2.14569e+06 2.07131e+06 2.18663e+06 2.06204e+06 2.03242e+06 2.00914e+06 2.39804e+06 2.00475e+06
threshold=3.5000000000000004 5.5000000000000009 4.5000000000000009 4.5000000000000009 1.5000000000000002 2.5000000000000004 1.0000000180025095e-35 1.0000000180025095e-35 2.5000000000000004 0.035433074500000009 1.0000000180025095e-35 8.5000000000000018 9.5000000000000018 1.0000000180025095e-35 19.500000000000004 11.500000000000002 1.5000000000000002 29.500000000000004 16.500000000000004 23.500000000000004 3.5000000000000004 26.500000000000004 25.500000000000004 24.500000000000004 2.5000000000000004 0.015748032000000006 4.5000000000000009 11.500000000000002 13.500000000000002 11.500000000000002 26.500000000000004 8.5000000000000018 1.5000000000000002 0.035433078000000007 28.500000000000004 0.0039370085000000011 20.500000000000004 26.500000000000004 6.5000000000000009 26.500000000000004 43.500000000000007 2.5000000000000004 8.5000000000000018 3.5000000000000004 19.500000000000004 5.5000000000000009 25.500000000000004 11.500000000000002 9.5000000000000018 11.500000000000002 7.5000000000000009 20.500000000000004 11.500000000000002 30.500000000000004 24.500000000000004 4.5000000000000009 10.500000000000002 4.5000000000000009 0.011811025500000001 45.500000000000007 28.500000000000004 5.5000000000000009
decision_type=2 2 2 2 2 2 2 2 2 2 2 2 2 2 2 2 2 2 2 2 2 2 2 2 2 2 2 2 2 2 2 2 2 2 2 2 2 2 2 2 2 2 2 2 2 2 2 2 2 2 2 2 2 2 2 2 2 2 2 2 2 2
left_child=4 2 10 16 6 7 41 14 12 13 11 23 -3 -5 28 -9 37 18 24 -12 21 -13 -16 57 -18 -19 58 55 -6 31 -31 32 -30 -28 -25 -26 48 -4 39 40 -24 -1 45 44 -44 -43 -46 -48 49 50 -7 -51 -14 -54 -38 -8 -57 -2 -10 60 -36 -59
right_child=1 8 3 9 5 36 27 15 26 -11 19 20 52 -15 22 -17 17 25 -20 -21 -22 -23 38 34 35 -27 33 -29 29 30 -32 -33 -34 -35 59 -37 54 -39 -40 -41 -42 42 43 -45 46 -47 47 -49 -50 51 -52 -53 53 -55 -56 56 -58 61 -60 -61 -62 -63
leaf_value=-5.0884163134438172 2.3526420526612819 6.6398827626344117 6.7858956435995132 4.8556065839972726 -2.4904267025976861 -1.9870779656254378 3.1282016680976579 7.2696772201267414 1.1202986078434118 8.6993205729721605 2.4663902466184262 -0.32666325511771799 1.9395706221991877 19.427104782450581 6.4343422222755677 -5.8501556091404687 9.0341731310298208 7.2870973369571779 19.493906687306115 13.415564187210022 -2.1130974452480231 9.2793006349830147 -2.6728408640282701 9.5840779384504664 10.761344255698496 13.02540269255473 -0.95727468526244308 -8.4544312917207094 -4.0402035770902316 1.5024621406186474 17.147162393413129 -3.618277549561455 0.8304471817453426 1.3687177861808417 1.8143902650181436 18.037855681238351 1.3070863581956147 14.71312042559199 3.8158919751764722 4.5606806454275608 2.2687448916872248 -3.943569327105533 -6.2490890279185267 -5.3474782737914417 -1.4269373215356225 -2.2842519030424495 -2.3978503456828686 6.0851852176929233 -4.3832592344963102 -4.1524287712090659 -5.0620257401547724 3.9213830549236337 -12.748823400668796 4.6671260494766509 -2.3708033076715358 -1.0975208627888373 6.0848767871120018 -0.59619736722500505 3.584030969499032 7.7205108117615557 7.342045169120313 1.6777221230880084
leaf_weight=3875 2661 1333 823 5820 4022 3087 740 712 2467 2519 247 599 497 98 464 119 724 782 732 243 3022 250 991 241 231 668 4842 118 719 232 127 1351 2946 2167 1213 354 492 122 488 239 456 5883 978 5719 594 5786 135 366 4355 249 2076 366 119 121 2043 961 119 1931 1267 232 234 1946
leaf_count=3875 2661 1333 823 5820 4022 3087 740 712 2467 2519 247 599 497 98 464 119 724 782 732 243 3022 250 991 241 231 668 4842 118 719 232 127 1351 2946 2167 1213 354 492 122 488 239 456 5883 978 5719 594 5786 135 366 4355 249 2076 366 119 121 2043 961 119 1931 1267 232 234 1946
internal_value=-0.00330058 3.48153 4.65348 8.044 -2.64429 -1.70609 -3.59213 -0.313312 1.13156 6.17278 1.24865 0.984326 4.28124 5.09723 -0.707189 5.39042 11.6027 12.6289 14.5448 7.89793 -1.10071 2.5027 1.6394 1.93859 11.7759 9.93139 0.52463 0.50905 -1.36595 -0.524502 7.04019 -1.06604 -0.12516 -0.238128 4.17816 15.1669 -3.12063 7.81076 0.615759 -0.310663 -1.11552 -3.93272 -3.70258 -4.57372 -2.43893 -3.12083 0.964372 3.7993 -3.48678 -2.81102 -3.22356 0.652322 0.0148754 -3.96997 -1.65696 1.09063 -0.305632 1.28085 1.95635 3.40167 2.70874 0.545174
internal_weight=89313 38505 25692 12873 50808 25534 25274 12866 12813 8437 12819 12329 2070 5918 12035 831 4436 3491 2041 490 3871 849 2638 8458 1309 1450 10743 1938 9397 5375 359 5016 3665 7009 1920 585 12668 945 2174 1686 1447 23336 19461 7792 2073 11669 1095 501 10133 5778 5163 615 737 240 2535 1820 1080 6538 3734 1679 1447 3877
internal_count=89313 38505 25692 12873 50808 25534 25274 12866 12813 8437 12819 12329 2070 5918 12035 831 4436 3491 2041 490 3871 849 2638 8458 1309 1450 10743 1938 9397 5375 359 5016 3665 7009 1920 585 12668 945 2174 1686 1447 23336 19461 7792 2073 11669 1095 501 10133 5778 5163 615 737 240 2535 1820 1080 6538 3734 1679 1447 3877
is_linear=0
shrinkage=0.05


Tree=21
num_leaves=63
num_cat=0
split_feature=5 4 4 4 4 3 2 0 8 10 8 3 9 3 8 4 10 10 8 0 3 4 10 0 3 3 3 10 4 4 2 3 3 10 4 3 4 4 10 10 4 10 3 10 9 3 10 3 3 3 3 0 3 3 3 9 3 3 2 2 3 0
split_gain=2.75322e+08 3.57336e+07 2.43996e+07 2.01033e+07 2.03855e+07 1.94781e+07 1.78943e+07 1.37976e+07 1.29546e+07 1.08551e+07 1.01965e+07 9.34016e+06 9.21288e+06 1.02881e+07 1.81307e+07 8.92591e+06 2.17008e+07 9.76989e+06 6.32786e+06 6.11905e+06 6.00761e+06 5.12792e+06 4.703e+06 4.65007e+06 4.51402e+06 4.49462e+06 6.71932e+06 5.84228e+06 4.34679e+06 6.8403e+06 4.24755e+06 8.90582e+06 4.23197e+06 5.21723e+06 4.14041e+06 4.34765e+06 4.08314e+06 6.05232e+06 3.91712e+06 5.30436e+06 3.724e+06 3.60183e+06 4.54347e+06 3.46441e+06 3.1982e+06 3.16834e+06 2.9956e+06 2.9539e+06 2.85397e+06 7.30623e+06 3.2729e+06 2.7962e+06 2.72296e+06 2.67714e+06 2.64707e+06 2.62203e+06 2.50977e+06 2.47608e+06 2.28809e+06 2.44298e+06 2.25916e+06 2.25604e+06
threshold=1.0000000180025095e-35 13.500000000000002 6.5000000000000009 33.500000000000007 51.500000000000007 25.500000000000004 5.5000000000000009 0.051181104000000012 1.0000000180025095e-35 33.500000000000007 1.0000000180025095e-35 17.500000000000004 1.0000000180025095e-35 21.500000000000004 1.0000000180025095e-35 15.500000000000002 17.500000000000004 5.5000000000000009 1.0000000180025095e-35 0.070866149000000017 1.5000000000000002 14.500000000000002 15.500000000000002 0.019685040000000004 18.500000000000004 17.500000000000004 14.500000000000002 36.500000000000007 51.500000000000007 50.500000000000007 1.5000000000000002 5.5000000000000009 12.500000000000002 8.5000000000000018 5.5000000000000009 9.5000000000000018 51.500000000000007 47.500000000000007 15.500000000000002 12.500000000000002 50.500000000000007 5.5000000000000009 23.500000000000004 43.500000000000007 1.0000000180025095e-35 4.5000000000000009 2.5000000000000004 18.500000000000004 13.500000000000002 14.500000000000002 22.500000000000004 0.49212600300000003 23.500000000000004 6.5000000000000009 18.500000000000004 1.0000000180025095e-35 19.500000000000004 23.500000000000004 10.500000000000002 9.5000000000000018 22.500000000000004 0.059055121500000009
decision_type=2 2 2 2 2 2 2 2 2 2 2 2 2 2 2 2 2 2 2 2 2 2 2 2 2 2 2 2 2 2 2 2 2 2 2 2 2 2 2 2 2 2 2 2 2 2 2 2 2 2 2 2 2 2 2 2 2 2 2 2 2 2
left_child=3 2 22 6 12 57 8 10 15 11 28 23 40 18 -15 16 17 30 -14 54 -11 25 32 -4 44 26 43 -27 29 38 31 -1 33 45 -35 -36 37 51 39 46 -5 42 -26 -18 -13 -2 -3 -17 -32 -50 -51 -9 -31 -45 -8 -25 -42 -6 59 -20 -39 -43
right_child=1 7 9 4 5 -7 19 36 -10 20 -12 24 13 14 -16 47 21 -19 58 -21 -22 -23 -24 55 41 27 -28 -29 -30 52 48 -33 -34 34 35 -37 -38 60 -40 -41 56 61 -44 53 -46 -47 -48 -49 49 50 -52 -53 -54 -55 -56 -57 -58 -59 -60 -61 -62 -63
leaf_value=2.2303934222411508 7.4234335424117353 3.9059889166755997 6.5296692284339448 -3.8207816353182409 1.4680149717343383 8.3247610975036572 -0.82859152581419626 4.9994449788532087 3.4396373567209433 14.875075467480512 18.456739721385713 22.519312076284564 -5.9344208535747294 10.158210297910941 -6.408590071539189 -4.427883440091632 0.57606073260687818 -3.8790143055523014 2.2873074716205557 2.1052755574744446 2.6147905875125708 -1.8845952982526992 13.803969177949924 13.193491094032797 11.356402093888464 -1.516871566195487 8.5999138408977469 4.3342512476324044 8.0256875436761153 -2.1412415684562176 -4.6808827722768118 -4.3514441177968068 6.1325672483393028 2.169429859884386 1.6821097395611038 13.168953704193129 12.915470715940238 1.1697257390052074 3.6966117726815804 -1.5551293514541671 -2.7554164852171006 8.1663421680908037 21.073423085693463 3.5247810082538744 12.508387644094746 -1.2873904818350037 1.6566369839816948 -2.5006365395592609 9.0802425528879116 -0.93420437971168679 4.2449736332465928 7.8432405126122262 -12.159565018687429 12.031976342503048 0.94118530141717072 2.8735882112155262 1.9571041116932637 -6.8117963070348786 4.6011502162397333 -4.898753539024419 -8.9045518491829814 14.926512344502241
leaf_weight=722 119 1967 906 18387 122 752 6709 3477 1114 120 98 245 734 490 249 3966 1445 7013 233 3744 595 1216 123 575 252 1575 465 585 321 295 245 1783 1205 495 126 238 175 422 3735 1058 732 415 231 579 119 845 5981 3988 249 1672 373 1151 88 110 3084 69 460 347 244 240 64 176
leaf_count=722 119 1967 906 18387 122 752 6709 3477 1114 120 98 245 734 490 249 3966 1445 7013 233 3744 595 1216 123 575 252 1575 465 585 321 295 245 1783 1205 495 126 238 175 422 3735 1058 732 415 231 579 119 845 5981 3988 249 1672 373 1151 88 110 3084 69 460 347 244 240 64 176
internal_value=-0.00312533 4.3661 7.45736 -1.76697 -2.94858 3.33791 -1.09848 3.24099 -1.84003 10.2093 2.39519 11.5335 -3.3012 -0.225639 4.57604 -2.06638 -1.45091 -2.67196 -2.67131 0.386048 4.67426 1.01306 4.22314 8.83987 14.4362 1.75348 3.15425 0.0679325 2.27798 2.13733 -0.993669 -2.45439 3.83351 2.31358 5.14694 9.19431 5.40667 5.14947 2.33526 1.77063 -3.64521 12.8028 16.0071 1.96729 19.2509 -0.211428 2.21336 -3.46164 0.447527 0.995425 0.0106164 5.70686 -4.44569 4.88453 -0.271251 12.0884 -0.936811 -4.65812 0.669532 -1.35915 -0.158477 10.1817
internal_weight=89313 25686 6854 63627 22990 1221 40637 18832 27100 3703 13543 2988 21769 2190 739 25986 18032 12057 1451 13537 715 5975 3151 1550 1438 4759 2599 2160 13445 13124 5044 2505 3028 1823 859 364 5289 5114 12741 9006 19579 1074 483 2134 364 964 7948 7954 2539 2294 2045 4628 383 689 9793 644 1192 469 717 473 486 591
internal_count=89313 25686 6854 63627 22990 1221 40637 18832 27100 3703 13543 2988 21769 2190 739 25986 18032 12057 1451 13537 715 5975 3151 1550 1438 4759 2599 2160 13445 13124 5044 2505 3028 1823 859 364 5289 5114 12741 9006 19579 1074 483 2134 364 964 7948 7954 2539 2294 2045 4628 383 689 9793 644 1192 469 717 473 486 591
is_linear=0
shrinkage=0.05


Tree=22
num_leaves=63
num_cat=16
split_feature=1 7 7 7 1 1 4 1 1 7 1 7 1 7 4 7 7 8 7 7 7 4 7 10 1 1 4 9 4 4 4 4 7 1 4 10 10 4 1 1 9 4 7 4 4 4 4 8 1 1 1 7 4 4 4 4 7 4 4 9 8 4
split_gain=2.73816e+08 1.31481e+08 4.65671e+07 3.43337e+07 2.24217e+07 5.28077e+07 1.8563e+07 1.69259e+07 4.36297e+07 1.13447e+07 9.64024e+06 9.50818e+06 9.05833e+06 8.18567e+06 7.37698e+06 6.39922e+06 5.67163e+06 5.6408e+06 5.09087e+06 5.05291e+06 4.99688e+06 4.71655e+06 4.37784e+06 4.18489e+06 3.86931e+06 5.27017e+06 3.81091e+06 3.80255e+06 5.12038e+06 4.62176e+06 5.63709e+06 3.66688e+06 3.37476e+06 3.13081e+06 3.12217e+06 3.36074e+06 3.03052e+06 2.97012e+06 2.87696e+06 2.96927e+06 2.82953e+06 3.57095e+06 2.82195e+06 2.64457e+06 2.64251e+06 2.50547e+06 2.46449e+06 2.47383e+06 2.43308e+06 2.42393e+06 3.20555e+06 2.3163e+06 2.30486e+06 2.16611e+06 2.07928e+06 2.05844e+06 2.01676e+06 1.91886e+06 2.40748e+06 3.26956e+06 1.90072e+06 1.83971e+06
threshold=3.5000000000000004 0 1 2 5.5000000000000009 4.5000000000000009 13.500000000000002 4.5000000000000009 5.5000000000000009 3 1.5000000000000002 4 2.5000000000000004 5 14.500000000000002 6 7 1.0000000180025095e-35 8 9 10 6.5000000000000009 11 2.5000000000000004 5.5000000000000009 4.5000000000000009 6.5000000000000009 1.0000000180025095e-35 51.500000000000007 35.500000000000007 22.500000000000004 12.500000000000002 12 1.5000000000000002 35.500000000000007 2.5000000000000004 2.5000000000000004 3.5000000000000004 1.5000000000000002 2.5000000000000004 1.0000000180025095e-35 14.500000000000002 13 51.500000000000007 1.5000000000000002 40.500000000000007 51.500000000000007 1.0000000180025095e-35 2.5000000000000004 1.5000000000000002 2.5000000000000004 14 6.5000000000000009 3.5000000000000004 51.500000000000007 39.500000000000007 15 51.500000000000007 32.500000000000007 1.0000000180025095e-35 1.0000000180025095e-35 6.5000000000000009
decision_type=2 9 9 9 2 2 2 2 2 9 2 9 2 9 2 9 9 2 9 9 9 2 9 2 2 2 2 2 2 2 2 2 9 2 2 2 2 2 2 2 2 2 9 2 2 2 2 2 2 2 2 9 2 2 2 2 9 2 2 2 2 2
left_child=3 7 18 10 5 22 11 32 14 23 17 37 20 -6 21 46 38 56 -3 -10 -12 -9 -4 -5 25 -20 -13 28 29 30 -22 53 -2 -25 35 -21 55 -7 60 -40 41 52 -16 -43 -18 -19 47 -8 -35 -46 -51 -14 -24 -27 -29 -15 -1 58 61 -60 -11 -34
right_child=1 2 4 9 13 6 15 8 19 16 12 26 51 36 42 -17 44 45 24 34 27 -23 40 33 -26 31 -28 54 -30 -31 -32 -33 57 48 -36 -37 -38 -39 39 -41 -42 43 -44 -45 49 -47 -48 -49 -50 50 -52 -53 -54 -55 -56 -57 -58 -59 59 -61 -62 -63
leaf_value=0.49026358898579797 8.7328652808066654 -3.8987586329789927 -0.64470583972572404 0.46466896666427959 3.1675619362228233 9.4813843132994879 7.2067221614388206 14.44860864709365 2.6359096112780764 -3.7700957085493791 11.8407765307677 5.3432759891528319 2.0660030062949812 4.0908967069764435 17.156861920217217 4.0596811609058125 0.070873780511634218 6.3948896253958027 -1.7778997020249887 14.830600099166038 1.6227406397836401 22.386062758987578 1.3224293523889141 -3.1076359917880265 -2.6486525288000147 -0.72099597576832597 10.75597206839136 12.767570798007986 24.144657244805479 -1.1403107527685186 7.7257090901979639 0.54890848425801853 1.4856573381327567 0.0093325044359304204 4.5027400399878799 7.7436508106662956 -1.0065313353518697 17.570611905989235 -0.69697772140355418 -3.034563333220416 8.0397936542983341 0.49946051587204937 11.805821687527764 9.1886768388166029 -4.7942611155647858 -2.6936759257530953 18.350449864159422 21.902119021071599 -2.3070783465126499 -2.7122382483123548 -4.5840598164503197 -1.3147064849285173 5.5472427996128904 7.0719255769057545 -3.1568310771987651 -1.0640822501966691 -2.3222699925754746 15.224139121211067 0.89247524691779057 12.908365056441793 -0.20687053897198529 6.463980019298714
leaf_weight=756 665 1808 2662 1861 2180 142 1914 323 845 4933 165 589 665 546 482 3419 367 313 2139 199 1110 448 546 4319 2104 114 727 139 27 696 574 1594 225 2121 608 1053 4366 573 2718 2716 180 3114 1464 90 9058 100 53 29 2435 4614 4537 2027 790 409 24 300 4128 41 641 62 405 1061
leaf_count=756 665 1808 2662 1861 2180 142 1914 323 845 4933 165 589 665 546 482 3419 367 313 2139 199 1110 448 546 4319 2104 114 727 139 27 696 574 1594 225 2121 608 1053 4366 573 2718 2716 180 3114 1464 90 9058 100 53 29 2435 4614 4537 2027 790 409 24 300 4128 41 641 62 405 1061
internal_value=-0.00295579 3.1772 1.66474 -2.41305 2.85125 3.97396 6.94493 8.82646 10.4471 -3.08494 0.101125 11.0213 1.58226 0.60299 14.9223 5.41582 -3.59466 -1.41617 -1.56254 5.95161 3.60883 19.0631 0.977173 -1.6895 -0.893277 -0.0275431 8.27117 3.02205 2.53304 2.28686 3.70331 1.741 5.59846 -2.14312 7.40374 8.87119 -0.474887 15.7455 -2.67283 -1.86538 1.88924 1.64938 13.2808 0.74382 -4.12748 4.19414 7.67966 7.42717 -1.22872 -4.21436 -3.64031 -0.476737 3.82087 5.37345 10.4223 2.26297 -1.89066 4.50608 4.30704 1.95389 -3.49976 5.59315
internal_weight=89313 38505 30388 50808 22220 14828 7446 8117 5422 40084 10724 2031 5427 7392 2717 5415 29348 5297 8168 2705 2735 771 7382 10736 6360 4256 1316 2570 2407 2380 1684 2117 2695 8875 1860 1252 5212 715 10772 5434 4720 4540 1946 3204 18576 413 1996 1943 4556 18209 9151 2692 1336 523 163 846 4884 2030 1989 703 5338 1286
internal_count=89313 38505 30388 50808 22220 14828 7446 8117 5422 40084 10724 2031 5427 7392 2717 5415 29348 5297 8168 2705 2735 771 7382 10736 6360 4256 1316 2570 2407 2380 1684 2117 2695 8875 1860 1252 5212 715 10772 5434 4720 4540 1946 3204 18576 413 1996 1943 4556 18209 9151 2692 1336 523 163 846 4884 2030 1989 703 5338 1286
cat_boundaries=0 5 10 15 20 25 30 35 40 43 47 49 54 56 60 63 65
cat_threshold=1696301740 541392915 134218240 75497733 262976 1024 2435331584 842596362 3243508384 8429600 1738115820 537133073 138428416 1349 262720 2380032 1288765506 1082134100 142680072 147730 12867920 76548096 2096 673292376 3217 41943296 135299136 12602388 671179850 16404 176443729 76546144 8408148 671195208 1048594 2151817234 163876 274816 873123858 1117197 0 2150106112 301989896 163872 541130752 134218240 75497472 524288 262144 402661376 33737096 2231533857 35784722 2822274 1611137672 262160 1679294472 262144 0 256 524808 537133073 134217728 524296 537133072
is_linear=0
shrinkage=0.05


Tree=23
num_leaves=63
num_cat=0
split_feature=1 1 1 4 1 1 4 8 9 4 4 4 10 8 9 4 4 2 2 4 4 3 4 4 4 4 2 4 3 4 4 4 10 4 4 4 2 4 4 4 4 3 3 2 3 2 9 4 4 4 4 4 4 4 4 2 3 4 4 3 3 4
split_gain=2.47164e+08 3.58884e+07 8.76913e+07 2.6071e+07 1.44691e+07 1.63342e+07 1.17736e+07 1.0815e+07 9.30893e+06 1.35181e+07 9.67466e+06 1.15653e+07 7.94243e+06 6.97813e+06 6.80654e+06 9.04214e+06 8.52864e+06 6.67491e+06 5.62556e+06 5.13421e+06 4.94559e+06 4.88454e+06 4.86739e+06 4.2181e+06 7.06122e+06 4.01509e+06 3.86033e+06 4.37304e+06 3.70095e+06 3.67054e+06 3.43066e+06 4.47783e+06 3.41483e+06 4.1817e+06 3.31549e+06 3.25524e+06 3.24278e+06 2.91718e+06 2.81526e+06 6.17617e+06 3.96728e+06 2.68841e+06 2.55461e+06 4.24192e+06 2.50631e+06 2.41747e+06 2.29608e+06 2.23368e+06 2.10278e+06 2.08544e+06 2.06517e+06 2.85867e+06 1.98379e+06 1.90389e+06 2.35081e+06 1.83939e+06 5.81404e+06 1.81622e+06 1.81279e+06 1.75933e+06 2.64553e+06 1.75832e+06
threshold=3.5000000000000004 5.5000000000000009 4.5000000000000009 13.500000000000002 1.5000000000000002 2.5000000000000004 6.5000000000000009 1.0000000180025095e-35 1.0000000180025095e-35 51.500000000000007 33.500000000000007 23.500000000000004 2.5000000000000004 1.0000000180025095e-35 1.0000000180025095e-35 32.500000000000007 51.500000000000007 9.5000000000000018 11.500000000000002 50.500000000000007 33.500000000000007 23.500000000000004 1.5000000000000002 51.500000000000007 50.500000000000007 22.500000000000004 4.5000000000000009 7.5000000000000009 29.500000000000004 51.500000000000007 6.5000000000000009 15.500000000000002 24.500000000000004 14.500000000000002 20.500000000000004 11.500000000000002 11.500000000000002 10.500000000000002 34.500000000000007 23.500000000000004 51.500000000000007 4.5000000000000009 16.500000000000004 2.5000000000000004 25.500000000000004 11.500000000000002 1.0000000180025095e-35 20.500000000000004 11.500000000000002 11.500000000000002 6.5000000000000009 15.500000000000002 10.500000000000002 7.5000000000000009 14.500000000000002 11.500000000000002 30.500000000000004 5.5000000000000009 10.500000000000002 24.500000000000004 21.500000000000004 50.500000000000007
decision_type=2 2 2 2 2 2 2 2 2 2 2 2 2 2 2 2 2 2 2 2 2 2 2 2 2 2 2 2 2 2 2 2 2 2 2 2 2 2 2 2 2 2 2 2 2 2 2 2 2 2 2 2 2 2 2 2 2 2 2 2 2 2
left_child=4 2 14 6 7 8 -4 22 9 10 11 30 17 23 15 32 -17 -3 -10 20 25 -16 45 24 34 46 27 57 42 -28 41 37 -2 -34 -5 -29 -9 -32 39 50 -40 -6 43 -8 -42 -1 53 -33 59 -39 -24 52 -52 -7 58 -19 -57 -14 -55 60 -44 -12
right_child=1 12 3 13 5 19 28 36 18 -11 61 -13 26 -15 21 16 -18 55 -20 -21 -22 -23 38 -25 -26 -27 29 35 -30 -31 31 47 33 -35 -36 -37 -38 49 40 -41 44 -43 48 -45 -46 -47 -48 -49 -50 -51 51 -53 -54 54 -56 56 -58 -59 -60 -61 -62 -63
leaf_value=-3.5740304282880055 1.3692933569813213 5.8043212895471132 7.4771034097881488 7.5308575468103642 4.0949771829972326 -4.5515841284803278 2.9775681949093054 0.96959589783106992 6.6017388513449067 15.668600745092315 -2.9743356210974148 3.4893047564887483 0.42296236113014474 17.520633115776246 1.9953624628855122 -1.3832281754276552 8.1190988676255351 1.6105398028795208 -5.1395491070951564 2.3390888931779386 -4.3269031223760361 11.979866652055222 -5.1857962085543461 11.842125102536317 -3.3770798762421608 -0.61246386819550414 -0.53256800758829614 5.1794447441888805 4.8269040238748087 8.2485039183994555 -0.41371412267057012 -3.1919373429831901 6.1531240227517339 1.4859147506904362 5.0620834985705239 1.3990950256029793 -7.5801996017491593 7.4562197167887625 -4.5229323934974612 -1.6496337682956534 -2.2062251382734899 -3.6326570461278322 18.587292441806621 13.298612272406348 6.5734668581653466 5.2083100732395842 3.8768627686224302 0.2784612307033138 11.619869728468146 2.0703310021680501 -3.7161201239608666 -4.4948527291137896 -1.5782321386936726 -2.7474382690643013 -3.694856353585005 -11.561755521631763 3.9974617858251991 -3.7582418278821601 0.53585660983742389 22.725592795101342 11.900596594559623 1.5088784072225538
leaf_weight=116 5930 1333 1553 1682 123 1649 116 1820 712 127 3800 2084 1006 122 247 4229 250 497 119 481 4158 243 2184 254 228 2657 6888 945 120 121 1202 1250 950 970 7115 1433 118 222 7677 4821 232 1315 372 705 125 241 119 737 246 943 2057 3586 2297 856 1922 119 121 350 826 113 247 232
leaf_count=116 5930 1333 1553 1682 123 1649 116 1820 712 127 3800 2084 1006 122 247 4229 250 497 119 481 4158 243 2184 254 228 2657 6888 945 120 121 1202 1250 950 970 7115 1433 118 222 7677 4821 232 1315 372 705 125 241 119 737 246 943 2057 3586 2297 856 1922 119 121 350 826 113 247 232
internal_value=-0.00249035 3.01894 4.09692 7.01189 -2.29229 -1.45281 10.7145 -3.14039 -0.197962 -0.551385 -0.724503 0.295209 0.857394 5.64433 1.16964 0.939923 -0.852675 3.69327 4.91995 -2.72727 -2.92725 6.94831 -3.43845 5.488 5.30904 -2.20236 0.310938 1.60947 13.3339 -0.38086 -0.854088 -0.154739 1.96273 3.79541 5.5342 2.90154 0.448653 1.31436 -3.52846 -3.12264 -4.28333 -2.97143 13.9011 11.8409 0.868863 2.35445 -2.9887 -1.90478 15.6292 3.09721 -3.82405 -3.44943 -2.58832 -3.1443 -2.50029 -0.125225 -3.7189 -0.656451 -1.13513 16.9748 15.9215 -2.71634
internal_weight=89313 38505 25692 12873 50808 25534 3472 25274 12866 12035 11908 7876 12813 9401 12819 12329 4479 2070 831 12668 12187 490 23336 9279 9025 8029 10743 3734 1919 7009 5792 4354 7850 1920 8797 2378 1938 2367 22979 14945 8034 1438 1799 821 357 357 5372 1987 978 1165 10124 7940 4354 5253 3604 737 240 1356 1682 732 619 4032
internal_count=89313 38505 25692 12873 50808 25534 3472 25274 12866 12035 11908 7876 12813 9401 12819 12329 4479 2070 831 12668 12187 490 23336 9279 9025 8029 10743 3734 1919 7009 5792 4354 7850 1920 8797 2378 1938 2367 22979 14945 8034 1438 1799 821 357 357 5372 1987 978 1165 10124 7940 4354 5253 3604 737 240 1356 1682 732 619 4032
is_linear=0
shrinkage=0.05


Tree=24
num_leaves=63
num_cat=18
split_feature=1 7 7 7 1 1 4 1 1 7 10 7 1 7 7 4 10 10 1 4 7 7 10 7 4 0 7 0 7 7 7 7 10 4 7 4 10 4 4 4 0 3 7 1 10 4 4 4 0 9 4 4 9 3 3 4 10 10 7 4 4 1
split_gain=2.23068e+08 1.18905e+08 4.20782e+07 3.10034e+07 1.95645e+07 4.32285e+07 1.54174e+07 1.48636e+07 3.44964e+07 1.05014e+07 8.22797e+06 7.92306e+06 7.28494e+06 7.11788e+06 6.69652e+06 6.68602e+06 5.74563e+06 5.63759e+06 5.01195e+06 4.9662e+06 4.62728e+06 4.20258e+06 4.07311e+06 4.01636e+06 3.91677e+06 3.79765e+06 3.33576e+06 3.06082e+06 3.02075e+06 2.9624e+06 2.93781e+06 2.91564e+06 2.78417e+06 2.74103e+06 3.80023e+06 3.55522e+06 2.82265e+06 2.71283e+06 2.66683e+06 2.59249e+06 2.5235e+06 2.28129e+06 2.34713e+06 2.25476e+06 2.22164e+06 2.20296e+06 2.63202e+06 4.66144e+06 2.16792e+06 2.16179e+06 2.63253e+06 2.14238e+06 2.28849e+06 2.0733e+06 2.29326e+06 2.16722e+06 2.05198e+06 2.90473e+06 2.00472e+06 2.00152e+06 2.39054e+06 1.99033e+06
threshold=3.5000000000000004 0 1 2 5.5000000000000009 4.5000000000000009 12.500000000000002 4.5000000000000009 5.5000000000000009 3 2.5000000000000004 4 1.5000000000000002 5 6 14.500000000000002 19.500000000000004 2.5000000000000004 1.5000000000000002 6.5000000000000009 7 8 19.500000000000004 9 6.5000000000000009 0.023622050000000002 10 0.090551175500000011 11 12 13 14 24.500000000000004 14.500000000000002 15 29.500000000000004 23.500000000000004 2.5000000000000004 17.500000000000004 35.500000000000007 0.47637799400000008 18.500000000000004 16 1.0000000180025095e-35 2.5000000000000004 50.500000000000007 35.500000000000007 22.500000000000004 0.16929133950000003 1.0000000180025095e-35 16.500000000000004 17.500000000000004 1.0000000180025095e-35 27.500000000000004 26.500000000000004 51.500000000000007 24.500000000000004 3.5000000000000004 17 12.500000000000002 6.5000000000000009 1.5000000000000002
decision_type=2 9 9 9 2 2 2 2 2 9 2 9 2 9 9 2 2 2 2 2 9 9 2 9 2 2 9 2 9 9 9 9 2 2 9 2 2 2 2 2 2 2 9 2 2 2 2 2 2 2 2 2 2 2 2 2 2 2 9 2 2 2
left_child=3 7 20 10 5 23 11 26 15 -5 29 -7 -12 27 59 24 30 37 -19 -13 -3 51 45 -4 -9 31 -2 -8 32 39 -14 -17 -18 34 -24 -35 -36 -11 -22 61 -26 43 53 -39 -16 46 47 -20 58 50 -25 52 -10 54 -43 -56 57 -28 -15 60 -6 -1
right_child=1 2 4 9 14 6 13 8 21 17 12 19 16 48 44 25 28 18 22 -21 38 -23 33 49 40 -27 56 -29 -30 -31 -32 -33 -34 35 36 -37 -38 41 -40 -41 -42 42 -44 -45 -46 -47 -48 -49 -50 -51 -52 -53 -54 -55 55 -57 -58 -59 -60 -61 -62 -63
leaf_value=5.2805515115984569 3.1477916921629054 -3.5468431397717164 -0.65410209764980187 -4.1642619665055234 1.8155950359475572 5.4199996093828942 6.2502883916603649 13.451251087335164 9.6944363757666636 2.7532995744861113 -1.9333654058846947 9.3422283580835632 2.9384220690319456 1.6152322561834993 1.7996313800272414 6.6548086711909962 15.391164337397994 -3.3911125827831619 -3.0997295612353741 15.674782496686143 0.57620797122900302 3.9573519745858179 -2.6167811133691323 3.25430834518207 19.169776231630987 15.19209154369614 10.148142383439568 10.741292294023339 1.8382804648949875 1.4363548553106895 -0.74442647926654526 12.38384914010846 5.4224893295866181 -3.2454210611928382 12.361800935881559 1.0285357913678843 2.7151392956221447 0.031574205520239922 -1.6640683079501604 2.2197699358098055 29.916901639322415 2.0599196526186354 -1.2943712300764008 -3.3900345909079483 -1.1534471353076181 1.5222192070449401 -3.7016135688131557 -0.22009700036085791 6.2572313109340634 7.1163967170995521 0.70231080745890972 6.6041272404503237 21.352721576532062 -3.4159319392416148 5.2646200451515144 22.502959245069441 11.23926037543386 4.6664731042683316 4.2846536441910388 1.6760857410389278 7.8298436242220326 11.919159281676187
leaf_weight=281 1191 2280 2671 10650 328 648 1538 319 343 481 4208 595 657 1412 759 434 87 11698 3539 647 2024 1531 325 1522 387 682 324 504 671 1068 2866 819 359 1136 87 851 587 697 3865 340 64 636 1522 1557 3956 336 3418 2331 622 182 3007 791 48 148 56 27 225 952 1484 2018 333 189
leaf_count=281 1191 2280 2671 10650 328 648 1538 319 343 481 4208 595 657 1412 759 434 87 11698 3539 647 2024 1531 325 1522 387 682 324 504 671 1068 2866 819 359 1136 87 851 587 697 3865 340 64 636 1522 1557 3956 336 3418 2331 622 182 3007 791 48 148 56 27 225 952 1484 2018 333 189
internal_value=-0.00235642 2.86801 1.43061 -2.17768 2.55827 3.60682 6.29377 8.24315 9.76217 -2.81623 0.21097 10.195 -0.426845 4.96747 0.458377 13.7577 0.939425 -2.32718 -2.64569 12.5411 -1.63687 5.77806 -1.95415 0.895069 17.6998 12.1882 5.21628 7.32336 4.06396 3.21696 -0.0513237 10.5521 7.20849 -0.340859 1.7955 -1.41499 3.90407 -0.82073 -0.892591 5.47888 20.7012 -1.19104 -0.114481 -2.33202 -0.676609 -2.45469 -2.59857 -1.95624 3.56888 1.77103 1.55998 8.03436 11.1307 1.94915 3.08093 10.8927 6.79103 6.05906 3.0036 2.44927 4.8462 7.9521
internal_weight=89313 38505 30395 50808 22226 14832 7450 8110 5418 40082 10726 1890 8848 5560 7394 2705 4640 29432 24308 1242 8169 2713 12610 7382 770 1935 2692 2042 1117 1878 3523 1253 446 2986 999 1987 674 5124 5889 810 451 4643 2389 2254 4715 9624 9288 5870 3518 4711 4529 1182 391 867 719 83 1501 1276 2896 2679 661 470
internal_count=89313 38505 30395 50808 22226 14832 7450 8110 5418 40082 10726 1890 8848 5560 7394 2705 4640 29432 24308 1242 8169 2713 12610 7382 770 1935 2692 2042 1117 1878 3523 1253 446 2986 999 1987 674 5124 5889 810 451 4643 2389 2254 4715 9624 9288 5870 3518 4711 4529 1182 391 867 719 83 1501 1276 2896 2679 661 470
cat_boundaries=0 5 10 15 20 25 30 35 40 45 50 55 60 64 69 74 79 84 89
cat_threshold=1696170924 604307475 134234624 67109125 262976 1024 2435331848 839450634 1096026784 8429600 1738115820 545521681 138428432 261 262720 1024 2183689856 3055616042 1108607648 8400928 2449481730 1107476544 3294920960 2416067586 2314248 176576577 13631584 12586064 679583816 1048594 42340416 139493440 12590100 679568458 17428 0 2150106112 301989896 512 8388608 538510216 262145 0 5 262656 402661377 33704064 2234687745 2183790610 2756738 98564 604045314 134234624 67108864 262400 1091045896 537133073 134217728 256 262144 9011848 537133073 134217744 256 524808 262160 0 0 262144 33028 603979776 134234112 1 832 402653442 285245440 17334533 543817728 706587 6684928 83984386 8399429 746792000 147738 268435456 1107476612 3224510721 2183790592 2232457
is_linear=0
shrinkage=0.05


Tree=25
num_leaves=63
num_cat=22
split_feature=1 7 7 7 1 1 4 1 1 7 4 7 7 7 1 1 10 7 7 7 4 2 7 7 10 7 10 7 7 7 7 4 3 9 4 7 4 2 1 4 4 4 10 9 7 4 4 7 7 3 10 4 4 2 7 1 1 9 4 2 4 4
split_gain=2.0346e+08 1.11646e+08 3.85479e+07 2.82161e+07 1.64811e+07 3.77745e+07 1.37965e+07 1.35338e+07 3.56693e+07 1.0054e+07 8.00556e+06 7.37315e+06 6.99513e+06 6.72347e+06 6.07445e+06 7.63144e+06 5.25316e+06 4.9331e+06 4.64827e+06 4.54405e+06 4.54273e+06 5.71539e+06 4.20538e+06 4.18067e+06 4.03213e+06 4.0206e+06 3.95394e+06 3.71048e+06 3.21236e+06 3.02193e+06 2.82951e+06 2.75304e+06 3.94946e+06 2.71301e+06 3.7452e+06 2.62034e+06 2.60154e+06 2.70782e+06 2.52113e+06 2.45456e+06 2.45261e+06 2.64117e+06 2.42231e+06 2.404e+06 2.39458e+06 2.37101e+06 2.29348e+06 2.24591e+06 2.18955e+06 2.08868e+06 2.063e+06 2.0287e+06 2.81301e+06 2.01962e+06 1.9504e+06 1.93721e+06 2.16348e+06 1.92834e+06 2.13387e+06 2.13667e+06 1.8791e+06 2.08375e+06
threshold=3.5000000000000004 0 1 2 5.5000000000000009 4.5000000000000009 18.500000000000004 4.5000000000000009 5.5000000000000009 3 18.500000000000004 4 5 6 1.5000000000000002 2.5000000000000004 1.0000000180025095e-35 7 8 9 33.500000000000007 5.5000000000000009 10 11 1.0000000180025095e-35 12 2.5000000000000004 13 14 15 16 50.500000000000007 25.500000000000004 1.0000000180025095e-35 51.500000000000007 17 33.500000000000007 5.5000000000000009 1.5000000000000002 1.5000000000000002 13.500000000000002 6.5000000000000009 42.500000000000007 1.0000000180025095e-35 18 50.500000000000007 34.500000000000007 19 20 7.5000000000000009 43.500000000000007 13.500000000000002 6.5000000000000009 11.500000000000002 21 1.5000000000000002 2.5000000000000004 1.0000000180025095e-35 51.500000000000007 8.5000000000000018 51.500000000000007 34.500000000000007
decision_type=2 9 9 9 2 2 2 2 2 9 2 9 9 9 2 2 2 9 9 9 2 2 9 9 2 9 2 9 9 9 9 2 2 2 2 9 2 2 2 2 2 2 2 2 9 2 2 9 9 2 2 2 2 2 9 2 2 2 2 2 2 2
left_child=3 7 23 11 5 22 12 28 10 -5 25 26 -7 -6 16 17 30 33 -8 -10 21 24 -4 -3 -13 -9 -1 -12 -2 -23 -11 -22 -33 34 36 -21 37 -16 -28 -18 41 -25 54 47 -15 46 -17 -20 -44 -50 -40 52 -37 -35 -26 -31 -57 58 59 -19 61 -30
right_child=1 2 4 9 13 6 18 8 19 14 27 20 -14 44 15 45 39 57 43 35 31 29 -24 40 42 -27 38 -29 60 55 -32 32 -34 53 -36 51 -38 -39 50 -41 -42 -43 48 -45 -46 -47 -48 -49 49 -51 -52 -53 -54 -55 -56 56 -58 -59 -60 -61 -62 -63
leaf_value=7.0716517101952991 3.0280520752307027 -3.1597591463586046 2.4323832853900385 -3.9834584236426687 2.8373075419400298 12.154105938747994 2.1149375784724747 21.511900406008046 10.748980946874797 4.2786887928143811 8.3132911356557244 6.4116861690090019 6.6837277590936388 -2.2563759902944356 0.57749751934150917 -2.1758108813708641 2.0561786440633125 -0.9734207378537717 8.677792173470726 1.1850876800422865 -2.5483345523996608 9.315251200752467 -0.032736083026074447 -1.4272093076545731 -3.0700774448726311 13.527304426653188 -0.13888029145877026 13.5348367284113 7.6846689755050939 0.29932021342509268 -1.2153375402579374 -0.87942764694654052 11.889689626179996 9.5145469600281771 19.799396468122342 3.9645868093722543 -1.5551603895557788 4.983129752568078 2.9353932749514473 -3.2678934627475971 -1.4133820188874857 2.8713734516321612 -2.4897633816189191 17.036999248755489 0.17904834222576194 1.8845341325268408 -4.1071430724196318 4.6605450723772313 12.778976395424834 1.9411300320248981 13.15195426753295 4.3775809501463323 11.67742303872466 -6.3681134649169397 -0.51857421802077608 6.3478088437975169 1.2469243326494319 2.4228615668500222 10.197045023860582 -3.4003724301584217 18.618508149381736 3.6962937547067534
leaf_weight=422 1178 2756 2726 10654 2202 990 1673 389 334 320 774 186 1732 1348 1169 4835 220 3082 437 506 2705 149 4714 635 1249 632 935 961 1006 808 799 239 81 151 26 217 815 497 962 13306 3928 817 105 44 3930 282 2254 2631 80 100 52 1354 260 23 1884 406 426 322 38 1285 32 486
leaf_count=422 1178 2756 2726 10654 2202 990 1673 389 334 320 774 186 1732 1348 1169 4835 220 3082 437 506 2705 149 4714 635 1249 632 935 961 1006 808 799 239 81 151 26 217 815 497 962 13306 3928 817 105 44 3930 282 2254 2631 80 100 52 1354 260 23 1884 406 426 322 38 1285 32 486
internal_value=0.0240688 2.75658 1.36933 -2.05441 2.43868 3.39862 5.90093 7.96072 9.41009 -2.66505 13.4006 0.216205 8.7429 0.523722 -2.18648 -1.47206 -2.90891 -0.338698 4.28409 5.29222 -0.478117 0.391221 0.873724 -1.57773 -0.755588 16.9144 2.6729 11.332 5.07887 2.70142 0.383398 -2.02953 2.35544 1.37192 0.957849 4.4469 0.759605 1.89201 1.73387 -3.18128 -0.762904 0.991511 -1.14579 5.42588 -0.446079 -2.61108 -2.78994 5.27649 3.26668 6.40667 3.46057 5.33686 8.17023 7.41263 -1.54728 2.03082 3.73653 -1.30905 -1.58487 -1.68762 6.6006 6.38584
internal_weight=89559 38692 30563 50867 22427 14947 7507 8129 5427 40078 2756 10789 2722 7480 29424 14779 14645 7408 4785 2671 8418 5393 7440 8136 3604 1021 2371 1735 2702 1789 1119 3025 320 2681 2507 2337 2481 1666 1949 13526 5380 1452 3418 3112 5278 7371 7089 3068 285 180 1014 1831 477 174 3133 1640 832 4727 4405 4367 1524 1492
internal_count=89559 38692 30563 50867 22427 14947 7507 8129 5427 40078 2756 10789 2722 7480 29424 14779 14645 7408 4785 2671 8418 5393 7440 8136 3604 1021 2371 1735 2702 1789 1119 3025 320 2681 2507 2337 2481 1666 1949 13526 5380 1452 3418 3112 5278 7371 7089 3068 285 180 1014 1831 477 174 3133 1640 832 4727 4405 4367 1524 1492
cat_boundaries=0 5 10 15 20 22 27 32 37 42 44 49 54 58 63 68 72 77 81 86 90 94 99
cat_threshold=1696449452 4522001 134218240 201326853 262976 1024 2435347456 909836298 22282912 8429600 1696154540 542376017 134235152 1348 262720 268435456 2452124800 2988671018 2199126656 8396832 524424 537133073 12720209 76548130 2224 634968 1051793 42076160 135266306 12602388 545350730 16404 2195986496 209780738 1086329536 142696449 1049874 276824064 1107428228 2164564385 2183813122 135177 1572872 262144 42080322 747634752 1082154068 8463432 3089 0 2150106112 838860808 262656 8388608 1679556616 262145 0 67109124 295172 4259840 134217728 201326597 832 311556 4259840 134218240 201326848 262400 0 0 134217728 256 33587200 142639104 12589061 537071625 674074 278528 4259840 134217728 67108864 0 33555212 2164269088 3256879104 2101248 4096 536870914 18432 8486912 554713120 64 16400 256 68223232 4194304 134217728 1092 512
is_linear=0
shrinkage=0.05


Tree=26
num_leaves=63
num_cat=18
split_feature=1 7 7 7 2 1 1 7 7 7 7 4 2 7 10 1 1 4 1 1 7 7 10 7 4 4 3 4 1 1 10 4 2 7 7 10 7 0 2 10 2 3 10 10 4 1 1 7 4 7 2 10 7 0 2 4 4 0 7 1 1 1
split_gain=1.83732e+08 1.00885e+08 3.48992e+07 2.55555e+07 1.52568e+07 1.20011e+07 3.31038e+07 9.79354e+06 9.30164e+06 9.03728e+06 7.12189e+06 6.73629e+06 1.0777e+07 9.83996e+06 6.35357e+06 6.20221e+06 1.59011e+07 5.48596e+06 5.05756e+06 8.44244e+06 4.59848e+06 4.24443e+06 4.13339e+06 3.78819e+06 3.77963e+06 3.70424e+06 5.32882e+06 3.35184e+06 3.1373e+06 4.28801e+06 3.33377e+06 3.1222e+06 3.15387e+06 3.04262e+06 3.01582e+06 2.90922e+06 2.81006e+06 2.78336e+06 2.75255e+06 2.70345e+06 2.55958e+06 2.5347e+06 2.44226e+06 3.45119e+06 2.72169e+06 2.33435e+06 2.42316e+06 2.24865e+06 2.23631e+06 2.21015e+06 2.16463e+06 2.09147e+06 2.04735e+06 1.98509e+06 2.16003e+06 2.86535e+06 1.94981e+06 2.1937e+06 1.94793e+06 1.94496e+06 2.14878e+06 1.9376e+06
threshold=3.5000000000000004 0 1 2 4.5000000000000009 4.5000000000000009 5.5000000000000009 3 4 5 6 32.500000000000007 5.5000000000000009 7 1.0000000180025095e-35 4.5000000000000009 5.5000000000000009 51.500000000000007 5.5000000000000009 4.5000000000000009 8 9 42.500000000000007 10 18.500000000000004 50.500000000000007 25.500000000000004 13.500000000000002 1.5000000000000002 2.5000000000000004 1.0000000180025095e-35 51.500000000000007 11.500000000000002 11 12 2.5000000000000004 13 0.25984253000000007 4.5000000000000009 2.5000000000000004 9.5000000000000018 5.5000000000000009 24.500000000000004 3.5000000000000004 46.500000000000007 1.5000000000000002 2.5000000000000004 14 6.5000000000000009 15 8.5000000000000018 3.5000000000000004 16 0.098425202500000017 10.500000000000002 46.500000000000007 14.500000000000002 0.14960630950000001 17 1.5000000000000002 2.5000000000000004 1.5000000000000002
decision_type=2 9 9 9 2 2 2 9 9 9 9 2 2 9 2 2 2 2 2 2 9 9 2 9 2 2 2 2 2 2 2 2 2 9 9 2 9 2 2 2 2 2 2 2 2 2 2 9 2 9 2 2 9 2 2 2 2 2 9 2 2 2
left_child=3 5 23 11 7 33 10 48 28 31 27 12 14 -14 -1 -9 49 18 19 -11 59 -8 34 -3 -12 -13 -27 -7 30 -30 -5 32 35 -2 61 -6 41 -37 -25 40 -23 -24 43 44 -35 -15 -47 -41 -4 -17 -45 -18 -22 54 58 -56 57 -44 -21 -10 -61 -16
right_child=1 2 4 8 9 6 21 15 20 17 24 25 13 45 22 16 51 -19 -20 53 52 39 36 38 -26 26 -28 -29 29 -31 -32 -33 -34 42 -36 37 -38 -39 -40 47 -42 -43 56 50 -46 46 -48 -49 -50 -51 -52 -53 -54 -55 55 -57 -58 -59 -60 60 -62 -63
leaf_value=7.8138543453411646 11.214708292315928 -3.5639931384220809 -0.21424118142769896 2.1751944074003822 6.2458862723074358 23.223997125620773 10.227307074141343 2.976102252753793 -2.8393009843043346 -0.79683285119680858 13.963688047306313 -1.8998888051887914 13.159866527536307 1.024686059659996 -1.2166928035384197 12.933131332917732 7.7146391709770841 7.3507843503256671 -1.4196538863738573 3.6993132514680656 -4.5508989746694715 11.047952734071979 21.677409330307714 0.48911931267577469 9.5298510567894681 -0.2291885912063224 12.888886759604091 15.477147982414667 0.99192821617612104 -1.8333075427513172 -2.4910519886562081 10.080338865389251 -0.72608244515805664 5.242136658879553 -2.2640171725423639 2.2599613278084565 1.3723057128230567 6.4920835575524949 -1.6901227936569041 1.0432466565124126 2.4575939453466003 5.8467400587723226 8.798973671543683 3.9726697997668312 13.714864859036206 7.2201426062661085 2.0893590074058697 4.6481125594845913 2.7765427942130607 8.4827758984570387 0.17238903407958975 2.4841236210922926 -3.2037808385994953 5.2973748907570117 9.1713690180246399 2.1302124460258174 4.4720501368730758 21.815887957477802 0.1383114652239594 -0.50034202113025983 -2.4960788758243044 2.0706430055196243
leaf_weight=237 174 1742 950 415 686 197 334 1619 5376 3022 758 3660 257 903 866 594 222 279 3067 569 3672 246 41 2216 1318 302 104 485 2695 2677 4918 152 562 425 2246 3563 258 436 4186 686 134 66 154 987 122 451 470 1266 1827 1043 604 1372 14929 689 232 383 195 41 1155 2705 2690 929
leaf_count=237 174 1742 950 415 686 197 334 1619 5376 3022 758 3660 257 903 866 594 222 279 3067 569 3672 246 41 2216 1318 302 104 485 2695 2677 4918 152 562 425 2246 3563 258 436 4186 686 134 66 154 987 122 451 470 1266 1827 1043 604 1372 14929 689 232 383 195 41 1155 2705 2690 929
internal_value=0.0234858 2.62014 1.30175 -1.95166 2.3198 7.56828 8.93383 4.13737 -2.53283 1.38437 12.7742 0.209123 1.1808 4.17069 -0.159329 5.49096 6.76798 0.445231 0.234316 1.07279 -2.99335 4.96056 -0.588378 -1.50054 11.0959 -1.39723 3.13344 17.462 -1.26764 -0.415963 -2.1279 3.01234 2.81314 4.85485 -1.04867 3.23771 4.50654 2.72153 -0.93434 4.1442 8.02018 10.9088 4.35509 3.70824 7.13402 2.81589 4.60234 3.41051 1.74714 10.2291 2.53005 3.21303 -3.47204 2.93868 2.24368 4.78746 8.01092 11.5457 1.33602 -2.16421 -1.49546 0.481996
internal_weight=89559 38692 30566 50867 22422 8126 5424 7627 40077 14795 2758 10790 6724 2081 4643 4850 3231 9396 9117 6050 29372 2666 4406 8144 2076 4066 406 682 10705 5372 5333 5399 5247 2702 4041 4685 365 3999 6402 2332 380 107 2528 2138 547 1824 921 1952 2777 1637 1591 1594 18601 3028 2339 615 390 195 1724 10771 5395 1795
internal_count=89559 38692 30566 50867 22422 8126 5424 7627 40077 14795 2758 10790 6724 2081 4643 4850 3231 9396 9117 6050 29372 2666 4406 8144 2076 4066 406 682 10705 5372 5333 5399 5247 2702 4041 4685 365 3999 6402 2332 380 107 2528 2138 547 1824 921 1952 2777 1637 1591 1594 18601 3028 2339 615 390 195 1724 10771 5395 1795
cat_boundaries=0 5 10 15 20 25 30 34 37 42 44 49 50 55 60 64 69 74 79
cat_threshold=1696449196 4522001 134218240 209715461 262976 1024 2435347712 859504650 22282784 8429600 1696154540 675610641 134235216 1284 262720 2418024448 1644167692 3292823808 3523364994 2822152 2191562816 1150287938 1086327300 679551049 16658 42080512 738197570 12606484 805430344 1064980 1679294472 262144 0 256 524288 537133056 134217728 138813458 163876 266369 335695890 1772685 1572872 262144 0 2150106112 268435464 0 8388608 524296 1611137576 262161 17424 256 262144 524416 537133072 134217792 4 512 311328 4259840 134217728 209715200 12718416 68159522 16 106568 1048592 0 2150106112 838860808 262656 8192 2283806787 2056 67109120 1073741954 2688000
is_linear=0
shrinkage=0.05


Tree=27
num_leaves=63
num_cat=16
split_feature=1 7 7 7 2 7 7 7 7 7 1 1 1 1 1 1 7 1 1 2 10 1 1 1 1 7 1 1 8 1 2 1 1 7 9 0 8 1 2 9 7 10 9 1 1 10 2 0 2 0 10 1 1 8 9 2 2 7 7 7 7 8
split_gain=1.65865e+08 9.13143e+07 3.16441e+07 2.31373e+07 1.45951e+07 1.10613e+07 8.78784e+06 8.36528e+06 8.19378e+06 6.36679e+06 6.04789e+06 1.56056e+07 5.14489e+06 1.42813e+07 4.46256e+06 1.07554e+07 4.16448e+06 4.09281e+06 1.06995e+07 3.82366e+06 3.73738e+06 3.6207e+06 8.57427e+06 3.57281e+06 3.80475e+06 3.49402e+06 2.92559e+06 4.11004e+06 2.67385e+06 2.53049e+06 2.49811e+06 2.4008e+06 3.32999e+06 2.19292e+06 2.04299e+06 2.03946e+06 2.02973e+06 1.88749e+06 1.88579e+06 2.14458e+06 1.84661e+06 1.83435e+06 2.18742e+06 1.80691e+06 3.47927e+06 1.8057e+06 2.83373e+06 1.79262e+06 1.7841e+06 1.76687e+06 1.74609e+06 1.73584e+06 1.93733e+06 1.7086e+06 1.64561e+06 1.64615e+06 1.63849e+06 1.63424e+06 1.62058e+06 1.5912e+06 1.58674e+06 1.57294e+06
threshold=3.5000000000000004 0 1 2 4.5000000000000009 3 4 5 6 7 4.5000000000000009 5.5000000000000009 4.5000000000000009 5.5000000000000009 5.5000000000000009 4.5000000000000009 8 5.5000000000000009 4.5000000000000009 4.5000000000000009 2.5000000000000004 4.5000000000000009 5.5000000000000009 1.5000000000000002 2.5000000000000004 9 1.5000000000000002 2.5000000000000004 1.0000000180025095e-35 1.5000000000000002 5.5000000000000009 5.5000000000000009 4.5000000000000009 10 1.0000000180025095e-35 0.23622044900000003 1.0000000180025095e-35 2.5000000000000004 4.5000000000000009 1.0000000180025095e-35 11 19.500000000000004 1.0000000180025095e-35 5.5000000000000009 4.5000000000000009 3.5000000000000004 8.5000000000000018 0.34645672150000001 10.500000000000002 0.18503937850000005 25.500000000000004 1.5000000000000002 2.5000000000000004 1.0000000180025095e-35 1.0000000180025095e-35 11.500000000000002 8.5000000000000018 12 13 14 15 1.0000000180025095e-35
decision_type=2 9 9 9 2 9 9 9 9 9 2 2 2 2 2 2 9 2 2 2 2 2 2 2 2 9 2 2 2 2 2 2 2 9 2 2 2 2 2 2 9 2 2 2 2 2 2 2 2 2 2 2 2 2 2 2 2 9 9 9 9 2
left_child=3 5 25 9 8 10 31 26 21 20 45 19 -7 30 15 34 51 18 -10 -12 -1 -4 -23 36 41 -3 28 54 -5 -22 47 32 -6 -20 -8 61 -11 58 39 -13 -18 42 -25 44 -27 -2 -47 -14 49 -34 -43 53 -53 -9 56 -56 -28 -16 -31 -15 -19 -17
right_child=1 2 4 7 6 12 14 16 17 23 11 38 13 59 57 35 40 60 33 -21 29 22 -24 24 -26 43 27 -29 -30 37 -32 -33 48 -35 -36 -37 -38 -39 -40 -41 -42 50 -44 -45 -46 46 -48 -49 -50 -51 -52 52 -54 -55 55 -57 -58 -59 -60 -61 -62 -63
leaf_value=6.3254854551259241 10.372781921812242 -2.5485189427222359 3.6305117239309035 -2.3643437654394326 -1.1000216250820214 3.3394358740415067 0.58590299265606427 -2.9444247488107664 0.82338572163335388 -1.880152118058096 19.228259442570092 8.1575504048582665 11.322495525823156 1.0134480467121387 2.8422901040358135 4.405772662087112 -4.3239782312304156 2.1916789907357481 1.8754345123491785 13.043080987511386 -0.29931899127084377 10.76707423784066 3.9680912659436958 0.72665484329920405 -0.99632857030761179 -1.4806477863909506 1.4896729579591919 -1.7721601891658805 1.8148702232478986 9.9450634344290236 8.3776152673654121 -1.8178193540116514 0.12313497660215288 7.3322270627070925 6.015182402357663 8.3374761402694375 2.2748701411629497 1.1778699045630485 5.2665102171638516 19.299438956635683 -3.0445715383658341 11.836856361381644 7.3312928862766498 -1.9247955589215591 1.9704984522141755 7.3006154450881695 1.0618220241052148 18.817290535268256 4.6645259135758952 4.7141008610425894 3.4926421508952474 -0.47892775852370106 -2.3734043656189394 0.46790900101071203 7.5812237736944823 -6.2384710319488654 -1.3067609796572497 0.087798931813199171 3.3727630826177939 4.4797865124191913 -0.94234178509204714 14.384385485185351
leaf_weight=476 235 3776 939 4911 1788 1602 2946 4977 1588 3727 389 317 612 506 677 2701 3672 810 241 703 1076 948 908 1465 2005 1461 1775 2679 415 132 957 1798 1062 1395 184 409 319 616 712 50 14929 76 137 1430 1460 607 260 92 453 261 357 2707 2691 396 153 25 743 2506 408 1080 789 40
leaf_count=476 235 3776 939 4911 1788 1602 2946 4977 1588 3727 389 317 612 506 677 2701 3672 810 241 703 1076 948 908 1465 2005 1461 1775 2679 415 132 957 1798 1062 1395 184 409 319 616 712 50 14929 76 137 1430 1460 607 260 92 453 261 357 2707 2691 396 153 25 743 2506 408 1080 789 40
internal_value=0.022626 2.4898 1.23589 -1.85403 2.20378 7.19884 1.29072 -2.40715 3.98348 0.201491 9.47376 11.0342 5.6468 6.80246 2.20577 2.98111 -2.84382 2.71574 3.74711 15.248 2.29517 6.13921 7.44124 -0.50167 0.549497 -1.43637 -1.20703 -0.385189 -2.03867 1.4457 10.0426 -0.327699 0.423161 6.58483 0.905252 5.04369 -1.55251 3.06984 6.76856 9.68038 -3.29935 2.07251 1.2919 -0.46752 0.244341 6.48492 5.43004 12.3045 1.95661 1.02913 4.95962 -2.05479 -1.42339 -2.69292 0.993049 5.63781 0.664493 0.682936 5.22746 3.40865 0.653096 4.55191
internal_weight=89559 38692 30570 50867 22443 8122 14825 40073 7618 10794 3273 2171 4849 3247 9463 6280 29372 4823 3224 1092 2708 2795 1856 8086 4040 8127 10701 5375 5326 2232 1661 5362 3564 1636 3130 3150 4046 1156 1079 367 18601 2035 1602 4351 2921 1102 867 704 1776 1323 433 10771 5398 5373 2696 178 2518 3183 540 1586 1599 2741
internal_count=89559 38692 30570 50867 22443 8122 14825 40073 7618 10794 3273 2171 4849 3247 9463 6280 29372 4823 3224 1092 2708 2795 1856 8086 4040 8127 10701 5375 5326 2232 1661 5362 3564 1636 3130 3150 4046 1156 1079 367 18601 2035 1602 4351 2921 1102 867 704 1776 1323 433 10771 5398 5373 2696 178 2518 3183 540 1586 1599 2741
cat_boundaries=0 5 10 15 19 24 29 34 36 41 46 51 56 61 63 67 72
cat_threshold=1696449452 4522001 134234624 201326853 262720 1024 2452124672 908787722 1096024736 8429600 1729708972 675610641 134235136 1348 262720 1679295112 262161 0 260 272629762 1090651020 2165350817 2183796752 135297 2158008384 1150287938 1086327380 679550985 16658 46272594 76548130 8389844 536912968 18707 524936 537133073 138813458 163872 266369 336220178 1772685 0 2150106112 838860810 17039872 8396832 2147483648 1073741832 2147483904 131074 131072 0 2150106112 838860808 262656 8192 33554432 671088642 4194304 545326090 256 524288 262144 278528 4259840 134217728 67108864 402653185 134381760 5257473 9130002 1184772
is_linear=0
shrinkage=0.05


Tree=28
num_leaves=63
num_cat=15
split_feature=1 7 7 7 4 7 7 4 1 1 7 7 4 2 8 7 4 4 3 2 4 2 7 4 1 1 8 7 10 1 1 1 1 1 1 1 7 10 7 10 3 4 2 1 1 2 7 2 2 3 4 3 1 1 4 4 10 4 7 7 4 4
split_gain=1.49706e+08 8.25616e+07 2.85899e+07 2.09266e+07 1.30126e+07 1.00115e+07 8.74369e+06 8.659e+06 8.27925e+06 2.20927e+07 7.60326e+06 5.77748e+06 5.55321e+06 7.23061e+06 7.39806e+06 5.28104e+06 5.09737e+06 5.04848e+06 6.77367e+06 4.96347e+06 4.52748e+06 8.32823e+06 7.62013e+06 4.48386e+06 4.43452e+06 8.26214e+06 3.61942e+06 3.60345e+06 3.51156e+06 3.29712e+06 4.28227e+06 2.96547e+06 3.64889e+06 2.89733e+06 2.8037e+06 6.65302e+06 2.57768e+06 2.45872e+06 2.45819e+06 2.36693e+06 2.35545e+06 2.27814e+06 3.35104e+06 2.44813e+06 4.78937e+06 2.25549e+06 2.2316e+06 2.17081e+06 2.16651e+06 2.14395e+06 2.05489e+06 3.22874e+06 2.01043e+06 2.11196e+06 2.00243e+06 2.17081e+06 1.99468e+06 2.44594e+06 2.43668e+06 1.96208e+06 1.91114e+06 2.01151e+06
threshold=3.5000000000000004 0 1 2 14.500000000000002 3 4 6.5000000000000009 5.5000000000000009 4.5000000000000009 5 6 33.500000000000007 5.5000000000000009 1.0000000180025095e-35 7 51.500000000000007 50.500000000000007 25.500000000000004 4.5000000000000009 32.500000000000007 5.5000000000000009 8 35.500000000000007 5.5000000000000009 4.5000000000000009 1.0000000180025095e-35 9 42.500000000000007 5.5000000000000009 4.5000000000000009 4.5000000000000009 5.5000000000000009 1.5000000000000002 4.5000000000000009 5.5000000000000009 10 2.5000000000000004 11 2.5000000000000004 23.500000000000004 51.500000000000007 11.500000000000002 4.5000000000000009 5.5000000000000009 2.5000000000000004 12 4.5000000000000009 4.5000000000000009 7.5000000000000009 50.500000000000007 25.500000000000004 1.5000000000000002 2.5000000000000004 1.5000000000000002 6.5000000000000009 36.500000000000007 14.500000000000002 13 14 51.500000000000007 34.500000000000007
decision_type=2 9 9 9 2 9 9 2 2 2 9 9 2 2 2 9 2 2 2 2 2 2 9 2 2 2 2 9 2 2 2 2 2 2 2 2 9 2 9 2 2 2 2 2 2 2 9 2 2 2 2 2 2 2 2 2 2 2 9 9 2 2
left_child=3 5 29 11 7 23 41 27 9 60 -5 39 13 14 33 -9 24 -14 40 36 21 26 -23 31 25 -8 28 -4 54 30 -3 -2 -33 -12 -17 -36 -11 47 52 -1 -19 42 43 -6 -45 -37 -32 -10 -48 -30 -22 -52 -15 -54 -13 -56 58 -58 -35 -39 61 -7
right_child=1 2 4 10 6 8 16 15 37 19 12 20 17 38 -16 34 -18 18 -20 -21 50 22 -24 -25 -26 -27 -28 -29 49 -31 46 32 -34 56 35 45 -38 59 -40 -41 -42 -43 -44 44 -46 -47 48 -49 -50 -51 51 -53 53 -55 55 -57 57 -59 -60 -61 -62 -63
leaf_value=6.899878722864571 9.0190407943613486 -2.0586377388217776 4.2645809351999864 -3.4301362159947892 1.5758218627782172 4.6165129399201161 -0.76258016336591372 2.8588027588669327 13.231653073979126 8.315179444764949 -3.1493843284028786 5.7702491672842484 -3.163543960835157 -0.15848257182057504 3.2262893996950077 4.5889163467935381 7.0785895835535619 -0.35367440921781301 7.0802229128870424 9.014797755047514 -2.146342819780743 14.599936670449338 2.416298009421344 6.7024006311616349 -1.2221682221082923 2.7776832463298398 5.8432643921036398 0.42422354441781196 8.5980246462369294 -2.7988638196621038 -0.87991153765277785 19.088876990396979 11.091396210086359 -0.40849509534834116 11.298115255414066 8.9844876286615918 15.882208940108075 0.97538834029964372 -0.7176146421339733 2.0152241447288595 -6.4373691714244803 8.9591079817780805 -0.94394618577397127 5.755476396904502 2.0213294763934857 3.1534540363971084 4.5601900706368204 4.8245563882519455 0.62060376481447599 0.2328759401419824 -0.87540471716339852 10.241859218091562 4.9875387671749607 0.71959617100335693 -3.9369904105781077 -0.99394143404267243 2.9706712596069247 -1.8508341023319066 -2.7264583363885397 4.2675861552714709 13.959207677946916 1.4166183371983074
leaf_weight=302 298 2725 952 10698 1715 1489 3283 1264 109 249 5624 91 9465 1128 632 835 282 646 282 1524 3089 131 1627 406 3338 3309 199 1697 140 2694 1183 292 280 1684 826 236 562 826 3944 1386 211 150 563 1718 1717 558 541 260 983 169 261 87 567 593 841 2457 492 565 3556 1050 45 733
leaf_count=302 298 2725 952 10698 1715 1489 3283 1264 109 249 5624 91 9465 1128 632 835 282 646 282 1524 3089 131 1627 406 3338 3309 199 1697 140 2694 1183 292 280 1684 826 236 562 826 3944 1386 211 150 563 1718 1717 558 541 260 983 169 261 87 567 593 841 2457 492 565 3556 1050 45 733
internal_value=0.021632 2.36554 1.17316 -1.76127 2.09311 6.84287 1.33625 4.0069 6.06098 7.28421 -2.28687 0.195196 -1.86967 -1.3539 -2.04507 5.56295 0.450509 -2.78509 0.359831 10.6977 -0.304498 0.565012 3.42175 10.9579 0.262664 1.01455 -0.723763 1.82219 -1.0773 -1.36707 -0.659446 13.0688 15.1767 -2.32456 6.91525 8.15663 13.8586 3.58026 0.0383364 2.87248 -1.85211 2.87331 2.7184 3.11878 3.88906 4.88753 0.749072 7.31088 2.00615 4.02448 -1.73599 1.90604 1.33869 2.80599 -1.54258 -1.74453 -1.58786 0.393488 -1.98753 2.84611 3.76805 3.56104
internal_weight=89559 38692 30569 50867 22443 8123 16075 6368 6847 4602 40087 10780 29389 18785 12553 3719 10212 10604 1139 2335 9092 5655 1758 1276 9930 6592 3897 2649 3698 8126 5432 870 572 11921 2455 1620 811 2245 6232 1688 857 5863 5713 5150 3435 794 2707 369 1524 309 3437 348 2288 1160 3389 3298 6297 1057 5240 1876 2267 2222
internal_count=89559 38692 30569 50867 22443 8123 16075 6368 6847 4602 40087 10780 29389 18785 12553 3719 10212 10604 1139 2335 9092 5655 1758 1276 9930 6592 3897 2649 3698 8126 5432 870 572 11921 2455 1620 811 2245 6232 1688 857 5863 5713 5150 3435 794 2707 369 1524 309 3437 348 2288 1160 3389 3298 6297 1057 5240 1876 2267 2222
cat_boundaries=0 5 10 15 17 22 27 29 34 37 42 47 52 57 62 66
cat_threshold=1696449196 71630865 134218240 209715461 262720 1024 2452109056 908787722 2169766432 8429600 1696154540 675545169 134235200 1348 262720 538443784 262144 42080512 671088706 12606484 536994890 1065236 268435456 2452116608 858390538 3272868512 8429600 524296 262161 2149588992 1073758220 3242492161 1378502658 2819080 0 536870912 134217728 46141776 143656994 8388752 539599944 1437 4 4194320 0 142606337 262208 2191955968 68222978 12585476 411262979 1067280 0 2150106112 838860808 22020096 8421408 2158401600 75563008 1082397204 276824064 2311174 1074053152 71368704 134217728 209715200
is_linear=0
shrinkage=0.05


Tree=29
num_leaves=63
num_cat=12
split_feature=1 7 7 7 4 7 4 7 7 4 4 7 4 4 7 4 4 4 1 1 1 1 4 7 7 0 4 3 7 4 1 1 1 1 1 1 1 0 4 4 7 1 1 4 1 1 8 0 4 0 10 4 4 4 4 4 8 1 10 3 0 4
split_gain=1.35136e+08 7.46624e+07 2.61259e+07 1.90269e+07 1.17091e+07 9.30783e+06 8.08147e+06 7.13859e+06 7.04466e+06 5.62494e+06 8.0664e+06 8.00118e+06 5.77464e+06 5.4052e+06 5.2536e+06 4.36969e+06 4.2543e+06 5.57073e+06 4.18865e+06 1.10847e+07 3.94771e+06 7.38203e+06 3.9365e+06 3.76636e+06 3.4696e+06 3.36253e+06 3.19378e+06 4.70444e+06 3.10324e+06 2.58029e+06 2.50776e+06 7.15889e+06 2.50432e+06 6.82334e+06 2.46545e+06 2.4031e+06 3.06208e+06 2.35826e+06 2.28765e+06 2.35808e+06 2.24457e+06 2.17812e+06 2.08646e+06 2.07672e+06 2.07147e+06 5.70907e+06 2.00236e+06 1.88461e+06 1.86702e+06 1.84604e+06 1.81838e+06 1.81747e+06 1.81658e+06 1.81182e+06 2.05187e+06 1.79417e+06 1.78762e+06 1.78493e+06 1.71289e+06 1.77854e+06 1.67427e+06 1.67011e+06
threshold=3.5000000000000004 0 1 2 14.500000000000002 3 6.5000000000000009 4 5 33.500000000000007 21.500000000000004 6 1.5000000000000002 15.500000000000002 7 51.500000000000007 7.5000000000000009 15.500000000000002 4.5000000000000009 5.5000000000000009 5.5000000000000009 4.5000000000000009 6.5000000000000009 8 9 0.043307086500000008 50.500000000000007 25.500000000000004 10 1.5000000000000002 5.5000000000000009 4.5000000000000009 4.5000000000000009 5.5000000000000009 1.5000000000000002 1.5000000000000002 2.5000000000000004 0.035433074500000009 13.500000000000002 6.5000000000000009 11 2.5000000000000004 1.5000000000000002 8.5000000000000018 4.5000000000000009 5.5000000000000009 1.0000000180025095e-35 0.47637799400000008 8.5000000000000018 0.13385827050000002 3.5000000000000004 21.500000000000004 10.500000000000002 33.500000000000007 21.500000000000004 1.5000000000000002 1.0000000180025095e-35 2.5000000000000004 1.5000000000000002 23.500000000000004 0.21653544150000001 12.500000000000002
decision_type=2 9 9 9 2 9 2 9 9 2 2 9 2 2 9 2 2 2 2 2 2 2 2 9 9 2 2 2 9 2 2 2 2 2 2 2 2 2 2 2 9 2 2 2 2 2 2 2 2 2 2 2 2 2 2 2 2 2 2 2 2 2
left_child=3 5 28 9 6 13 23 25 29 10 12 42 -1 22 -8 20 -14 40 -7 37 21 58 -2 -4 -10 -6 -11 -28 -3 -5 31 50 -16 61 -13 46 -37 -20 39 -30 48 -36 -12 -35 -25 -46 -31 -24 -18 -23 -15 -48 56 54 55 -26 -42 -44 59 -9 -33 -34
right_child=1 2 4 8 7 18 14 15 24 26 11 34 16 30 32 -17 17 -19 19 -21 -22 49 47 44 53 -27 27 -29 38 35 -32 60 33 43 41 36 -38 -39 -40 -41 52 -43 57 -45 45 -47 51 -49 -50 -51 -52 -53 -54 -55 -56 -57 -58 -59 -60 -61 -62 -63
leaf_value=7.8267977986101931 7.7446274431336803 -3.3535113428173773 -1.3927967205236387 4.5068753332119753 1.9181445026851027 3.0129931709053568 2.6311230661699803 -0.97003762189513942 -1.8550379685046658 -1.8253571096363661 7.1106933925625331 0.54105385195418854 -2.9010025797594525 9.6051364223714568 4.4600443462650157 6.6912396598104911 14.210794121889823 -2.0803001614500487 7.6793050138787926 3.1348271157559338 -1.0987422378549856 2.1057235687561611 13.168153917569775 0.39576032968863661 0.28596533166487531 4.5787351033773183 -0.20713675095038525 12.337377331403625 -1.3435192581787829 -2.2155646917951843 4.9006285427595904 10.89035255137847 12.232049086018918 8.4476204992198998 6.1790951922835511 0.78061047507592063 -1.6341778527178752 11.71085432745784 -1.4042991610046742 2.3246236082287068 -1.5785186243631903 1.6774076263534714 20.646087479139254 2.8495345022996283 7.2046634412828698 0.64541861025862479 6.6233042596778109 22.004596420601782 4.4106758080618569 5.094656341539177 3.7268170560721581 -0.76554779247664195 3.0249463108331711 -3.6414733146358937 -1.7170113010792685 -3.2738253031959523 7.4515839006623743 9.6166744381577516 -0.93246130451413967 8.9403561323395788 17.392000253335791 6.8641471189491812
leaf_weight=213 394 1508 718 203 4205 1616 1271 89 10758 3468 148 1050 1373 169 832 275 60 1233 1122 1582 3335 2645 550 592 372 1655 304 99 789 4865 754 626 639 236 542 2626 2625 537 4864 985 532 533 79 556 669 658 120 68 255 642 594 271 778 6821 4117 7292 61 69 3119 92 118 188
leaf_count=213 394 1508 718 203 4205 1616 1271 89 10758 3468 148 1050 1373 169 832 275 60 1233 1122 1582 3335 2645 550 592 372 1655 304 99 789 4865 754 626 639 236 542 2626 2625 537 4864 985 532 533 79 556 669 658 120 68 255 642 594 271 778 6821 4117 7292 61 69 3119 92 118 188
internal_value=0.0208191 2.24776 1.11323 -1.6731 1.99436 6.50319 3.81113 1.27609 -2.17478 0.190574 1.04394 3.37153 -0.20696 8.5897 5.31144 0.474768 -0.605827 0.473808 5.08224 6.12954 0.302884 1.01253 11.6535 1.69339 -2.57574 2.66508 -1.33576 2.8768 -1.3109 -1.07421 7.25592 8.43394 6.66327 7.83631 2.2538 -1.1831 -0.426561 8.9849 -0.842472 0.693203 2.34168 3.94746 10.9465 4.51851 2.84056 3.95252 -1.93889 14.1439 6.08809 2.68965 5.02992 1.50323 1.42573 -2.99131 -2.61739 -3.10104 -0.648513 15.514 -0.657999 4.06942 11.9237 11.0128
internal_weight=89559 38692 30562 50867 22416 8130 6359 16057 40070 10797 6926 2421 4505 3273 3722 10197 4292 2919 4857 3241 9922 6587 1012 2637 29360 5860 3871 403 8146 10710 2261 1507 2451 1619 2125 10507 5251 1659 6638 1774 1686 1075 296 792 1919 1327 5256 618 315 3287 763 391 1371 18602 11781 7664 593 148 3300 181 744 827
internal_count=89559 38692 30562 50867 22416 8130 6359 16057 40070 10797 6926 2421 4505 3273 3722 10197 4292 2919 4857 3241 9922 6587 1012 2637 29360 5860 3871 403 8146 10710 2261 1507 2451 1619 2125 10507 5251 1659 6638 1774 1686 1075 296 792 1919 1327 5256 618 315 3287 763 391 1371 18602 11781 7664 593 148 3300 181 744 827
cat_boundaries=0 5 10 15 19 24 29 32 37 42 47 50 52
cat_threshold=1696187052 4522003 134234624 201326853 262976 1024 2435331072 859504650 1096024736 8429600 1729708940 542441489 146818064 260 262720 1679295112 262161 0 260 42342656 738197568 12586004 545383498 1067028 2158139488 1283457090 1073742404 679552073 16658 524288 537133056 134217728 2149588992 1107313164 3292823809 304760834 2818056 2415929346 1610793736 2214633760 2147614738 2097152 138674194 165920 276608 335728658 1772685 0 2150106112 268435464 17301512 262161
is_linear=0
shrinkage=0.05


Tree=30
num_leaves=63
num_cat=13
split_feature=1 7 7 7 4 7 4 7 7 7 1 1 10 1 4 1 1 4 4 1 1 1 7 7 4 7 7 10 4 4 4 4 1 1 10 10 1 1 1 1 7 8 7 4 2 8 4 3 10 1 1 4 1 1 10 10 8 2 1 1 8 4
split_gain=1.22674e+08 6.79822e+07 2.33081e+07 1.76405e+07 1.31461e+07 8.61783e+06 8.60943e+06 6.68544e+06 6.15923e+06 6.05926e+06 5.53888e+06 1.6084e+07 5.28503e+06 4.17087e+06 4.14601e+06 3.86378e+06 1.00003e+07 3.77621e+06 3.74622e+06 3.73137e+06 3.44848e+06 4.5405e+06 3.25439e+06 2.93204e+06 2.88229e+06 2.85579e+06 2.84212e+06 2.71718e+06 3.57833e+06 2.79035e+06 2.84195e+06 2.56296e+06 2.53223e+06 3.61724e+06 2.43258e+06 2.43097e+06 3.14257e+06 3.2982e+06 2.38183e+06 2.72876e+06 2.3711e+06 2.19284e+06 2.16183e+06 2.13454e+06 3.3108e+06 2.74774e+06 2.17605e+06 3.73734e+06 2.122e+06 2.11947e+06 4.93804e+06 2.06666e+06 1.99123e+06 3.82928e+06 1.88974e+06 2.09319e+06 1.87248e+06 1.85079e+06 1.84284e+06 2.99023e+06 1.64267e+06 1.61691e+06
threshold=3.5000000000000004 0 1 2 14.500000000000002 3 6.5000000000000009 4 5 6 4.5000000000000009 5.5000000000000009 2.5000000000000004 1.5000000000000002 51.500000000000007 5.5000000000000009 4.5000000000000009 12.500000000000002 35.500000000000007 2.5000000000000004 1.5000000000000002 2.5000000000000004 7 8 50.500000000000007 9 10 1.5000000000000002 51.500000000000007 33.500000000000007 24.500000000000004 6.5000000000000009 5.5000000000000009 4.5000000000000009 1.5000000000000002 26.500000000000004 4.5000000000000009 5.5000000000000009 4.5000000000000009 5.5000000000000009 11 1.0000000180025095e-35 12 33.500000000000007 5.5000000000000009 1.0000000180025095e-35 50.500000000000007 25.500000000000004 19.500000000000004 4.5000000000000009 5.5000000000000009 34.500000000000007 5.5000000000000009 4.5000000000000009 2.5000000000000004 24.500000000000004 1.0000000180025095e-35 11.500000000000002 5.5000000000000009 4.5000000000000009 1.0000000180025095e-35 35.500000000000007
decision_type=2 9 9 9 2 9 2 9 9 9 2 2 2 2 2 2 2 2 2 2 2 2 9 9 2 9 9 2 2 2 2 2 2 2 2 2 2 2 2 2 9 2 9 2 2 2 2 2 2 2 2 2 2 2 2 2 2 2 2 2 2 2
left_child=3 5 26 12 6 18 25 32 43 52 54 17 40 -14 15 16 34 22 38 23 41 27 -12 -15 42 -4 -3 57 29 30 -29 -24 33 -6 -9 36 -11 -38 -2 -40 -1 -10 -18 44 45 -5 -45 -48 -25 -27 -51 -36 53 -8 -7 -56 -19 -22 59 -28 -35 -13
right_child=1 2 4 8 7 10 9 14 20 35 11 61 13 19 -16 -17 24 56 -20 -21 21 -23 31 48 -26 49 58 28 -30 -31 -32 -33 -34 60 51 -37 37 -39 39 -41 -42 -43 -44 46 -46 -47 47 -49 -50 50 -52 -53 -54 -55 55 -57 -58 -59 -60 -61 -62 -63
leaf_value=5.690142811830726 8.3054752712782243 -3.3832583978171118 -0.54570764036160502 -1.5725612400647908 -1.0159913623248842 8.8775810514427214 6.6158874043321578 6.1087690179755567 -3.1724363233787791 2.3935353387029075 6.7567473869375041 4.4182336902880293 -1.4240933594896887 9.3534076852266743 8.2460220649868123 0.33737583101888668 7.1814829240574447 8.0324860314362123 6.0841023119094517 -0.5844604226821245 3.8086291836082049 -2.7949856880043753 11.939903308575287 0.79412571261653753 -4.5789485957127081 0.28741904577798355 -1.5279328167452062 -1.3764687329786187 10.025778343829337 -2.8157860237947951 1.5946678136046044 20.200437993020177 -1.6932350485067922 1.8626105326493556 1.3295424182623494 2.1941004823199717 9.32439333681317 3.6659979171087276 17.189865900387499 10.272346688512831 1.558420386321979 -0.86721185710087401 3.9050891063391968 -2.3967187601061544 1.0303279864877222 4.0204300044574355 -1.3046137235099726 9.6314415146821304 4.4728959346631134 7.263170370412718 0.82688923977281559 -1.2481846220324719 5.6193894923080592 14.196111885641969 2.3801172279502518 6.6246432683166319 22.077765987918582 -4.7580395867145659 -1.9847376495129965 1.0316569652948735 14.491585681082189 1.5801247788254396
leaf_weight=464 299 1289 952 4414 1941 150 335 183 13512 596 213 1583 4282 128 251 3281 683 1708 401 2448 423 7317 186 1466 87 543 2281 3446 69 2326 1050 191 1953 1928 1744 1022 610 446 293 279 1407 1117 2509 3492 2285 231 313 104 535 598 594 1403 326 332 1782 347 24 74 2294 2283 26 735
leaf_count=464 299 1289 952 4414 1941 150 335 183 13512 596 213 1583 4282 128 251 3281 683 1708 401 2448 423 7317 186 1466 87 543 2281 3446 69 2326 1050 191 1953 1928 1744 1022 610 446 293 279 1407 1117 2509 3492 2285 231 313 104 535 598 594 1403 326 332 1782 347 24 74 2294 2283 26 735
internal_value=0.0184992 2.14103 1.05297 -1.5944 1.88761 6.1823 3.81235 1.12388 -2.07517 5.3878 5.46561 6.46499 0.20732 -0.302457 1.89926 1.74002 2.43634 9.4062 10.0069 0.746894 -2.45205 -1.91214 12.8618 2.27769 4.39632 1.66218 -1.23553 -1.03776 -1.29528 -1.40993 -0.682566 15.7125 -0.223565 0.512795 0.506304 4.09583 5.2969 6.93516 11.9269 13.8182 2.62206 -2.99643 4.64108 -1.05385 -0.527829 -1.29434 -1.98906 1.42449 1.76904 2.86027 4.05617 0.180332 8.73692 10.3905 3.45468 3.0722 8.22838 2.5324 -0.827475 -0.247581 2.03139 3.51842
internal_weight=89584 38681 30490 50903 22343 8191 6354 15989 40173 3667 6919 4640 10730 8859 10141 9890 6609 2322 1272 4577 29334 14705 590 2129 3279 2687 8147 7388 6891 6822 4496 377 5848 3895 3330 2674 1652 1056 871 572 1871 14629 3192 10839 6930 4645 3909 417 2001 1735 1192 3147 993 667 2279 2129 1732 497 6858 4564 1954 2318
internal_count=89584 38681 30490 50903 22343 8191 6354 15989 40173 3667 6919 4640 10730 8859 10141 9890 6609 2322 1272 4577 29334 14705 590 2129 3279 2687 8147 7388 6891 6822 4496 377 5848 3895 3330 2674 1652 1056 871 572 1871 14629 3192 10839 6930 4645 3909 417 2001 1735 1192 3147 993 667 2279 2129 1732 497 6858 4564 1954 2318
cat_boundaries=0 5 10 15 17 22 27 32 37 39 44 47 49 54
cat_threshold=1729696492 327699 134234624 142614789 262720 1024 3223861000 3054043146 22284960 8429600 1704559244 538181713 146817024 325 279360 538443784 262144 272629760 318916740 20095393 3257532432 2232449 33968480 1287716866 1073747536 679568386 131092 13025296 617611264 1108 604012624 273 33554948 0 134234112 142606337 262208 524288 262144 2416060418 855787652 1092781344 3254910978 2117632 0 2150106112 8 9011328 537133057 409600 541065280 2048 67207176 16
is_linear=0
shrinkage=0.05


Tree=31
num_leaves=63
num_cat=16
split_feature=5 7 7 7 7 4 4 4 4 4 7 4 4 4 4 3 4 4 7 0 7 4 3 7 6 7 10 7 3 9 3 8 0 0 0 10 4 7 7 10 7 7 0 9 7 3 8 8 7 3 3 8 4 3 3 8 3 10 10 8 6 4
split_gain=1.02472e+08 5.1637e+07 2.77963e+07 1.83996e+07 9.91737e+06 9.74879e+06 7.54418e+06 7.1689e+06 6.88371e+06 9.03895e+06 1.02713e+07 6.6309e+06 5.81196e+06 5.55266e+06 5.50896e+06 7.75648e+06 5.06352e+06 6.20583e+06 4.87529e+06 4.53808e+06 4.46077e+06 4.04831e+06 5.35749e+06 3.69582e+06 3.2226e+06 3.04424e+06 3.09411e+06 4.83866e+06 4.24987e+06 2.99977e+06 3.0396e+06 3.88947e+06 2.91892e+06 2.87805e+06 2.80265e+06 2.79877e+06 4.17593e+06 2.79738e+06 2.69781e+06 2.44033e+06 2.42188e+06 2.39224e+06 2.31422e+06 2.17286e+06 2.15188e+06 2.14555e+06 4.2309e+06 2.07991e+06 1.97169e+06 1.94403e+06 2.79198e+06 1.9418e+06 1.90282e+06 1.87117e+06 1.86563e+06 1.66366e+06 1.64471e+06 1.86375e+06 1.60936e+06 1.56298e+06 1.67248e+06 1.55344e+06
threshold=1.0000000180025095e-35 0 1 2 3 13.500000000000002 12.500000000000002 6.5000000000000009 32.500000000000007 21.500000000000004 4 6.5000000000000009 1.5000000000000002 34.500000000000007 51.500000000000007 25.500000000000004 6.5000000000000009 15.500000000000002 5 0.098425202500000017 6 50.500000000000007 25.500000000000004 7 3.5000000000000004 8 4.5000000000000009 9 20.500000000000004 1.0000000180025095e-35 23.500000000000004 1.0000000180025095e-35 0.24803149700000002 0.078740161000000017 0.031496065000000011 17.500000000000004 11.500000000000002 10 11 31.500000000000004 12 13 0.24803149700000002 1.0000000180025095e-35 14 21.500000000000004 1.0000000180025095e-35 1.0000000180025095e-35 15 17.500000000000004 18.500000000000004 1.0000000180025095e-35 12.500000000000002 12.500000000000002 29.500000000000004 1.0000000180025095e-35 12.500000000000002 15.500000000000002 19.500000000000004 1.0000000180025095e-35 2.5000000000000004 14.500000000000002
decision_type=2 9 9 9 9 2 2 2 2 2 9 2 2 2 2 2 2 2 9 2 9 2 2 9 2 9 2 9 2 2 2 2 2 2 2 2 2 9 9 2 9 9 2 2 9 2 2 2 9 2 2 2 2 2 2 2 2 2 2 2 2 2
left_child=2 6 8 48 -4 11 7 56 9 12 32 37 -1 19 29 -16 -14 25 42 38 24 43 -23 58 -8 26 27 28 -18 -15 -31 -32 -11 -22 55 -28 53 -5 -6 51 -21 -12 -7 -10 -38 47 -47 -45 -3 -9 -51 -27 -50 -37 -25 -20 57 -2 -13 60 -40 -41
right_child=1 3 4 5 13 18 20 49 21 10 41 23 16 14 15 -17 17 -19 34 40 33 22 -24 54 -26 39 35 -29 -30 30 31 -33 -34 -35 -36 36 44 -39 59 61 -42 -43 -44 45 -46 46 -48 -49 52 50 -52 -53 -54 -55 -56 -57 -58 -59 -60 -61 -62 -63
leaf_value=8.0731827710666462 3.6391418880360917 -3.8968461265339749 -2.7624145294714029 -0.30685955113055313 -0.31575132028480934 2.5788606691487206 11.833111897943246 10.959194010603678 -1.3316572987909268 10.138907335206394 5.0897861429781717 11.446279513433002 -2.3577077334703005 -2.5540387632764192 -4.0038826087398851 6.5890754954393573 10.256164716578512 -1.2729926322075091 0.063225357586167291 2.133851129071362 4.1980166552068932 0.44967072274212366 11.784032929324523 5.2992915413074817 4.9416737117004708 -0.38519539340380426 -0.66447768179874644 1.5211504516634997 30.387962775219837 -1.2844560841780959 8.0205903504701634 -5.5101373145516588 21.653591218603868 7.5226983306901936 2.2844744073552956 4.8378950054628138 8.4272486318053552 3.7789121030538291 -1.9920943582078399 6.3851935417959105 -0.1643740380707428 1.7513752203803581 6.1232712235918534 -4.1396816254578521 0.22074362136097392 13.024329486352109 -4.4902177446405629 4.2211221261918652 1.0431415531550199 24.489398752943558 13.916316168815548 10.100241758246096 -1.225257128633042 17.880783843384631 -1.9591300384228665 11.485573525592173 9.5890859558821369 16.761636716639462 6.8141364004741725 1.2874869256693773 -0.54885226430536693 0.41152791190692856
leaf_weight=255 388 512 13401 656 7066 3428 508 338 4089 290 852 423 1308 10647 293 421 63 1552 4613 1667 2456 358 147 1290 255 1046 263 104 45 999 210 71 68 886 2274 41 111 1167 8889 316 3624 1528 532 156 248 102 52 142 1230 80 288 46 3721 84 95 32 266 29 338 466 2593 166
leaf_count=255 388 512 13401 656 7066 3428 508 338 4089 290 852 423 1308 10647 293 421 63 1552 4613 1667 2456 358 147 1290 255 1046 263 104 45 999 210 71 68 886 2274 41 111 1167 8889 316 3624 1528 532 156 248 102 52 142 1230 80 288 46 3721 84 95 32 266 29 338 466 2593 166
internal_value=0.0177583 2.6763 -1.05789 1.50998 -1.59685 2.42259 6.97256 10.1706 0.962777 1.84151 4.19912 4.54532 0.69855 -1.17345 -2.02371 2.24215 0.349707 1.21665 1.65035 -0.731699 5.9072 -0.4957 3.75067 6.42891 9.40762 2.74207 4.94949 10.3311 17.0844 -2.2791 0.0078472 4.60103 11.9965 5.06447 0.845057 3.48723 5.7429 2.32777 -1.0921 1.35685 0.56346 2.96293 3.04748 -0.968008 3.00061 2.32129 7.11122 -0.155578 -0.970324 13.7037 16.2209 0.0573787 -0.660364 13.61 4.7669 0.142162 6.51703 4.55555 9.2683 -1.54967 -1.66617 4.3284
internal_weight=89584 25805 63779 20311 50347 14848 5494 1389 13432 8386 2738 3969 5648 36946 12641 714 5393 4085 10879 24305 4105 5046 505 2146 763 2533 959 212 108 11927 1280 281 358 3342 6919 747 484 1823 19014 1574 5291 2380 3960 4541 359 452 154 298 5463 706 368 1092 4951 125 1385 4645 683 417 761 11948 11482 482
internal_count=89584 25805 63779 20311 50347 14848 5494 1389 13432 8386 2738 3969 5648 36946 12641 714 5393 4085 10879 24305 4105 5046 505 2146 763 2533 959 212 108 11927 1280 281 358 3342 6919 747 484 1823 19014 1574 5291 2380 3960 4541 359 452 154 298 5463 706 368 1092 4951 125 1385 4645 683 417 761 11948 11482 482
cat_boundaries=0 5 10 15 20 23 28 32 37 42 47 52 57 62 67 69 72
cat_threshold=1696191212 4456467 512 75497805 262720 1738113708 537133137 142623232 8453 262976 1024 3223876620 841023498 3243510304 8433696 268435456 2150119168 3070984202 1128530592 8396832 524288 537133056 134217728 44435712 671154240 138434644 939635714 1049872 538443784 262144 0 256 314966290 76613632 139477076 537436176 18708 1636335624 262161 0 256 512 8945664 17 0 0 512 2416058370 553782208 1276040545 33570946 2097152 2149734464 1288765442 1077941332 478168064 1196036 2151829760 213942272 265300 679542848 3164178 1611661452 1 0 257 262144 524296 262160 0 2147484672 8
is_linear=0
shrinkage=0.05


Tree=32
num_leaves=63
num_cat=16
split_feature=1 7 7 7 1 1 4 7 7 7 4 4 4 4 7 8 4 4 8 7 7 4 3 4 0 4 4 4 1 1 4 3 4 4 7 4 7 10 7 4 0 1 1 1 1 4 7 10 7 4 1 1 9 4 4 3 4 3 8 4 7 7
split_gain=1.02658e+08 5.65868e+07 1.93538e+07 1.44138e+07 1.19084e+07 2.28503e+07 9.29084e+06 7.27373e+06 5.34294e+06 5.25522e+06 4.67473e+06 5.0066e+06 4.48271e+06 5.47305e+06 6.54633e+06 5.66809e+06 4.06036e+06 5.26374e+06 5.26914e+06 4.01475e+06 3.81512e+06 3.67714e+06 4.88228e+06 3.56404e+06 3.13923e+06 3.06065e+06 3.02782e+06 4.40435e+06 2.92961e+06 3.27354e+06 2.842e+06 4.19551e+06 2.81821e+06 3.15229e+06 2.72506e+06 2.72045e+06 3.83844e+06 1.30254e+07 3.6028e+06 2.62799e+06 2.4874e+06 2.43952e+06 2.89227e+06 2.35539e+06 4.26029e+06 2.29678e+06 2.91888e+06 8.08122e+06 2.50598e+06 4.20875e+06 2.20219e+06 2.8191e+06 2.18513e+06 2.82509e+06 2.56389e+06 2.2389e+06 2.10135e+06 2.09992e+06 2.07568e+06 2.07049e+06 2.04388e+06 2.01699e+06
threshold=3.5000000000000004 0 1 2 5.5000000000000009 4.5000000000000009 18.500000000000004 3 4 5 14.500000000000002 6.5000000000000009 35.500000000000007 23.500000000000004 6 1.0000000180025095e-35 33.500000000000007 23.500000000000004 1.0000000180025095e-35 7 8 50.500000000000007 25.500000000000004 35.500000000000007 0.074803147500000014 1.5000000000000002 6.5000000000000009 14.500000000000002 5.5000000000000009 4.5000000000000009 50.500000000000007 25.500000000000004 1.5000000000000002 6.5000000000000009 9 10.500000000000002 10 3.5000000000000004 11 15.500000000000002 1.0000000180025095e-35 1.5000000000000002 2.5000000000000004 5.5000000000000009 4.5000000000000009 10.500000000000002 12 3.5000000000000004 13 11.500000000000002 4.5000000000000009 5.5000000000000009 1.0000000180025095e-35 34.500000000000007 51.500000000000007 23.500000000000004 13.500000000000002 23.500000000000004 1.0000000180025095e-35 32.500000000000007 14 15
decision_type=2 9 9 9 2 2 2 9 9 9 2 2 2 2 9 2 2 2 2 9 9 2 2 2 2 2 2 2 2 2 2 2 2 2 9 2 9 2 9 2 2 2 2 2 2 2 9 2 9 2 2 2 2 2 2 2 2 2 2 2 9 9
left_child=3 7 28 12 5 52 9 23 -5 -7 11 -9 13 15 59 32 17 18 25 -8 -6 -18 57 40 43 -10 -27 35 29 -3 -14 -32 -1 -34 -13 36 37 -28 -37 45 -2 -19 60 44 -12 46 47 -35 49 -47 -42 -52 53 -4 -55 -54 -50 -23 -21 -15 -43 -51
right_child=1 2 4 8 20 6 19 10 16 -11 24 34 30 14 -16 -17 21 41 -20 58 -22 22 -24 -25 -26 26 27 -29 -30 -31 31 -33 33 39 -36 38 -38 -39 -40 -41 50 42 -44 -45 -46 48 -48 -49 56 61 51 -53 55 54 -56 -57 -58 -59 -60 -61 -62 -63
leaf_value=6.085399816584693 7.6844310678167922 -1.6778092728768248 1.0975802927140377 -2.8565318509328899 1.5967900670033659 10.486455174425295 5.6740965961976482 3.8949682827791103 2.2572115958379348 5.3895072842315068 1.9844935735186384 11.898691404107346 -1.8370685649715455 12.267735700819484 1.7912210988918114 7.6326863291110314 -2.6477958199691298 -0.87714816483186275 2.7925396025889619 2.1665058180848438 -0.76288841540771546 -0.035590332084857575 6.1775707127403408 5.233781774370045 6.1903914095986359 -3.4615501212755477 20.088702615941571 -2.6247644085998374 -2.4614186845155217 0.7776978674679661 -0.30380099588615117 11.439684809563069 -3.1888392466532758 20.811536972994563 6.3027642562114554 -2.0362366791137667 -2.3411288244302049 -2.2406128090946482 2.3264878861556766 -1.4792164933994094 8.0395140160471978 5.6676313960587272 -0.38058440452462433 1.3589707286768276 6.3458399171655095 16.412134429930028 -2.0357914133143007 -0.83536978225725622 -1.5506385984653051 -1.5790889431763584 18.050922007791758 9.9376153676713965 0.55838848692230703 -1.4468839048397211 5.4385993477869663 9.3471097965260768 4.3718592888968173 -5.7125938430326499 12.416291279136063 2.8709945463727311 1.5066753585446007 6.9033193562948671
leaf_weight=159 584 2715 4824 10631 2669 734 1193 765 436 1979 1127 518 3056 228 2072 227 9513 2662 639 3530 4740 635 274 559 1197 2768 87 4933 2717 2714 307 101 984 57 546 707 2206 261 1388 1615 214 432 1384 1139 1113 81 728 176 353 119 229 202 149 2189 144 141 260 219 50 79 967 159
leaf_count=159 584 2715 4824 10631 2669 734 1193 765 436 1979 1127 518 3056 228 2072 227 9513 2662 639 3530 4740 635 274 559 1197 2768 87 4933 2717 2714 307 101 984 57 546 707 2206 261 1388 1615 214 432 1384 1139 1113 81 728 176 353 119 229 202 149 2189 144 141 260 219 50 79 967 159
internal_value=0.0169737 1.95863 0.965788 -1.45849 1.72634 2.5402 4.49096 5.64511 -1.89386 6.82734 4.83664 6.98087 0.1672 0.870475 2.83926 -0.0819273 -1.54621 -1.1063 -1.63813 3.16284 0.0882913 -2.32774 0.371447 8.49776 3.99004 -1.85958 -2.00494 -1.58412 -1.11973 -0.450289 -1.31376 2.60537 -0.455397 -0.685004 9.19901 -0.479877 -1.5753 3.25244 0.855555 0.00947692 10.0509 0.204956 1.24001 3.21041 4.15173 1.25328 -0.480062 4.28311 2.96688 6.21651 12.1921 14.2516 0.579193 0.406752 -1.02167 4.83329 0.946213 -1.49191 2.30357 9.54075 2.84314 3.46453
internal_weight=89584 38681 30488 50903 22342 14933 7486 8193 40142 2713 6405 1829 10761 7297 2379 4918 29511 18870 13425 4773 7409 10641 1128 1788 4576 12786 12350 9582 8146 5429 3464 408 4691 4532 1064 4649 2554 348 2095 3548 1229 5445 2783 3379 2240 1933 961 233 972 359 645 431 7447 7157 2333 290 613 854 3580 307 1399 278
internal_count=89584 38681 30488 50903 22342 14933 7486 8193 40142 2713 6405 1829 10761 7297 2379 4918 29511 18870 13425 4773 7409 10641 1128 1788 4576 12786 12350 9582 8146 5429 3464 408 4691 4532 1064 4649 2554 348 2095 3548 1229 5445 2783 3379 2240 1933 961 233 972 359 645 431 7447 7157 2333 290 613 854 3580 307 1399 278
cat_boundaries=0 5 10 15 19 24 29 32 37 42 47 52 57 62 66 71 75
cat_threshold=1738080940 67436563 134234624 142614789 262720 1024 2150119176 907739146 22284960 8429600 1696105164 550764625 138428480 324 279360 538443912 262144 0 256 1024 2183689224 3072393226 3238265504 10498080 4640849 542115872 16 69304392 2065 0 537133057 134217728 2512912 541067328 2064 604078152 1048848 2147647808 143818752 12586068 537089114 17670 1157693472 67174417 512 4 512 8388864 16809984 8212 604110848 131074 411369474 16810112 557333 573184010 690186 557120 8388625 64 0 16384 1627914312 538181696 134217728 256 2191880192 268501250 8391168 415319042 1114128 1627389952 64 0 256
is_linear=0
shrinkage=0.05


Tree=33
num_leaves=63
num_cat=16
split_feature=1 7 7 7 7 0 1 1 4 7 4 7 10 1 1 4 4 4 1 1 7 10 1 1 0 7 0 0 0 7 7 4 2 7 4 7 2 1 1 10 7 4 4 3 4 10 7 1 1 4 4 1 8 1 1 1 7 2 10 7 3 10
split_gain=9.26749e+07 5.11883e+07 1.76746e+07 1.32305e+07 9.10007e+06 7.39071e+06 7.32376e+06 1.13994e+07 6.58256e+06 6.45819e+06 5.30387e+06 5.14681e+06 5.10205e+06 4.29261e+06 4.29176e+06 4.221e+06 4.1791e+06 3.98921e+06 3.78938e+06 9.3187e+06 3.48132e+06 3.44204e+06 3.37028e+06 3.96396e+06 3.30765e+06 3.21626e+06 2.82571e+06 2.3548e+06 2.29414e+06 2.27826e+06 2.23515e+06 2.14984e+06 2.55888e+06 2.09705e+06 2.56108e+06 2.22386e+06 5.39282e+06 1.98415e+06 4.34801e+06 1.94187e+06 1.93225e+06 1.89924e+06 1.855e+06 2.0344e+06 1.83947e+06 1.73829e+06 1.70027e+06 1.66569e+06 2.86502e+06 1.65096e+06 2.99976e+06 1.64135e+06 1.60937e+06 1.59956e+06 2.6398e+06 1.5946e+06 1.56105e+06 1.49715e+06 2.38794e+06 1.47202e+06 1.45481e+06 1.45427e+06
threshold=3.5000000000000004 0 1 2 3 0.086614173000000017 5.5000000000000009 4.5000000000000009 14.500000000000002 4 12.500000000000002 5 2.5000000000000004 1.5000000000000002 2.5000000000000004 51.500000000000007 6.5000000000000009 3.5000000000000004 5.5000000000000009 4.5000000000000009 6 19.500000000000004 1.5000000000000002 2.5000000000000004 0.24803149700000002 7 0.10236219700000002 0.16929133950000003 0.08267716700000001 8 9 14.500000000000002 6.5000000000000009 10 21.500000000000004 11 1.5000000000000002 5.5000000000000009 4.5000000000000009 2.5000000000000004 12 51.500000000000007 12.500000000000002 15.500000000000002 2.5000000000000004 1.5000000000000002 13 5.5000000000000009 4.5000000000000009 33.500000000000007 10.500000000000002 4.5000000000000009 1.0000000180025095e-35 5.5000000000000009 4.5000000000000009 5.5000000000000009 14 11.500000000000002 2.5000000000000004 15 16.500000000000004 24.500000000000004
decision_type=2 9 9 9 9 2 2 2 2 9 2 9 2 2 2 2 2 2 2 2 9 2 2 2 2 9 2 2 2 9 9 2 2 9 2 9 2 2 2 2 9 2 2 2 2 2 9 2 2 2 2 2 2 2 2 2 9 2 2 9 2 2
left_child=3 5 8 22 59 11 7 61 16 -5 17 -2 26 -14 21 24 -3 -9 19 39 51 -15 -1 28 37 -19 33 40 -24 -21 -8 -23 -33 34 35 36 -11 38 45 -13 -12 -16 43 -31 -28 -10 47 48 -18 50 -30 -7 -37 54 -22 -53 -26 58 -20 -4 -27 -6
right_child=1 2 4 9 6 20 30 10 15 12 27 18 13 14 41 -17 46 25 57 29 53 31 23 -25 56 60 44 -29 49 42 -32 32 -34 -35 -36 52 -38 -39 -40 -41 -42 -43 -44 -45 -46 -47 -48 -49 -50 -51 -52 55 -54 -55 -56 -57 -58 -59 -60 -61 -62 -63
leaf_value=-0.15501208830978527 9.6648578239721363 2.6815363926417688 -4.2664458541164043 -2.716352081948064 -0.46382037641912338 7.8475280468108339 0.32048060901433217 0.65163065849081547 6.7810393985054622 -0.42099642520121483 0.26155352600530102 8.4725045346675891 -2.2065566283104472 -0.76226540120085273 -1.8558206772318462 10.5292001004709 6.7870340101135005 2.4241445387055305 6.8785065917110728 5.3848638621237193 5.0940557245688822 3.9795920204062187 3.4568956903290271 0.46948854137331991 7.4043927549730313 6.6383671933872792 8.2227948090597209 4.5698044901803545 2.8174935974680508 8.5196618555249923 -1.6329297231143762 -1.5634116060887671 3.1077048737204898 -1.1587544105329985 -0.33462262593934772 -0.37152611740070351 21.819986484819982 -0.090808971986230641 3.8740225719667678 2.1210114062715379 2.5797948226169898 5.7875492439345528 7.9666196229715514 17.196247180819423 1.5583864842406796 -0.14458685254189099 5.0301223601337322 5.442258716219639 15.041413592679454 2.9295989640302111 16.325818821992389 17.049888984218267 6.748331593444802 4.2271506117726112 10.397040194978953 10.417217644055686 2.6281732332854735 -1.8954599209928369 1.9465012180025658 -1.4632266358158714 10.793488489064138 1.7316000793546207
leaf_weight=2179 455 979 530 10628 5039 176 2701 328 96 53 1622 129 14358 5177 8125 142 211 330 295 888 458 681 859 1090 336 448 115 790 64 138 3188 677 517 3651 1008 234 56 1635 1634 1777 2036 82 767 133 1032 1584 710 209 210 82 115 182 120 465 482 182 419 190 1459 4042 399 887
leaf_count=2179 455 979 530 10628 5039 176 2701 328 96 53 1622 129 14358 5177 8125 142 211 330 295 888 458 681 859 1090 336 448 115 790 64 138 3188 677 517 3651 1008 234 56 1635 1634 1777 2036 82 767 133 1032 1584 710 209 210 82 115 182 120 465 482 182 419 190 1459 4042 399 887
internal_value=0.0164054 1.86124 0.918186 -1.38548 0.190093 5.37208 0.702103 1.41724 2.9076 -1.6329 2.96259 4.53862 -1.31135 -1.58601 -1.00209 2.01695 5.1652 5.52827 4.11079 5.03009 8.0694 -0.0974761 1.23754 2.6161 1.80486 6.88709 -0.0158783 2.09438 4.70499 7.48286 -0.739232 1.73799 0.459261 -0.518226 1.07211 4.15729 10.0902 1.33452 2.0377 2.55131 1.55966 -1.77938 9.1371 12.7827 2.22723 0.25154 6.97942 8.95318 10.907 8.80978 11.5003 11.6047 1.98708 6.58049 7.81407 13.7373 4.88732 2.31966 2.77635 -1.79687 8.49649 -0.135187
internal_weight=89584 38681 30505 50903 22340 8176 17768 11879 8165 46514 5953 6231 35886 29617 15259 5846 2319 1505 5776 3832 1945 7052 4389 2210 5704 1177 6269 4448 1120 1926 5889 1875 1194 5122 1471 463 109 4949 3314 1906 3658 8207 1038 271 1147 1680 1340 630 421 261 179 540 354 1405 940 364 755 1944 1754 4572 847 5926
internal_count=89584 38681 30505 50903 22340 8176 17768 11879 8165 46514 5953 6231 35886 29617 15259 5846 2319 1505 5776 3832 1945 7052 4389 2210 5704 1177 6269 4448 1120 1926 5889 1875 1194 5122 1471 463 109 4949 3314 1906 3658 8207 1038 271 1147 1680 1340 630 421 261 179 540 354 1405 940 364 755 1944 1754 4572 847 5926
cat_boundaries=0 5 10 15 20 25 26 31 36 41 46 51 55 60 65 70 72
cat_threshold=1738097324 327697 134234624 142614789 262976 2527552 751829058 12586068 604079176 3088 1074266760 537133073 134217728 256 262656 0 2150118400 838860810 21234176 8396832 1024 2183689224 3055616010 3242461856 10498048 524296 18415624 262145 0 256 256 2147491840 1073758720 2215383296 1198114 163848 42008580 0 134234112 142614529 262976 2554333201 1073922048 1141641473 269111314 1228814 582193492 343965698 12599888 603992068 384 8421440 75530240 16 536870912 268436480 1392689796 2149130497 3258058784 167944 430144 80740354 80 67108928 16 164096 545259520 2128 536936512 2048 0 2147484672
is_linear=0
shrinkage=0.05


Tree=34
num_leaves=63
num_cat=16
split_feature=1 7 7 7 1 1 4 7 4 4 7 7 7 4 2 7 8 7 1 1 1 1 4 9 4 7 4 3 4 2 4 4 7 7 7 1 1 3 4 8 9 4 9 4 2 1 1 4 7 7 4 9 4 7 4 2 1 9 3 4 4 8
split_gain=8.36622e+07 4.63708e+07 1.60502e+07 1.21571e+07 1.04836e+07 1.88659e+07 8.15635e+06 6.13255e+06 4.76167e+06 4.83564e+06 4.54092e+06 4.29911e+06 4.152e+06 3.98998e+06 6.24235e+06 5.60941e+06 5.23711e+06 3.51032e+06 2.78355e+06 3.80066e+06 2.72043e+06 6.88924e+06 2.66732e+06 2.30602e+06 2.96135e+06 2.21901e+06 2.21438e+06 3.04952e+06 2.18676e+06 2.34466e+06 2.04381e+06 2.21581e+06 2.04137e+06 2.00777e+06 1.93331e+06 1.85142e+06 2.51745e+06 1.7252e+06 1.70499e+06 1.67732e+06 1.6731e+06 1.60709e+06 1.59671e+06 2.90758e+06 1.50196e+06 1.4816e+06 1.82772e+06 1.46739e+06 1.37523e+06 1.35461e+06 1.33956e+06 1.79702e+06 1.56178e+06 1.33807e+06 1.31686e+06 1.31493e+06 1.28807e+06 1.28539e+06 1.60959e+06 1.52862e+06 1.28398e+06 1.2789e+06
threshold=3.5000000000000004 0 1 2 5.5000000000000009 4.5000000000000009 12.500000000000002 3 14.500000000000002 6.5000000000000009 4 5 6 34.500000000000007 5.5000000000000009 7 1.0000000180025095e-35 8 1.5000000000000002 2.5000000000000004 5.5000000000000009 4.5000000000000009 2.5000000000000004 1.0000000180025095e-35 51.500000000000007 9 50.500000000000007 26.500000000000004 33.500000000000007 5.5000000000000009 35.500000000000007 51.500000000000007 10 11 12 1.5000000000000002 2.5000000000000004 10.500000000000002 6.5000000000000009 1.0000000180025095e-35 1.0000000180025095e-35 11.500000000000002 1.0000000180025095e-35 51.500000000000007 11.500000000000002 1.5000000000000002 2.5000000000000004 1.5000000000000002 13 14 35.500000000000007 1.0000000180025095e-35 51.500000000000007 15 51.500000000000007 11.500000000000002 1.5000000000000002 1.0000000180025095e-35 23.500000000000004 34.500000000000007 51.500000000000007 1.0000000180025095e-35
decision_type=2 9 9 9 2 2 2 9 2 2 9 9 9 2 2 9 2 9 2 2 2 2 2 2 2 9 2 2 2 2 2 2 9 9 9 2 2 2 2 2 2 2 2 2 2 2 2 2 9 9 2 2 2 9 2 2 2 2 2 2 2 2
left_child=3 7 25 13 5 34 11 30 9 -9 35 22 -8 14 16 56 33 -6 39 23 21 40 -7 24 28 -3 -15 -28 29 -20 -2 32 -32 -1 -4 -5 42 -11 -13 47 54 -39 43 -37 -25 -17 -47 -12 -31 -22 51 -19 -52 -41 -10 -44 -16 59 -59 -36 -61 -14
right_child=1 2 4 10 17 6 12 8 20 37 18 38 61 26 15 45 -18 50 19 -21 49 -23 -24 44 -26 -27 27 -29 -30 48 31 -33 -34 -35 57 36 -38 41 -40 53 -42 -43 55 -45 -46 46 -48 -49 -50 -51 52 -53 -54 -55 -56 -57 -58 58 -60 60 -62 -63
leaf_value=1.2564879053518938 4.3466596631351422 -2.3355924330474553 1.6675980444760965 -1.4890037694071074 1.479603252037123 2.3939924697367916 4.9295107693727811 5.3116559939298629 2.7330154807035218 8.0999129031398649 1.4148275051433947 3.1794007864957803 1.9835333467341998 -1.5968309095581943 6.0739098661942599 0.64194827747888727 7.2000231666535557 -0.6675176262653868 -1.195737837354103 -2.3612013609584368 8.1493746075787801 9.1280797175109889 11.661577444025337 3.6754196721572931 9.3076741946588903 -0.50589614508872349 0.73107877778793307 14.142313286222191 -2.3393849512889866 3.5340543684161014 -4.2125921035171903 10.584709136141397 2.0716771968006578 -1.2001177108009338 0.42204946656499537 0.39154906567525188 -1.2801808667288528 14.811341493837766 6.8987559884984 2.0192392450324612 11.682826921943885 8.5654132898998476 7.1454536964413782 17.841272341067363 -4.0853893902983449 5.448939359114469 1.292822015204522 -2.7485988303648412 0.14887826495689083 2.5517728023785384 -2.3785950389048844 2.8184339365526085 4.6689201762771999 -1.7569942066021476 13.905403190697252 -4.6031925500499815 12.44543090306181 -0.50769947103411706 8.5074729080426117 -1.8705045740117976 4.1585681767316727 10.552184027500974
leaf_weight=1102 2447 2315 2514 5451 2659 90 2053 561 996 263 215 600 3508 3248 157 1061 227 2793 3156 7325 120 1095 568 424 69 5835 357 48 2328 445 141 67 919 3307 3195 2528 2651 373 634 322 59 143 157 24 73 508 552 13287 896 967 1458 426 83 796 27 28 161 101 97 1436 94 44
leaf_count=1102 2447 2315 2514 5451 2659 90 2053 561 996 263 215 600 3508 3248 157 1061 227 2793 3156 7325 120 1095 568 424 69 5835 357 48 2328 445 141 67 919 3307 3195 2528 2651 373 634 322 59 143 157 24 73 508 552 13287 896 967 1458 426 83 796 27 28 161 101 97 1436 94 44
internal_value=0.015737 1.76857 0.870854 -1.31624 1.56329 2.32719 4.09718 5.1096 6.32901 8.85254 -1.7153 6.93574 3.1389 0.179636 0.872679 2.92023 -0.204576 0.0276931 -2.03884 -1.55406 5.31215 6.3322 10.239 -0.754106 -0.99125 -1.02787 -1.16212 2.32367 -1.09551 -0.451538 3.52535 1.77314 1.21523 -0.585962 0.542889 -0.838553 -0.182036 11.4015 5.04981 -2.52818 3.50213 13.0824 0.88161 0.556348 2.5349 1.95371 3.28495 -2.68229 1.29987 3.26886 -0.784836 -0.206115 -1.99873 -0.666952 3.02922 5.36573 9.01913 -0.0347982 3.91086 -0.200294 -1.49984 2.0841
internal_weight=89584 38681 30503 50903 22353 14934 7497 8178 4604 1340 40175 1892 5605 10728 7075 2439 4636 7419 29336 14716 3264 2177 658 7391 6894 8150 3653 405 6825 4497 3574 1127 1060 4409 7437 10839 5388 779 1234 14620 1082 516 2737 2552 497 2121 1060 13502 1341 1087 4760 3219 1541 1118 1023 185 318 4923 198 4725 1530 3552
internal_count=89584 38681 30503 50903 22353 14934 7497 8178 4604 1340 40175 1892 5605 10728 7075 2439 4636 7419 29336 14716 3264 2177 658 7391 6894 8150 3653 405 6825 4497 3574 1127 1060 4409 7437 10839 5388 779 1234 14620 1082 516 2737 2552 497 2121 1060 13502 1341 1087 4760 3219 1541 1118 1023 185 318 4923 198 4725 1530 3552
cat_boundaries=0 5 10 15 20 25 30 35 38 43 47 50 55 60 65 66 71
cat_threshold=1738113768 537133075 134234624 8397061 262976 0 3223860992 3055222794 55839360 8429600 1738048140 538181713 146817024 325 279360 41975872 536870914 134234112 8396801 262464 219488 1287716866 1073747536 679568386 131092 6575377 97585152 80 1143570440 526481 136730645 72419424 4200464 738296904 1050640 0 537133057 134217728 2281832708 143785984 12590404 671175770 148486 0 2150106112 838860808 512 0 536870912 134217728 524808 262224 0 256 262144 2147635206 215023712 1086592080 134300680 1041 2154045456 268435844 2149779458 2540306432 1116162 1048584 134217728 285245984 2148043012 1141510168 1574954
is_linear=0
shrinkage=0.05


Tree=35
num_leaves=63
num_cat=0
split_feature=1 1 1 4 1 1 9 10 10 9 4 2 4 0 2 10 4 4 4 4 2 4 4 0 4 3 4 4 4 3 4 4 2 4 4 2 4 2 4 4 0 2 3 4 10 4 2 10 4 9 4 4 3 4 3 10 10 3 2 1 0 4
split_gain=7.4292e+07 1.52077e+07 3.15885e+07 1.13655e+07 7.1795e+06 9.66112e+06 5.81246e+06 5.08887e+06 5.07217e+06 4.88323e+06 8.56359e+06 4.75868e+06 4.68194e+06 4.64871e+06 4.45772e+06 3.80992e+06 4.92573e+06 4.787e+06 3.51742e+06 5.64224e+06 3.433e+06 3.39844e+06 4.02894e+06 3.02224e+06 2.98684e+06 2.84565e+06 2.84153e+06 3.14627e+06 2.81265e+06 2.73187e+06 2.69113e+06 2.57647e+06 2.5677e+06 2.45207e+06 2.93129e+06 2.43397e+06 2.42599e+06 2.33182e+06 3.705e+06 2.26654e+06 2.26402e+06 2.16017e+06 1.99744e+06 1.97391e+06 1.9223e+06 2.31677e+06 1.84973e+06 1.84102e+06 2.41534e+06 1.75479e+06 1.69068e+06 1.68076e+06 1.67479e+06 1.53655e+06 1.5266e+06 2.26265e+06 1.65261e+06 3.24819e+06 3.16631e+06 1.51019e+06 1.50132e+06 1.49779e+06
threshold=3.5000000000000004 5.5000000000000009 4.5000000000000009 20.500000000000004 1.5000000000000002 2.5000000000000004 1.0000000180025095e-35 1.0000000180025095e-35 2.5000000000000004 1.0000000180025095e-35 51.500000000000007 8.5000000000000018 6.5000000000000009 0.35433076300000005 9.5000000000000018 2.5000000000000004 33.500000000000007 51.500000000000007 51.500000000000007 50.500000000000007 11.500000000000002 2.5000000000000004 12.500000000000002 0.031496068500000009 6.5000000000000009 15.500000000000002 14.500000000000002 22.500000000000004 1.5000000000000002 23.500000000000004 50.500000000000007 7.5000000000000009 11.500000000000002 32.500000000000007 22.500000000000004 10.500000000000002 46.500000000000007 5.5000000000000009 15.500000000000002 32.500000000000007 0.26377953600000009 11.500000000000002 26.500000000000004 10.500000000000002 20.500000000000004 14.500000000000002 6.5000000000000009 12.500000000000002 13.500000000000002 1.0000000180025095e-35 51.500000000000007 12.500000000000002 25.500000000000004 51.500000000000007 9.5000000000000018 15.500000000000002 8.5000000000000018 16.500000000000004 1.5000000000000002 1.0000000180025095e-35 1.0000000180025095e-35 1.5000000000000002
decision_type=2 2 2 2 2 2 2 2 2 2 2 2 2 2 2 2 2 2 2 2 2 2 2 2 2 2 2 2 2 2 2 2 2 2 2 2 2 2 2 2 2 2 2 2 2 2 2 2 2 2 2 2 2 2 2 2 2 2 2 2 2 2
left_child=4 2 15 13 7 9 18 32 14 10 11 12 -6 21 -3 29 24 -18 19 23 -11 -4 31 35 -17 47 -26 -28 41 -2 33 54 -1 34 49 -5 -37 38 43 -39 51 -9 -31 -14 50 -46 -47 -10 -49 -7 -30 -27 59 -53 55 -23 57 -56 -59 -52 -24 -15
right_child=1 8 3 6 5 30 -8 28 25 20 -12 -13 37 61 -16 16 17 -19 -20 -21 -22 22 60 -25 26 40 27 -29 44 42 -32 -33 -34 -35 -36 36 -38 39 -40 -41 -42 -43 -44 -45 45 46 -48 48 -50 -51 52 53 -54 -55 56 -57 -58 58 -60 -61 -62 -63
leaf_value=1.1025777597790876 1.355571011332829 4.2821309960495428 1.0337963262086081 1.4718806810456 -2.0476814836215107 -2.04625781604997 13.688205780658834 -3.1445991362098002 -1.8739290012929157 5.3101513171456567 13.161213636867988 -1.6428986926278577 0.16086602514116494 -1.0631563385966505 -0.58113732366847726 -1.0777123192574272 -1.3494024864822844 8.7009849246875088 8.48909626432979 -5.0614651602165122 -3.7288125130822274 -0.4141314093738947 2.368464004225681 4.3465223600627541 3.001224073125663 2.0488472173591101 -0.70877395449517622 1.9907090234216804 -2.4518277208248369 12.090321776515148 2.0503654205639674 8.8230153226412344 -6.5721381895096531 -2.7360117049340116 0.17997140031454528 6.7399957590184378 2.2171635478395535 3.0677091192905941 -1.4775921767448621 -0.16647087377409397 3.173606257503236 5.0015307647155876 4.3602555267355978 3.0280872226024869 0.16293415950934151 -2.9378677977013754 -0.5613602561700477 2.1614635326510792 -1.168579706468839 3.922015191132497 2.4511975023777195 -0.4350499140071139 5.8755102567002497 6.4814041584476048 -2.7620937225034106 8.2166653415186612 9.5287645738863898 3.511503097323788 10.981666671336065 -5.2734514502341669 5.3575805634321139 10.176717299562085
leaf_weight=1778 493 1300 425 3865 1427 5299 122 122 2899 717 123 3493 1202 31 739 1329 3995 122 253 239 123 216 850 2092 2170 973 1947 2422 17388 128 474 1099 116 4387 2437 493 744 2052 1663 736 739 244 241 1199 1799 2181 1311 839 1551 126 129 3664 118 82 109 117 315 339 244 124 831 666
leaf_count=1778 493 1300 425 3865 1427 5299 122 122 2899 717 123 3493 1202 31 739 1329 3995 122 253 239 123 216 850 2092 2170 973 1947 2422 17388 128 474 1099 116 4387 2437 493 744 2052 1663 736 739 244 241 1199 1799 2181 1311 839 1551 126 129 3664 118 82 109 117 315 339 244 124 831 666
internal_value=-0.00650369 1.64425 2.34085 4.07347 -1.26431 -0.671439 2.86438 -1.86064 0.233337 0.30213 0.0419302 -0.0952571 0.557721 5.87434 2.51958 0.580837 0.349901 -1.05137 2.6924 2.49498 3.9863 5.29102 5.73014 2.74609 1.08313 -0.200444 1.52232 0.787722 -2.06228 3.79129 -1.64592 7.02825 0.632207 -1.78897 -1.2605 2.08978 4.02012 1.10035 0.336353 2.21395 0.600467 2.28602 7.04425 1.59275 -2.13133 -1.29475 -2.0457 -1.02694 0.000458168 -1.90757 -2.38057 0.197451 0.959073 -0.283478 5.55573 2.61985 6.52621 5.15826 6.63931 -1.33536 3.84636 9.67672
internal_weight=89451 38683 25897 13050 50768 25458 7808 25310 12786 12735 11895 11772 8279 5242 2039 12847 11985 4117 7686 7433 840 4545 4120 7194 7868 10747 6539 4369 23416 862 12723 2439 1894 12249 7862 5102 1237 6852 4064 2788 5458 366 369 2401 23050 5291 3492 5289 2390 5425 17759 4719 371 3746 1340 333 1007 692 583 253 1681 697
internal_count=89451 38683 25897 13050 50768 25458 7808 25310 12786 12735 11895 11772 8279 5242 2039 12847 11985 4117 7686 7433 840 4545 4120 7194 7868 10747 6539 4369 23416 862 12723 2439 1894 12249 7862 5102 1237 6852 4064 2788 5458 366 369 2401 23050 5291 3492 5289 2390 5425 17759 4719 371 3746 1340 333 1007 692 583 253 1681 697
is_linear=0
shrinkage=0.05


Tree=36
num_leaves=63
num_cat=19
split_feature=1 7 7 7 1 1 0 4 7 7 7 1 1 10 1 1 7 4 2 10 4 3 7 4 7 10 7 4 2 7 10 7 4 7 1 1 0 3 7 7 7 4 7 7 4 10 3 4 0 4 4 7 4 4 4 2 3 0 4 4 4 4
split_gain=6.70493e+07 4.39144e+07 1.51585e+07 1.22757e+07 7.37029e+06 1.43441e+07 6.18485e+06 6.18242e+06 4.56211e+06 4.51701e+06 4.3644e+06 3.93891e+06 5.29856e+06 3.42403e+06 3.30201e+06 9.76476e+06 3.20017e+06 3.11928e+06 4.64976e+06 4.63079e+06 3.22902e+06 3.60082e+06 3.00734e+06 2.92424e+06 2.83579e+06 2.69753e+06 2.28513e+06 2.22285e+06 2.17993e+06 2.3549e+06 2.17332e+06 2.6081e+06 2.17237e+06 2.19097e+06 2.11284e+06 2.78328e+06 2.08528e+06 1.98445e+06 1.96833e+06 1.86154e+06 1.83921e+06 1.8141e+06 1.8508e+06 1.77419e+06 1.72813e+06 2.12768e+06 1.69962e+06 1.6504e+06 1.58485e+06 1.58093e+06 1.54064e+06 1.51254e+06 1.50624e+06 1.43391e+06 1.42471e+06 1.38592e+06 4.12541e+06 1.35774e+06 1.29924e+06 2.46434e+06 1.27948e+06 1.27912e+06
threshold=3.5000000000000004 0 1 2 5.5000000000000009 4.5000000000000009 0.35433076300000005 20.500000000000004 3 4 5 1.5000000000000002 2.5000000000000004 2.5000000000000004 5.5000000000000009 4.5000000000000009 6 33.500000000000007 5.5000000000000009 1.0000000180025095e-35 50.500000000000007 25.500000000000004 7 32.500000000000007 8 1.0000000180025095e-35 9 51.500000000000007 10.500000000000002 10 41.500000000000007 11 12.500000000000002 12 5.5000000000000009 4.5000000000000009 1.0000000180025095e-35 7.5000000000000009 13 14 15 18.500000000000004 16 17 35.500000000000007 2.5000000000000004 23.500000000000004 47.500000000000007 0.015748032000000006 34.500000000000007 15.500000000000002 18 51.500000000000007 2.5000000000000004 51.500000000000007 11.500000000000002 26.500000000000004 0.098425202500000017 32.500000000000007 10.500000000000002 1.5000000000000002 7.5000000000000009
decision_type=2 9 9 9 2 2 2 2 9 9 9 2 2 2 2 2 9 2 2 2 2 2 9 2 9 2 9 2 2 9 2 9 2 9 2 2 2 2 9 9 9 2 9 9 2 2 2 2 2 2 2 9 2 2 2 2 2 2 2 2 2 2
left_child=3 6 34 11 5 40 10 9 -5 -7 50 25 16 55 15 27 48 18 19 -10 -19 46 -9 43 -6 38 -20 49 51 -30 39 37 33 -17 35 -3 -34 -32 -1 -21 -4 42 -37 -8 45 -26 -22 -31 -13 -15 -2 -24 -49 -44 -46 -12 -57 -11 59 -50 -27 -35
right_child=1 2 4 8 24 7 23 22 17 57 13 12 -14 14 -16 32 -18 20 26 30 21 -23 28 -25 44 60 -28 -29 29 47 31 -33 36 61 -36 41 -38 -39 -40 -41 -42 -43 53 -45 54 -47 -48 52 58 -51 -52 -53 -54 -55 -56 56 -58 -59 -60 -61 -62 -63
leaf_value=-2.4557960670267613 13.725137365089957 -1.7391734868959645 1.467906250056052 -2.4881650328919105 -1.2230999444931965 8.1578876390968826 6.34220391151778 4.0841758988148653 2.7660123219050163 3.210086133914487 7.4646465177316932 3.3686930679622926 -0.32979720326077788 2.8349580646918215 1.8327724939422112 2.9043307570528536 1.2668692662267598 -2.2636468944231356 1.5463959472101156 -1.0118383518845613 0.23963387822140159 5.5803333192406575 2.4658668619319255 4.7651972385394741 4.5948191868289561 5.1716730769073642 -0.46699856201878803 16.864651437584623 0.14420566070512836 8.9244740635720934 7.6105045642452041 -1.2722844972167613 4.3122607071962467 9.4335155539086379 -2.3054640954401644 -0.089079941237777183 8.1478114454319694 0.57710622031000336 5.3561709098544137 -2.4033805026165211 -0.16158866857299262 -0.45364508399933751 -3.42916196675045 13.424242128520314 -0.97691554297701522 0.93766877161106243 -4.9810108850790087 1.2569764820019738 2.2573818039285491 -0.081319141395769581 7.4030274785517722 -0.41827339165796706 10.591555690941661 5.1631723419967956 5.2231510829612784 -10.835896216095769 8.9135834059718633 6.1863023338311276 3.4611920751492846 12.230196357228422 -1.0854828965135821 15.62167350518939
leaf_weight=107 132 2681 2732 10701 2693 948 213 1612 619 1581 852 744 2669 1445 1882 112 1538 9504 2131 3806 640 272 661 282 466 83 4115 25 323 227 176 872 783 180 2703 476 648 233 288 6764 4700 1732 54 335 1425 2711 206 215 90 685 359 1405 54 476 99 42 71 506 156 199 4855 157
leaf_count=107 132 2681 2732 10701 2693 948 213 1612 619 1581 852 744 2669 1445 1882 112 1538 9504 2131 3806 640 272 661 282 466 83 4115 25 323 227 176 872 783 180 2703 476 648 233 288 6764 4700 1732 54 335 1425 2711 206 215 90 685 359 1405 54 476 99 42 71 506 156 199 4855 157
internal_value=-0.00617059 1.56206 0.686923 -1.20109 1.35888 1.99762 4.80705 3.53534 -1.60334 5.27905 4.35216 0.301244 1.25393 4.0071 3.56242 4.36909 2.80394 -1.27985 -0.891882 -1.44964 -1.96465 0.577061 2.35842 8.90486 0.0680285 -0.662139 0.221669 2.07155 1.37512 3.56266 -1.66985 0.275116 7.00245 10.0373 -1.16221 -0.594065 6.04957 3.51882 3.31333 -1.90557 0.439182 0.527224 2.21584 11.0339 0.808553 1.47423 -1.03202 5.67109 4.74137 1.89713 8.92341 0.514467 3.13409 4.20786 -0.573836 6.77462 1.56993 3.91319 7.1416 9.12635 -0.980206 11.9653
internal_weight=89451 38683 30480 50768 22358 14964 8203 7532 40039 3035 7373 10729 5396 6882 5917 4035 2727 29338 18716 12470 10622 1118 4497 830 7394 5333 6246 2155 2885 819 11851 1281 1880 449 8122 5419 1431 409 395 10570 7432 2738 1006 548 4701 3177 846 496 1189 2130 491 2066 269 530 1524 965 113 2087 445 289 4938 337
internal_count=89451 38683 30480 50768 22358 14964 8203 7532 40039 3035 7373 10729 5396 6882 5917 4035 2727 29338 18716 12470 10622 1118 4497 830 7394 5333 6246 2155 2885 819 11851 1281 1880 449 8122 5419 1431 409 395 10570 7432 2738 1006 548 4701 3177 846 496 1189 2130 491 2066 269 530 1524 965 113 2087 445 289 4938 337
cat_boundaries=0 5 10 15 20 25 26 31 36 41 46 51 56 61 65 70 75 80 85 90
cat_threshold=1696170920 608436243 16896 75021 262720 1024 2200466688 923926538 2203320832 8433696 1696170668 746848273 134234624 1348 262992 1024 2418546568 908066858 2155086496 8433696 12996691 1116192 142608400 201359440 1049619 524296 17302156 604241921 134217728 256 262656 170293269 8456256 142613504 746618944 1049876 6303762 268438188 2149687329 1076365472 2687113 2317768704 5308422 12847108 411262979 1050624 2147483648 1207960076 2151743744 1342324898 2818056 171966785 5242882 2168563781 218107912 1720320 128 536870912 16384 1033 262144 1627389984 67108864 134234624 256 2162587712 1146944 1082266704 8396800 2311302 2195865670 143720544 1216353488 142606400 2323 0 2147501056 905969674 22020096 8421408 32768 71303186 512 74761 512 2147483648 134218248 2154037252 1342193826 2686976
is_linear=0
shrinkage=0.05


Tree=37
num_leaves=63
num_cat=17
split_feature=5 7 7 7 7 4 4 4 4 0 0 7 7 0 7 8 0 7 7 7 10 7 7 4 4 3 7 2 2 10 7 4 4 4 4 4 2 8 2 4 7 4 4 4 4 4 10 4 8 4 4 4 3 10 4 0 10 3 3 3 7 7
split_gain=5.63568e+07 3.43617e+07 1.91252e+07 1.15697e+07 7.04023e+06 6.06059e+06 5.20741e+06 5.00611e+06 5.94516e+06 4.96716e+06 4.38185e+06 3.9547e+06 3.67125e+06 3.58511e+06 3.61977e+06 3.34426e+06 3.28874e+06 3.26742e+06 2.86115e+06 2.63968e+06 2.63676e+06 2.39558e+06 2.37867e+06 2.27854e+06 2.92168e+06 2.27119e+06 2.90764e+06 3.67596e+06 5.8793e+06 2.24299e+06 2.10613e+06 2.61327e+06 2.3311e+06 2.07997e+06 2.12771e+06 2.54743e+06 1.93668e+06 2.91309e+06 1.88081e+06 1.85709e+06 2.23925e+06 1.76826e+06 1.73981e+06 1.65326e+06 1.59984e+06 1.56668e+06 1.519e+06 2.16298e+06 2.82166e+06 1.49232e+06 1.49468e+06 1.46346e+06 1.40644e+06 1.41371e+06 1.39167e+06 1.37286e+06 1.36149e+06 1.32864e+06 1.32322e+06 1.74698e+06 1.31553e+06 1.29162e+06
threshold=1.0000000180025095e-35 0 1 2 3 12.500000000000002 6.5000000000000009 12.500000000000002 6.5000000000000009 0.08267716700000001 0.055118117500000008 4 5 0.055118117500000008 6 1.0000000180025095e-35 0.18503937850000005 7 8 9 3.5000000000000004 10 11 32.500000000000007 23.500000000000004 18.500000000000004 12 4.5000000000000009 1.5000000000000002 21.500000000000004 13 51.500000000000007 34.500000000000007 1.5000000000000002 6.5000000000000009 32.500000000000007 10.500000000000002 1.0000000180025095e-35 9.5000000000000018 22.500000000000004 14 15.500000000000002 35.500000000000007 51.500000000000007 51.500000000000007 38.500000000000007 3.5000000000000004 46.500000000000007 1.0000000180025095e-35 12.500000000000002 6.5000000000000009 10.500000000000002 17.500000000000004 33.500000000000007 1.5000000000000002 0.46259842850000005 23.500000000000004 26.500000000000004 17.500000000000004 21.500000000000004 15 16
decision_type=2 9 9 9 9 2 2 2 2 2 2 9 9 2 9 2 2 9 9 9 2 9 9 2 2 2 9 2 2 2 9 2 2 2 2 2 2 2 2 2 9 2 2 2 2 2 2 2 2 2 2 2 2 2 2 2 2 2 2 2 9 9
left_child=2 5 9 49 61 6 60 8 21 11 20 54 23 14 45 16 18 55 38 52 25 -5 -8 24 -11 42 27 28 -27 -22 31 32 -12 -13 -35 39 -28 -38 -7 41 -41 51 -6 -16 -20 -9 47 -37 -49 50 -3 -36 -10 -54 -1 -15 -53 -33 -24 -60 -2 -4
right_child=1 3 4 7 10 15 22 13 19 12 30 33 -14 17 43 -17 -18 -19 44 -21 29 -23 58 -25 -26 26 36 -29 -30 -31 -32 57 -34 34 35 46 37 -39 -40 40 -42 -43 -44 -45 -46 -47 -48 48 -50 -51 -52 56 53 -55 -56 -57 -58 -59 59 -61 -62 -63
leaf_value=11.331618437178061 2.5088313589127633 -1.2009246198464674 -3.1677777997684378 -1.2090365607196301 -0.091109767244626827 6.676249053746016 16.106180799987325 2.8559586608018908 5.5273935626011363 5.2407674670603797 1.6348350413905735 5.1366982654732611 1.844033360019121 4.0026244788429386 -0.31968130309951481 22.381445066956267 7.4457679062375135 1.5702015632341251 2.1481509847845288 3.8153467391701228 -1.7635691067509538 2.5929352169107842 6.1754035441661905 1.9207299469874415 14.467872519471292 -3.6330361782897516 -1.2492379602888544 1.3909495836528794 17.33216305368861 -0.54082083276636339 -0.54445697659840919 1.8563872433236606 -1.2352254186927307 -2.5753509978658835 -0.30872157529854877 -1.1913006553465095 2.983898069487569 -4.2511325640060864 3.0096120568918998 8.6925426185178356 1.676862275744929 -1.349048122898723 -2.3441318186900268 5.7432139992921076 11.790041750953311 0.52785099458955442 -1.5871127268357119 6.0527622700801826 -5.1453758659444429 -1.4229122482862724 2.1267828335689107 7.9563547923623377 11.430450643703109 2.2693192132378792 2.1491540319907063 8.3160722226666817 1.9073913583889675 16.009514107670974 16.866091018281359 8.2495886092301429 7.2974390616791682 -1.9682341798617893
leaf_weight=42 309 663 2962 628 1786 994 218 1965 310 217 2460 187 2088 675 4865 26 738 2173 1771 1236 16284 1190 231 174 142 49 1332 349 105 4873 5859 27 993 844 788 534 785 169 540 116 1412 1189 1647 115 44 1143 2497 285 70 4120 687 108 302 49 2092 254 668 43 93 161 336 10439
leaf_count=42 309 663 2962 628 1786 994 218 1965 310 217 2460 187 2088 675 4865 26 738 2173 1771 1236 16284 1190 231 174 142 49 1332 349 105 4873 5859 27 993 844 788 534 785 169 540 116 1412 1189 1647 115 44 1143 2497 285 70 4120 687 108 302 49 2092 254 668 43 93 161 336 10439
internal_value=-0.00565438 1.96367 -0.805458 1.01742 -1.25429 5.48212 8.40178 1.73903 3.33052 0.86836 -0.896054 0.396394 2.82211 1.2122 0.657929 4.53837 4.42432 2.6573 3.75829 5.28856 -1.21585 1.28722 11.3785 6.49616 8.89351 -0.311031 0.748803 4.14892 10.6634 -1.48194 0.0362393 1.00067 0.809461 -0.0780336 -0.192761 0.0695495 -0.0175594 1.7019 5.35092 0.88009 2.27786 0.104227 -1.17205 -0.179201 2.36948 1.9934 -0.955231 0.819557 3.84384 -0.948443 0.492537 1.20907 7.86562 10.1526 2.31953 5.12756 2.75018 10.561 8.73841 11.4099 5.15613 -2.23555
internal_weight=89451 25836 63615 20375 50162 5461 1348 14905 3715 13453 36761 10832 2621 11190 8088 4113 4087 3102 3349 1897 27379 1818 703 533 359 6222 2789 503 154 21157 9382 3523 3453 8698 8511 7667 2286 954 1534 4281 1528 2753 3433 4980 1815 3108 3386 889 355 5470 1350 1564 661 351 2134 929 776 70 485 254 645 13401
internal_count=89451 25836 63615 20375 50162 5461 1348 14905 3715 13453 36761 10832 2621 11190 8088 4113 4087 3102 3349 1897 27379 1818 703 533 359 6222 2789 503 154 21157 9382 3523 3453 8698 8511 7667 2286 954 1534 4281 1528 2753 3433 4980 1815 3108 3386 889 355 5470 1350 1564 661 351 2134 929 776 70 485 254 645 13401
cat_boundaries=0 5 10 15 20 22 25 30 35 40 45 50 54 59 64 68 73 77
cat_threshold=1696453548 71565331 512 67109196 262720 1728643756 604242001 142624256 9477 262736 1024 3492312068 909180938 2167671296 8433696 268435456 2200450952 3003809802 2151940736 8429600 524936 262160 524800 537133057 134217728 2183276608 671154240 146824196 411149315 16644 142737408 545292288 2294286544 679546880 3147798 1612251816 262162 0 256 262144 415367248 1116288 132180 671719569 2325 2416060418 537004872 135185697 1111490722 2097152 1678540840 67108864 0 4 9470208 8486912 84 604176384 16640 2295519552 147849218 10324 679542856 2099458 0 536870912 134217728 256 1627476004 71565328 0 67108928 262144 0 2150106112 268435464 512
is_linear=0
shrinkage=0.05


Tree=38
num_leaves=63
num_cat=15
split_feature=1 7 7 7 1 1 7 0 7 1 1 7 7 10 4 7 4 7 1 1 4 1 1 0 1 1 4 10 10 4 10 10 4 4 4 7 4 2 2 7 10 4 2 4 7 4 4 2 2 4 10 4 10 4 7 4 7 2 4 10 7 2
split_gain=5.62467e+07 3.66649e+07 1.26422e+07 1.0223e+07 7.14506e+06 1.28558e+07 5.77018e+06 5.19822e+06 5.19121e+06 3.94213e+06 5.07883e+06 4.20914e+06 3.72453e+06 3.47635e+06 2.89044e+06 2.86683e+06 2.84279e+06 2.48494e+06 2.37209e+06 3.83953e+06 2.28546e+06 2.1574e+06 2.87691e+06 1.94293e+06 1.89614e+06 2.48119e+06 1.64277e+06 1.60906e+06 2.39097e+06 2.23461e+06 1.58021e+06 1.573e+06 3.10178e+06 1.56736e+06 1.50087e+06 1.47146e+06 1.46366e+06 2.98286e+06 1.84316e+06 1.46547e+06 1.45968e+06 2.92695e+06 1.99108e+06 1.50171e+06 1.4387e+06 1.84964e+06 1.43692e+06 1.41148e+06 1.40137e+06 1.3768e+06 1.36914e+06 1.34503e+06 1.33179e+06 1.32472e+06 1.43989e+06 1.32893e+06 1.24048e+06 1.23348e+06 2.11897e+06 1.37644e+06 1.3563e+06 1.22158e+06
threshold=3.5000000000000004 0 1 2 5.5000000000000009 4.5000000000000009 3 0.36220477500000009 4 1.5000000000000002 2.5000000000000004 5 6 1.0000000180025095e-35 12.500000000000002 7 20.500000000000004 8 5.5000000000000009 4.5000000000000009 32.500000000000007 1.5000000000000002 2.5000000000000004 0.44291339850000006 5.5000000000000009 4.5000000000000009 2.5000000000000004 24.500000000000004 3.5000000000000004 46.500000000000007 2.5000000000000004 1.5000000000000002 51.500000000000007 15.500000000000002 6.5000000000000009 9 35.500000000000007 5.5000000000000009 11.500000000000002 10 1.5000000000000002 51.500000000000007 8.5000000000000018 7.5000000000000009 11 12.500000000000002 50.500000000000007 8.5000000000000018 5.5000000000000009 51.500000000000007 1.0000000180025095e-35 22.500000000000004 41.500000000000007 18.500000000000004 12 2.5000000000000004 13 8.5000000000000018 23.500000000000004 43.500000000000007 14 8.5000000000000018
decision_type=2 9 9 9 2 2 9 2 9 2 2 9 9 2 2 9 2 9 2 2 2 2 2 2 2 2 2 2 2 2 2 2 2 2 2 9 2 2 2 9 2 2 2 2 9 2 2 2 2 2 2 2 2 2 9 2 9 2 2 2 9 2
left_child=3 7 24 21 5 27 14 12 -5 13 11 40 33 15 26 48 35 -6 19 -14 -9 50 -23 49 25 -3 -7 28 29 -4 -19 -13 57 34 -2 -8 37 52 39 -39 -11 42 43 -42 -21 -46 47 51 -10 -16 -1 -12 -15 54 -27 -56 -26 58 59 -33 -60 -30
right_child=1 2 4 8 17 6 16 20 9 10 46 31 18 36 23 -17 -18 30 -20 44 -22 22 -24 -25 56 53 -28 -29 61 -31 -32 32 -34 -35 -36 -37 -38 38 -40 -41 41 -43 -44 -45 45 -47 -48 -49 -50 -51 -52 -53 -54 -55 55 -57 -58 -59 60 -61 -62 -63
leaf_value=5.0870578587588584 4.9020387056979722 -1.5945449143965034 0.74903450978304076 -2.2683994222922759 1.1857712218616066 1.853312972506207 0.063260580414420009 10.334190364594306 8.2990695067014713 6.4005170193658962 -1.602384695482616 2.5999454126655843 2.4199767498015912 -2.3065110624530951 3.5769627125223828 -0.39286991750778688 1.3481895063311979 1.3702304642876688 1.8041738528809739 3.573769663129184 4.4020606119965979 4.5604930307774554 0.61897248866226495 9.2219670762005315 -0.71547464307721975 -0.62461484202923168 9.2573170874044468 2.1337863495650571 0.13824497587863557 5.2114818727496726 -1.120885407968311 -1.2976242561695477 10.833547477714099 4.9670949101286501 9.9888562064401452 4.2596588644353739 -2.4082559853760381 0.93734234306764064 4.710777240088901 -1.1630566528533259 -0.41371160913537103 17.457816234405097 -0.66709671988177266 3.1792643528603395 10.304177599726586 5.6661709844736494 1.8572049145071572 -2.419181594305694 1.6537854821841862 12.629289848787877 -0.16005038449693779 -0.076048506048911779 -0.21816172808880327 -0.29001980549539919 -3.2578349941644689 4.1738070002153753 -2.9545856719517753 -1.789152171491406 3.4518588051950561 2.5005738060286098 0.13349756972254387 -1.5319069299957113
leaf_weight=134 239 2692 1270 10671 2686 87 247 499 166 176 3901 420 1823 6133 1680 1039 2975 759 1773 642 241 950 903 183 1004 348 542 1132 2913 360 3945 2653 59 1441 370 1791 5434 1140 171 2998 368 29 740 1386 286 868 341 2636 152 43 1705 2291 872 1739 67 583 1701 1759 510 262 769 1754
leaf_count=134 239 2692 1270 10671 2686 87 247 499 166 176 3901 420 1823 6133 1680 1039 2975 759 1773 642 241 950 903 183 1004 348 542 1132 2913 360 3945 2653 59 1441 370 1791 5434 1140 171 2998 368 29 740 1386 286 868 341 2636 152 43 1705 2291 872 1739 67 583 1701 1759 510 262 769 1754
internal_value=-0.00513933 1.43121 0.632862 -1.09958 1.24664 1.87493 3.32822 4.40111 -1.29815 -1.01319 -0.495947 0.338747 4.00897 -1.53657 5.2738 0.897396 2.32911 -0.0250193 3.29652 4.03668 8.4031 1.43194 2.63986 4.32429 -1.05435 -0.516768 8.2337 0.398336 0.0863273 1.73487 -0.717392 -0.357459 -0.564699 5.83809 7.99369 3.77231 -1.73378 -1.40982 -0.374679 -0.584942 1.99178 1.69188 1.50786 2.42545 5.67746 6.75787 -1.32718 -1.4502 4.96806 3.8036 0.222537 -1.03766 -2.04656 0.543306 1.99525 3.35577 -2.13713 -0.677848 -0.211724 -0.956167 1.48489 -0.489467
internal_weight=89451 38683 30501 50768 22367 14977 7548 8182 47076 36405 18300 9131 7442 18105 2535 1357 5013 7390 5392 3619 740 3692 1853 1906 8134 5429 629 7429 6297 1630 4704 6432 6012 2050 609 2038 16748 11314 4309 4138 2699 2523 2494 1754 1796 1154 9169 8828 318 1723 1839 6192 7005 2737 998 650 2705 5953 4194 2915 1279 4667
internal_count=89451 38683 30501 50768 22367 14977 7548 8182 47076 36405 18300 9131 7442 18105 2535 1357 5013 7390 5392 3619 740 3692 1853 1906 8134 5429 629 7429 6297 1630 4704 6432 6012 2050 609 2038 16748 11314 4309 4138 2699 2523 2494 1754 1796 1154 9169 8828 318 1723 1839 6192 7005 2737 998 650 2705 5953 4194 2915 1279 4667
cat_boundaries=0 5 10 15 20 25 30 32 37 42 46 51 56 61 66 71
cat_threshold=1729856424 71565329 8405504 75013 262720 1024 2200466696 923402250 2202272256 8433696 1074266760 537133073 0 256 262144 144986197 537987074 134219856 746618952 1049872 1024 2418562184 908132394 2155086368 10530848 2749753444 75563074 146818640 65536 576 1679294600 17 100761856 142639104 4196373 671289420 1065232 2290089988 1754300418 4197460 679608410 149782 2147483648 1073741824 2097408 1179650 17858816 1220542464 138676308 679621708 18706 33685760 0 8404992 1025 262144 0 2147501056 637534216 4194304 8421408 1024 16793856 604504064 37748736 36896 68161536 4227076 2147879045 411714654 1116178
is_linear=0
shrinkage=0.05


Tree=39
num_leaves=63
num_cat=0
split_feature=1 1 1 4 1 1 4 0 10 9 4 10 2 3 4 4 9 9 4 4 3 2 3 3 2 4 4 4 2 0 4 4 4 4 0 2 2 4 4 4 4 9 4 10 4 3 9 0 2 2 4 3 2 3 10 3 2 3 3 0 3 10
split_gain=5.07653e+07 1.21527e+07 2.17542e+07 8.01226e+06 5.75395e+06 7.72058e+06 5.54022e+06 5.29271e+06 4.0474e+06 3.96028e+06 6.67045e+06 3.86352e+06 3.72576e+06 4.67733e+06 3.72316e+06 4.31918e+06 3.70342e+06 3.08153e+06 3.86979e+06 3.52622e+06 3.12087e+06 2.88414e+06 2.76143e+06 2.49892e+06 2.13744e+06 2.12e+06 2.01758e+06 1.96927e+06 2.23945e+06 1.9571e+06 1.87193e+06 2.31788e+06 1.86901e+06 3.77832e+06 1.84039e+06 1.77306e+06 1.70575e+06 1.62453e+06 1.62152e+06 2.55831e+06 2.2342e+06 1.83347e+06 1.69291e+06 1.60387e+06 1.58876e+06 1.57201e+06 1.54843e+06 1.51285e+06 1.49049e+06 2.22118e+06 1.4758e+06 1.45274e+06 1.45011e+06 3.72215e+06 1.45394e+06 1.43026e+06 1.716e+06 1.45508e+06 1.55068e+06 1.51691e+06 1.42698e+06 1.39932e+06
threshold=3.5000000000000004 5.5000000000000009 4.5000000000000009 12.500000000000002 1.5000000000000002 2.5000000000000004 7.5000000000000009 0.035433071000000003 2.5000000000000004 1.0000000180025095e-35 51.500000000000007 1.0000000180025095e-35 11.500000000000002 30.500000000000004 34.500000000000007 21.500000000000004 1.0000000180025095e-35 1.0000000180025095e-35 33.500000000000007 51.500000000000007 23.500000000000004 11.500000000000002 16.500000000000004 15.500000000000002 11.500000000000002 1.5000000000000002 50.500000000000007 51.500000000000007 7.5000000000000009 0.57086619750000012 32.500000000000007 22.500000000000004 6.5000000000000009 15.500000000000002 0.12204724950000001 11.500000000000002 1.5000000000000002 10.500000000000002 6.5000000000000009 33.500000000000007 25.500000000000004 1.0000000180025095e-35 51.500000000000007 19.500000000000004 15.500000000000002 14.500000000000002 1.0000000180025095e-35 0.043307090000000006 10.500000000000002 9.5000000000000018 10.500000000000002 30.500000000000004 1.5000000000000002 10.500000000000002 15.500000000000002 24.500000000000004 2.5000000000000004 21.500000000000004 17.500000000000004 0.31102363800000005 25.500000000000004 45.500000000000007
decision_type=2 2 2 2 2 2 2 2 2 2 2 2 2 2 2 2 2 2 2 2 2 2 2 2 2 2 2 2 2 2 2 2 2 2 2 2 2 2 2 2 2 2 2 2 2 2 2 2 2 2 2 2 2 2 2 2 2 2 2 2 2 2
left_child=4 2 17 6 11 9 22 16 12 10 14 24 -3 -14 15 32 -5 18 34 -20 -19 -11 45 43 48 35 30 28 51 -9 31 46 -6 37 -2 -13 -24 -34 -27 40 44 -42 -41 -10 50 52 -7 -17 49 -1 -40 -25 -4 54 -54 57 -57 58 59 -8 -44 -36
right_child=1 8 3 7 5 26 55 29 23 21 -12 25 13 -15 -16 47 -18 20 19 -21 -22 -23 36 27 -26 38 -28 -29 -30 -31 -32 -33 33 -35 61 -37 -38 -39 39 42 41 -43 60 -45 -46 -47 -48 -49 -50 -51 -52 -53 53 -55 -56 56 -58 -59 -60 -61 -62 -63
leaf_value=1.3825255553388927 0.60558028401284691 2.9324260535275108 0.91338110626291269 1.7773678459315072 -1.7782640642784036 -1.7527607864733104 6.1077093295215725 3.8316083063056325 -1.5958389856339894 4.8876957267657879 11.700857287940702 -2.8990323658242372 -11.103600802366763 2.7262226159414968 -1.3017376197049337 1.4538720152428044 11.766957523066486 0.32847729276928828 -1.2117068982452968 5.0149052078992895 8.3187128381984614 -3.3972532038955943 4.5128977721990386 1.3918128005384522 -5.9794454570067126 -3.1070810165785492 1.8155009409359704 6.6123490909063198 -0.90861567914540853 7.1147049190757556 -2.3362841245421202 0.23382982442671452 0.25475045863727092 -1.6911915802907143 2.2025473412763708 4.4811784526086749 9.594409106393412 2.8558887072093304 -1.9288665952736253 -2.4911715555864342 -0.35062338107673086 6.1777859165044013 -1.1561519547207748 0.36063587646458989 -2.29951116199716 -3.0318197748121598 3.8535778084886538 4.0216308592508083 6.4749204218234908 -3.8535211332467392 -0.082302382148938966 -4.1284615299569136 0.93493603115150725 12.203098794740548 7.1316190578141576 15.735224545111169 7.3384017416587488 4.6843915868113859 13.601787664869327 11.960376380608874 5.4999062474046596 11.427677875346639
leaf_weight=1425 6325 1793 479 6626 1427 5299 470 2476 3850 717 123 122 113 133 3741 1960 94 239 3995 241 250 123 480 3009 116 2194 474 127 2198 556 4387 2437 1202 1432 1755 244 252 1199 2056 8192 3363 111 253 1439 4479 121 126 811 117 236 2284 124 355 127 129 120 124 371 125 145 118 42
leaf_count=1425 6325 1793 479 6626 1427 5299 470 2476 3850 717 123 122 113 133 3741 1960 94 239 3995 241 250 123 480 3009 116 2194 474 127 2198 556 4387 2437 1202 1432 1755 244 252 1199 2056 8192 3363 111 253 1439 4479 121 126 811 117 236 2284 124 355 127 129 120 124 371 125 145 118 42
internal_value=-0.00484267 1.35973 1.98244 3.42028 -1.04458 -0.513829 5.55069 2.69975 0.0984656 0.356488 0.122163 -1.57844 2.14074 -3.62841 0.00108428 0.607974 1.91728 0.521863 0.367805 -0.857343 4.41434 3.67428 3.839 -0.289025 0.593641 -1.75413 -1.38496 0.461508 0.314855 4.43387 -1.50883 -1.04708 -0.233642 0.341441 1.00678 2.02097 6.26335 1.55376 -1.81408 -1.67805 -1.21585 -0.141857 -2.34156 -1.06354 -1.63891 2.37318 -1.62248 2.20551 1.0228 0.638382 -0.957106 1.1732 2.97341 4.58798 2.58767 8.0047 11.4728 7.24207 8.52355 7.48933 0.961767 2.41879
internal_weight=89451 38683 25897 13050 50768 25458 3298 9752 12786 12735 11895 25310 2039 246 11772 8031 6720 12847 12358 4236 489 840 1943 10747 1894 23416 12723 5458 5331 3032 12249 7862 5260 3833 8122 366 732 2401 23050 20856 12293 3474 8563 5289 8819 1211 5425 2771 1778 1661 4340 3133 1090 611 484 1355 244 1111 740 615 371 1797
internal_count=89451 38683 25897 13050 50768 25458 3298 9752 12786 12735 11895 25310 2039 246 11772 8031 6720 12847 12358 4236 489 840 1943 10747 1894 23416 12723 5458 5331 3032 12249 7862 5260 3833 8122 366 732 2401 23050 20856 12293 3474 8563 5289 8819 1211 5425 2771 1778 1661 4340 3133 1090 611 484 1355 244 1111 740 615 371 1797
is_linear=0
shrinkage=0.05


Tree=40
num_leaves=63
num_cat=20
split_feature=5 7 7 7 7 4 4 0 0 0 7 7 0 7 7 7 7 4 4 7 4 4 4 2 7 4 10 10 4 7 4 8 4 4 4 4 7 4 7 4 3 7 3 10 2 0 8 7 4 4 10 2 3 7 4 4 7 4 7 10 10 4
split_gain=4.27545e+07 2.89126e+07 1.51964e+07 9.53803e+06 5.9954e+06 5.09901e+06 5.2377e+06 4.46896e+06 4.26138e+06 3.57739e+06 3.49106e+06 3.21802e+06 3.21339e+06 3.11185e+06 2.96181e+06 2.68166e+06 2.54806e+06 2.1913e+06 2.99855e+06 2.09095e+06 2.04277e+06 2.0424e+06 1.96388e+06 1.87795e+06 1.75847e+06 2.63133e+06 1.72435e+06 1.87313e+06 1.75662e+06 3.4805e+06 1.75292e+06 3.81128e+06 1.9597e+06 1.68207e+06 1.8848e+06 2.387e+06 1.66258e+06 1.63993e+06 1.86836e+06 1.79521e+06 1.60736e+06 1.53188e+06 1.46262e+06 1.61731e+06 1.46002e+06 1.44849e+06 1.44686e+06 1.44126e+06 1.40769e+06 2.06908e+06 1.39926e+06 1.3799e+06 1.7615e+06 1.36729e+06 1.36553e+06 1.32538e+06 2.24526e+06 6.94488e+06 1.59136e+06 3.38675e+06 1.47502e+06 1.31643e+06
threshold=1.0000000180025095e-35 0 1 2 3 12.500000000000002 6.5000000000000009 0.26377953600000009 0.08267716700000001 0.094488200000000008 4 5 0.035433071000000003 6 7 8 9 32.500000000000007 7.5000000000000009 10 12.500000000000002 6.5000000000000009 46.500000000000007 10.500000000000002 11 51.500000000000007 3.5000000000000004 21.500000000000004 14.500000000000002 12 46.500000000000007 1.0000000180025095e-35 35.500000000000007 1.5000000000000002 6.5000000000000009 32.500000000000007 13 22.500000000000004 14 14.500000000000002 17.500000000000004 15 12.500000000000002 15.500000000000002 6.5000000000000009 0.50196850300000018 1.0000000180025095e-35 16 51.500000000000007 50.500000000000007 26.500000000000004 11.500000000000002 27.500000000000004 17 28.500000000000004 10.500000000000002 18 11.500000000000002 19 4.5000000000000009 36.500000000000007 11.500000000000002
decision_type=2 9 9 9 9 2 2 2 2 2 9 9 2 9 9 9 9 2 2 9 2 2 2 2 9 2 2 2 2 9 2 2 2 2 2 2 9 2 9 2 2 9 2 2 2 2 2 9 2 2 2 2 2 9 2 2 9 2 9 2 2 2
left_child=2 7 8 53 -4 6 19 14 10 26 -1 17 13 -7 22 45 40 18 -10 -5 21 -16 -2 47 25 -11 30 -28 29 -29 32 -32 -6 -12 -35 37 -30 39 -39 55 -8 -23 43 -21 -38 -14 48 -15 49 -22 -42 -25 -53 -3 -9 58 57 -57 59 -36 -58 -31
right_child=1 3 4 5 9 12 16 54 11 24 33 -13 15 23 20 -17 -18 -19 -20 42 46 41 -24 51 -26 -27 27 28 36 61 31 -33 -34 34 35 -37 44 38 -40 -41 50 -43 -44 -45 -46 -47 -48 -49 -50 -51 -52 52 -54 -55 -56 56 60 -59 -60 -61 -62 -63
leaf_value=2.435097343272 8.8468031398981068 -2.6031307468966753 -1.987735915107977 -1.8465780994332972 -0.014211359053376624 1.6742913865229985 5.1257213682332896 10.242787111029463 -1.5551360021287013 1.0846571199831387 4.5951595154282723 1.7427766042767858 3.374555150535187 0.0099109424524972452 3.6267783564914389 1.3116346446802218 3.5363087689865718 1.584445511914703 10.872407457807569 0.35451396829620652 3.2018634715998924 4.259638821800853 -0.11282541536966639 3.0216280041761716 -0.31489965619363186 13.016518660563571 -1.4600295962375804 -2.039613872951175 0.57458118373772116 5.5896665556594503 2.9177803188978175 -4.4672951377476613 -2.042593988453651 -2.2936557318869673 15.055059037325297 -0.84957418824670816 -2.7458331457034322 7.666019216429425 1.6081972723926228 -1.1164060622006262 12.386666247802642 10.654632959732023 4.183157342233792 9.2765995617935264 -0.097323605478249989 7.780640008579593 16.622981186292659 -2.0139709019230607 9.9218580555503131 -5.2613598647387896 5.5189867355268412 -1.7196098191085198 5.6574138314655924 -0.54560201711060374 5.9213364240262658 24.493272920981084 -1.3890390061975126 2.6162284392842308 -0.79098407723286024 -2.0227175144993015 4.8488311350305899 1.5927818207224664
leaf_weight=1710 538 982 13352 418 3735 3002 323 463 59 2438 193 2174 826 1844 502 2428 1213 163 273 831 2862 213 69 601 5081 47 17316 660 1064 265 912 216 1748 898 53 3530 1492 132 1490 1392 221 275 550 54 799 241 20 1680 75 74 112 462 98 4447 303 47 257 158 723 64 150 925
leaf_count=1710 538 982 13352 418 3735 3002 323 463 59 2438 193 2174 826 1844 502 2428 1213 163 273 831 2862 213 69 601 5081 47 17316 660 1064 265 912 216 1748 898 53 3530 1492 132 1490 1392 221 275 550 54 799 241 20 1680 75 74 112 462 98 4447 303 47 257 158 723 64 150 925
internal_value=0.0171493 1.73672 -0.67936 0.871423 -1.0804 1.52485 3.12885 4.98756 0.811407 -0.749822 0.369768 2.60094 0.992292 0.420752 4.41112 2.2493 4.9964 6.20821 8.66408 1.24502 3.8854 5.86706 7.70161 -0.385245 0.218659 1.30559 -1.00161 -1.21003 -0.378304 0.858633 -0.291603 1.50334 -0.660893 -0.0215658 -0.121824 0.122111 -1.06038 0.89015 2.15881 0.166552 7.52665 8.17039 2.14356 0.899905 -1.81428 4.32981 3.25078 -0.960651 3.16141 2.98838 10.0792 1.3579 -0.427842 -0.921912 8.53439 1.39649 3.16607 7.28621 0.106996 5.26957 0.888714 2.46255
internal_weight=89243 25727 63516 20333 50050 14904 3722 5394 13466 36698 10797 2669 11182 7687 4628 3495 1869 495 332 1853 4021 990 607 4685 7566 2485 29132 22521 5205 1850 6611 1128 5483 9087 8894 7996 3355 4466 1622 2844 656 488 1435 885 2291 1067 3031 3524 3011 2936 333 1161 560 5429 766 1452 612 205 840 117 407 1190
internal_count=89243 25727 63516 20333 50050 14904 3722 5394 13466 36698 10797 2669 11182 7687 4628 3495 1869 495 332 1853 4021 990 607 4685 7566 2485 29132 22521 5205 1850 6611 1128 5483 9087 8894 7996 3355 4466 1622 2844 656 488 1435 885 2291 1067 3031 3524 3011 2936 333 1161 560 5429 766 1452 612 205 840 117 407 1190
cat_boundaries=0 5 10 15 20 22 25 30 31 36 41 46 51 56 61 66 71 76 81 85 89
cat_threshold=1729975212 67371027 512 612368644 262976 1703609004 537198673 142623232 9477 262976 0 3542627840 842203146 3239447040 8429600 268436480 2435331976 3003809802 40108672 8224 524424 262160 524288 537133121 134217728 2149722177 676397152 213933060 402752515 16388 538443784 142770176 549486592 2290090001 134317128 3147802 12749904 5310592 17524 2728016 6164 2147491842 537018632 1275887872 4194466 2097152 2182385984 1220542464 4205648 679563328 2099222 168067329 163842 4202517 671813706 9062426 33589506 1212186624 4194325 671305802 1196050 0 536870912 134217728 0 262144 33637252 16 0 8388864 262464 402653186 149772 17596672 4219032 3869704 0 2150106112 8 0 8388608 1627521056 536936448 512 256 75497472 1 0 4
is_linear=0
shrinkage=0.05


Tree=41
num_leaves=63
num_cat=20
split_feature=1 7 7 7 1 1 1 1 7 7 4 0 7 4 4 7 4 4 4 8 7 4 7 4 4 3 3 4 4 7 4 8 7 4 7 4 4 4 4 0 3 3 7 3 7 7 4 4 4 1 1 7 7 7 3 7 4 0 4 7 4 4
split_gain=4.50241e+07 3.02547e+07 1.08359e+07 8.00234e+06 6.1564e+06 7.93687e+06 4.91423e+06 1.02684e+07 4.06232e+06 3.8721e+06 3.50473e+06 3.47676e+06 3.2557e+06 3.08775e+06 6.90133e+06 5.59564e+06 3.29322e+06 2.3474e+06 2.39527e+06 2.91852e+06 2.55921e+06 2.34004e+06 2.32283e+06 2.28638e+06 2.16916e+06 3.03301e+06 2.10624e+06 2.03166e+06 2.23731e+06 1.89583e+06 1.85255e+06 2.0646e+06 1.86583e+06 5.33e+06 1.86461e+06 1.82799e+06 1.84665e+06 1.77115e+06 1.74504e+06 1.7308e+06 1.65206e+06 1.64515e+06 1.60474e+06 1.52955e+06 1.50485e+06 1.50162e+06 1.49657e+06 2.30411e+06 3.11024e+06 1.49656e+06 1.78198e+06 1.45375e+06 1.4099e+06 1.40881e+06 1.9958e+06 1.34776e+06 1.76705e+06 1.28716e+06 1.27393e+06 2.66913e+06 1.62553e+06 1.23533e+06
threshold=3.5000000000000004 0 1 2 5.5000000000000009 4.5000000000000009 5.5000000000000009 4.5000000000000009 3 4 12.500000000000002 0.42519693100000006 5 32.500000000000007 21.500000000000004 6 1.5000000000000002 35.500000000000007 24.500000000000004 1.0000000180025095e-35 7 50.500000000000007 8 12.500000000000002 50.500000000000007 25.500000000000004 16.500000000000004 6.5000000000000009 15.500000000000002 9 10.500000000000002 1.0000000180025095e-35 10 11.500000000000002 11 51.500000000000007 50.500000000000007 7.5000000000000009 31.500000000000004 0.027559056000000002 7.5000000000000009 26.500000000000004 12 23.500000000000004 13 14 1.5000000000000002 6.5000000000000009 14.500000000000002 5.5000000000000009 4.5000000000000009 15 16 17 18.500000000000004 18 20.500000000000004 0.047244100000000004 43.500000000000007 19 46.500000000000007 10.500000000000002
decision_type=2 9 9 9 2 2 2 2 9 9 2 2 9 2 2 9 2 2 2 2 9 2 9 2 2 2 2 2 2 9 2 2 9 2 9 2 2 2 2 2 2 2 9 2 9 9 2 2 2 2 2 9 9 9 2 9 2 2 2 9 2 2
left_child=3 6 42 13 5 45 7 51 -9 -7 37 23 -5 14 16 -16 -1 18 19 46 -20 -15 -6 26 -19 43 -11 -18 30 57 31 53 33 -32 -35 36 58 -10 -22 -12 -34 -23 -3 -26 -40 -4 -14 -48 52 50 -44 -2 -49 54 -29 56 -50 -8 59 -25 -60 -54
right_child=1 2 4 12 22 9 29 8 10 11 39 -13 17 21 15 -17 27 24 20 -21 38 41 -24 35 25 -27 -28 28 -30 -31 32 -33 40 34 -36 -37 -38 -39 44 -41 -42 -43 49 -45 -46 -47 47 48 55 -51 -52 -53 61 -55 -56 -57 -58 -59 60 -61 -62 -63
leaf_value=5.9278420437361872 4.716971761086266 -4.8031734233757657 1.7258702940994022 -2.0335246143614598 1.1405391788485491 1.3539960309266412 2.7237140333260736 4.0338486197694188 9.6017201297920156 3.2847596875203955 5.902605748552137 7.7404320770454467 1.7416550704435954 -1.2471768492708812 9.6446487309311735 2.1866383678474559 -2.428606475669882 -1.9415362391480917 1.5579280405327898 2.2505682505544038 0.20348083779290779 1.5465527980683511 -0.70137010208252903 3.9557042275087095 0.14264152520855358 4.9674586735951216 7.7188931634734308 -0.68791182041168231 -1.6028786902468646 0.90142033401291788 17.668646911687631 7.5295813713865378 6.0381269356969991 -2.860900245745047 5.2901010275933302 10.226454230632765 -5.0143628648265226 15.854952411661541 -3.5128764492935804 9.6360302954267354 -0.37910512040717537 11.206481238111051 -1.291772411703753 -4.7111707314083509 -0.34761975494803526 0.12872595499640882 -2.6026554232060537 1.6479893334261915 -1.9262439591768321 -1.8245270856790778 0.55585223070997791 2.0104263018080237 -1.3028695395117889 -1.7053831764674721 12.372659184274601 -2.3724538665402282 1.1549199544578819 6.2853550920583814 7.687621816448905 0.62511821997159411 2.4810682862127376 0.56846801026639981
leaf_weight=208 680 257 2024 10715 2681 2717 1036 852 278 597 921 488 411 3630 284 1918 1046 8326 2049 632 2479 367 4693 1085 652 274 486 80 1203 1328 73 77 126 101 195 77 81 192 754 469 490 50 2597 216 758 5346 2758 993 1190 2638 2623 2038 1991 845 46 3458 764 336 258 1365 358 1583
leaf_count=208 680 257 2024 10715 2681 2717 1036 852 278 597 921 488 411 3630 284 1918 1046 8326 2049 632 2479 367 4693 1085 652 274 486 80 1203 1328 73 77 126 101 195 77 81 192 754 469 490 50 2597 216 758 5346 2758 993 1190 2638 2623 2038 1991 845 46 3458 764 336 258 1365 358 1583
internal_value=0.0164338 1.30573 0.579563 -0.961833 1.14977 1.73565 4.01276 4.88453 7.06122 2.87936 8.38091 3.73302 -1.28698 0.250331 0.909882 3.20265 -0.214589 -1.01326 -0.704213 -1.06812 0.126021 -0.839659 -0.0310958 3.28747 -1.66125 0.382202 5.27513 -0.513092 0.10613 2.27427 1.11744 -0.345825 2.67419 5.43058 2.59084 2.61963 2.43319 12.1591 -0.611518 7.16291 0.919347 2.70724 -0.983745 -1.06562 -1.95172 0.569879 -1.22766 -1.32348 -0.969923 -0.852822 -0.363365 2.71246 -0.00899777 -0.971059 3.78599 -1.7808 -0.717857 3.57033 2.6301 2.11889 4.66264 -0.472698
internal_weight=89243 38501 30371 50742 22256 14882 8130 5430 2712 7512 1860 4795 40003 10739 6692 2202 4490 29288 19820 13780 6040 4047 7374 4307 9468 1142 1083 4282 3236 2700 2033 1048 985 369 296 3224 3147 470 3991 1390 616 417 8115 868 1512 7370 13148 12737 9979 7858 5220 2718 4567 971 126 5412 1954 1372 3066 2450 616 3574
internal_count=89243 38501 30371 50742 22256 14882 8130 5430 2712 7512 1860 4795 40003 10739 6692 2202 4490 29288 19820 13780 6040 4047 7374 4307 9468 1142 1083 4282 3236 2700 2033 1048 985 369 296 3224 3147 470 3991 1390 616 417 8115 868 1512 7370 13148 12737 9979 7858 5220 2718 4567 971 126 5412 1954 1372 3066 2450 616 3574
cat_boundaries=0 5 10 15 20 25 30 35 40 45 50 54 58 60 65 70 75 80 83 88 93
cat_threshold=1696584616 67371025 16896 67110149 262976 268435456 2200450560 2987556874 3276145280 8429600 1679360684 738525203 138428932 65797 262976 164096 16 16384 1025 262464 2147484672 1342357900 1147740417 1071138 2314248 268436480 2418546056 3072950314 19139072 12320 0 537133056 134217728 0 262144 61114624 12615680 264336 679628874 1198098 176162820 1754267714 146801684 679567450 149508 1639304 17 0 1029 262976 1611137036 537198608 134218240 256 536870912 65536 512 256 0 1024 2147639297 33572928 136448 1414561952 11109508 41943106 676397120 146805840 134291520 16402 656008 262160 0 0 64 10539328 26216512 8397888 2214592512 4 0 67108881 4 2183292930 1074790464 1082135552 79864834 11256836 35661829 675348546 142613504 276856840 1572868
is_linear=0
shrinkage=0.05


Tree=42
num_leaves=63
num_cat=22
split_feature=5 7 7 7 7 4 0 0 0 7 7 7 4 7 4 4 7 4 4 7 4 4 4 4 2 0 7 4 10 2 4 10 7 10 7 4 8 4 7 2 7 4 7 4 2 7 4 4 7 4 10 4 7 7 4 7 4 4 4 4 7 4
split_gain=3.48288e+07 2.36997e+07 1.25858e+07 7.92641e+06 4.96391e+06 4.37632e+06 3.83808e+06 3.68476e+06 3.23717e+06 2.97547e+06 2.9513e+06 2.75623e+06 2.71386e+06 2.84896e+06 2.66696e+06 3.60717e+06 2.86189e+06 2.27861e+06 2.27274e+06 2.16804e+06 1.98755e+06 1.85305e+06 2.58803e+06 1.84237e+06 1.77e+06 2.77145e+06 1.63889e+06 2.16432e+06 1.58588e+06 1.65736e+06 1.64792e+06 1.70804e+06 2.40536e+06 1.88258e+06 1.64011e+06 1.62371e+06 3.47308e+06 2.07862e+06 4.02518e+06 6.61802e+06 1.47613e+06 1.47046e+06 1.45672e+06 1.37998e+06 2.19511e+06 1.55682e+06 1.33831e+06 1.30936e+06 1.304e+06 1.27209e+06 1.86177e+06 1.26709e+06 1.24858e+06 1.21645e+06 1.20376e+06 1.19432e+06 1.18397e+06 1.62675e+06 1.39263e+06 1.60764e+06 1.64783e+06 5.9514e+06
threshold=1.0000000180025095e-35 0 1 2 3 18.500000000000004 0.26377953600000009 0.08267716700000001 0.094488200000000008 4 5 6 12.500000000000002 7 51.500000000000007 50.500000000000007 8 6.5000000000000009 35.500000000000007 9 47.500000000000007 32.500000000000007 7.5000000000000009 51.500000000000007 10.500000000000002 0.27952753000000002 10 51.500000000000007 3.5000000000000004 8.5000000000000018 24.500000000000004 36.500000000000007 11 37.500000000000007 12 46.500000000000007 1.0000000180025095e-35 20.500000000000004 13 1.5000000000000002 14 50.500000000000007 15 32.500000000000007 5.5000000000000009 16 1.5000000000000002 46.500000000000007 17 6.5000000000000009 33.500000000000007 31.500000000000004 18 19 35.500000000000007 20 1.5000000000000002 6.5000000000000009 14.500000000000002 10.500000000000002 21 11.500000000000002
decision_type=2 9 9 9 9 2 2 2 2 9 9 9 2 9 2 2 9 2 2 9 2 2 2 2 2 2 9 2 2 2 2 2 9 2 9 2 2 2 9 2 9 2 9 2 2 9 2 2 9 2 2 2 9 9 2 9 2 2 2 2 9 2
left_child=2 6 7 -3 -4 10 12 9 28 46 -5 21 13 17 15 16 18 -2 42 20 -14 22 -9 41 25 55 27 54 35 30 31 40 33 -33 -32 37 -37 38 39 -6 -30 -21 -7 44 56 -46 -1 -26 -8 -12 -51 -36 -39 -20 -10 -18 -11 -58 59 -59 61 -61
right_child=1 3 4 5 8 14 48 11 26 43 49 -13 19 -15 -16 -17 24 -19 53 23 -22 -23 -24 -25 47 -27 -28 -29 29 -31 34 32 -34 -35 51 36 -38 52 -40 -41 -42 -43 -44 -45 45 -47 -48 -49 -50 50 -52 -53 -54 -55 -56 -57 57 58 -60 60 -62 -63
leaf_value=10.972649997922336 5.5145174063405547 -0.85865037582269721 -1.8029192534488272 4.0577696483646788 -0.83729674850888891 8.7510005801001949 4.8499571075424948 -1.4686711249214341 1.9625837222751568 4.100876330666634 0.27469951702990386 1.6172172817725643 6.23224293620342 3.3632246738016329 5.5591214650287473 -5.1144918667709725 -1.8110946280046116 11.835552646314884 -0.99281980893787181 2.4720498446454147 -0.75276944291273351 1.5148295579330824 10.076833746826985 10.858240634825972 3.6274064391272356 2.583541713225201 -0.19645913595413686 13.60823587651398 -0.57269736488224354 -1.7602580846568163 1.2742649876684147 13.351712490774482 -1.1075037065968165 2.0288561992868202 0.20331992633033349 2.8496589890120125 -4.1489046868134887 -0.03424129434673695 -0.69096553046621245 10.17622938125762 -1.9074953162682933 -5.1438690537223444 2.7510838207754436 -0.85308167861148176 6.8361273980136721 1.4460684305456588 1.8597347001052604 0.37179124564065302 9.598291649524576 3.3673977758224725 0.35201303583688354 -1.8761137635263165 -2.0323313789235633 1.8226643869795425 -0.91861518509693729 -0.034202209294633405 -2.2967698836443473 -0.16478251761965962 -0.98758794574745823 22.690488288255764 1.2005378064930381 2.4385746036278606
leaf_weight=41 281 5394 13369 1970 288 104 335 59 1471 151 1164 2093 833 565 278 269 1854 290 702 2410 116 163 273 64 530 668 5645 36 3226 6943 1568 39 1171 602 1646 911 220 1209 1465 259 5928 65 1642 3399 140 1506 2054 740 448 1461 788 1320 2241 825 481 1931 872 818 1314 47 390 158
leaf_count=41 281 5394 13369 1970 288 104 335 59 1471 151 1164 2093 833 565 278 269 1854 290 702 2410 116 163 273 64 530 668 5645 36 3226 6943 1568 39 1171 602 1646 911 220 1209 1465 259 5928 65 1642 3399 140 1506 2054 740 448 1461 788 1320 2241 825 481 1931 872 818 1314 47 390 158
internal_value=0.0157475 1.56777 -0.612897 0.783169 -0.978073 1.37667 4.50652 0.743019 -0.676933 0.340536 2.51753 2.43941 3.96651 6.0891 0.734565 0.589744 0.760368 8.5762 1.93679 3.27506 5.32236 5.7657 8.02523 2.47893 0.0840145 -0.385436 0.239152 1.46963 -0.917987 -1.11827 -0.830685 -1.16219 0.240359 2.67798 -0.0289022 -0.236215 1.48806 -0.593278 0.683953 4.29982 -1.43981 2.27183 3.17482 -0.0638926 0.433114 1.95522 2.02891 1.73062 7.75214 1.61179 2.31094 -0.719723 -1.33814 0.533767 1.2526 -0.909476 -0.235024 -0.417052 0.184078 1.27365 3.25089 6.76088
internal_weight=89243 25727 63516 20320 50038 14926 5407 13478 36669 10890 5383 2588 4624 1136 9543 9265 8996 571 3273 3488 949 495 332 2539 5723 4453 7633 1988 29036 22443 15500 10966 1812 641 4534 6593 1131 5462 2012 547 9154 2475 1746 8795 5396 1646 2095 1270 783 3413 2249 2966 3450 1527 1952 3785 3750 3599 2727 1413 595 205
internal_count=89243 25727 63516 20320 50038 14926 5407 13478 36669 10890 5383 2588 4624 1136 9543 9265 8996 571 3273 3488 949 495 332 2539 5723 4453 7633 1988 29036 22443 15500 10966 1812 641 4534 6593 1131 5462 2012 547 9154 2475 1746 8795 5396 1646 2095 1270 783 3413 2249 2966 3450 1527 1952 3785 3750 3599 2727 1413 595 205
cat_boundaries=0 5 10 15 20 22 27 30 35 40 45 50 55 60 65 70 73 78 83 88 93 98 102
cat_threshold=1696453548 67371027 512 612368644 262976 1695220396 537198673 142624256 9477 262976 0 3542628096 842072074 3239447040 10493984 268436480 2435331720 3003809802 56885888 8224 524936 262160 46268498 139560992 134217812 631897 18454 524288 537133121 134217728 1678545192 67108865 512 67108868 512 2183276545 675348544 213933056 402752523 1574916 538509960 0 0 0 262144 2156953920 146800640 2128 679559232 2099222 4227394 1288734752 1114292 603996168 1200273 2192607552 146800640 4458516 680218698 1196048 12616000 76578816 5513285 604114944 149521 2153805826 1209008388 1077940480 2425389058 2344966 0 536870912 134217728 0 536870912 134217728 0 262144 537186304 67108882 512 67108864 262912 2183161857 1212154114 4200448 1343340610 11207684 2149591040 536936512 134222848 268468224 1572868 281019472 9470112 1073783025 2625600 135187 1627521056 536936448 512 256
is_linear=0
shrinkage=0.05


Tree=43
num_leaves=63
num_cat=23
split_feature=1 7 7 7 1 1 1 1 7 7 1 1 7 2 10 10 2 2 7 10 7 7 8 3 2 7 7 10 10 7 1 1 9 2 7 2 3 2 10 10 2 7 7 7 2 7 7 2 3 7 2 9 2 7 7 1 7 10 10 10 9 7
split_gain=3.78767e+07 2.51414e+07 9.17672e+06 6.5142e+06 5.79664e+06 6.65167e+06 4.78746e+06 7.74805e+06 3.58737e+06 3.52642e+06 2.71316e+06 4.04339e+06 3.39079e+06 2.7077e+06 2.5741e+06 2.20988e+06 2.0092e+06 3.68091e+06 2.50084e+06 1.93291e+06 1.92621e+06 1.89021e+06 1.82508e+06 1.75889e+06 1.72468e+06 1.66275e+06 1.62963e+06 1.58753e+06 2.13693e+06 1.55421e+06 1.4893e+06 1.70439e+06 1.37456e+06 1.3189e+06 1.30162e+06 1.23807e+06 1.30778e+06 1.226e+06 1.22248e+06 1.22131e+06 1.18278e+06 1.14809e+06 1.12478e+06 1.07029e+06 1.04158e+06 1.87766e+06 1.47599e+06 1.24844e+06 1.46542e+06 1.01564e+06 994882 1.3384e+06 967172 954682 944915 935948 902978 1.06473e+06 898348 3.85258e+06 897931 888576
threshold=3.5000000000000004 0 1 2 5.5000000000000009 4.5000000000000009 5.5000000000000009 4.5000000000000009 3 4 1.5000000000000002 2.5000000000000004 5 4.5000000000000009 2.5000000000000004 2.5000000000000004 8.5000000000000018 5.5000000000000009 6 35.500000000000007 7 8 1.0000000180025095e-35 7.5000000000000009 4.5000000000000009 9 10 24.500000000000004 3.5000000000000004 11 5.5000000000000009 4.5000000000000009 1.0000000180025095e-35 9.5000000000000018 12 10.500000000000002 23.500000000000004 3.5000000000000004 24.500000000000004 37.500000000000007 4.5000000000000009 13 14 15 10.500000000000002 16 17 11.500000000000002 27.500000000000004 18 11.500000000000002 1.0000000180025095e-35 11.500000000000002 19 20 1.5000000000000002 21 28.500000000000004 21.500000000000004 24.500000000000004 1.0000000180025095e-35 22
decision_type=2 9 9 9 2 2 2 2 9 9 2 2 9 2 2 2 2 2 9 2 9 9 2 2 2 9 9 2 2 9 2 2 2 2 9 2 2 2 2 2 2 9 9 9 2 9 9 2 2 9 2 2 2 9 9 2 9 2 2 2 2 9
left_child=3 6 30 14 5 27 7 32 -9 24 21 12 -12 -10 26 33 17 19 55 25 -17 22 -5 -21 -7 58 -1 28 35 50 31 -3 38 -6 -33 -4 -37 -36 61 -25 42 -14 -11 -13 45 -26 -46 -48 -49 -32 -8 -52 -24 -30 -42 -19 57 -29 -16 -60 -43 -2
right_child=1 2 4 10 15 9 29 8 13 40 11 43 41 -15 16 20 -18 18 -20 23 -22 -23 52 39 44 -27 -28 56 53 -31 49 34 -34 -35 37 36 -38 -39 -40 -41 54 60 -44 -45 46 -47 47 48 -50 -51 51 -53 -54 -55 -56 -57 -58 -59 59 -61 -62 -63
leaf_value=4.4057936982180124 3.0615629238115303 -1.3199419048024579 0.90526567770789201 -1.0490668149607387 3.152753407653476 5.8284912565705458 3.5750247392053063 3.9418003878120382 10.648719740329774 0.7410669538268907 1.4624923875928535 -2.3393888777902871 -1.4711195421010721 6.4378822277768553 -0.46153447946590093 0.6922600222306251 -1.2992138255249133 3.062176931966393 1.1251684626768605 5.749763163079745 -1.1309082981403664 -1.8838019147150544 3.0099843398464277 5.9542849977308823 4.9298911756281925 -2.0298507288225034 1.0130933274104477 10.839772885263303 0.72476508944564844 0.71127020197221702 -0.17370804402848253 -0.97463891349927234 8.3870399402690818 -0.36697409008685122 3.5386635988174322 0.95322170122818584 6.155015096597424 0.50135560688827341 4.9660422142622194 -0.79271519355572173 0.26056708691556291 -0.34345219066437255 3.7249013014353696 -1.161089915049035 -0.097741282766267701 0.9953844987807744 9.8734860692129338 1.3849196435464866 12.517811412761217 -2.4155074533155023 1.4804897486146551 -11.419451385665225 -7.1161034390270945 -0.78576369814859348 2.0255635792895372 7.7429591004905634 1.1466505326669563 3.2556341951079739 14.114261334236909 -0.028288238124634754 2.3538513007322597 1.0193711774158716
leaf_weight=470 991 2674 1104 4908 755 963 1248 1021 584 454 2678 2659 2537 1105 985 2287 2651 207 1825 200 3922 14587 391 79 483 1918 1430 53 1562 1327 686 1000 100 411 449 212 281 1277 398 441 1340 4530 1194 7350 110 833 178 132 38 2029 101 25 25 3122 1775 221 700 362 59 260 331 1215
leaf_count=470 991 2674 1104 4908 755 963 1248 1021 584 454 2678 2659 2537 1105 985 2287 2651 207 1825 200 3922 14587 391 79 483 1918 1430 53 1562 1327 686 1000 100 411 449 212 281 1277 398 441 1340 4530 1194 7350 110 833 178 132 38 2029 101 25 25 3122 1775 221 700 362 59 260 331 1215
internal_value=0.0151682 1.19771 0.536513 -0.882097 1.06094 1.629 3.66829 4.5306 6.41999 2.67822 -1.17558 -0.765845 -0.0587797 7.84793 0.211137 -0.0849979 -0.147315 0.345624 1.95773 -0.575778 -0.460075 -1.58948 -0.778076 1.76621 4.10986 -1.09917 1.88105 0.565012 0.256353 1.95331 -0.902269 -0.423074 2.63685 1.91217 0.456701 1.83574 3.9188 1.2842 2.41571 0.233248 1.84298 -0.610629 2.93009 -1.47764 3.1998 2.48472 5.25346 6.75329 3.87937 -1.85864 3.1248 -1.08601 2.39987 -0.282164 1.27368 5.35528 2.30356 4.12717 0.28318 2.59101 -0.159411 1.95538
internal_weight=89243 38501 30386 50742 22271 14896 8115 5414 2710 7500 39996 20085 10076 1689 10746 7375 8846 6195 2253 3942 6209 19911 5324 720 2737 3222 1900 7396 6281 2701 8115 5400 2704 1166 2726 1597 493 1726 2604 520 4763 7398 1648 10009 1774 1316 458 348 170 2715 1374 126 416 4684 3115 428 1115 415 1304 319 4861 2206
internal_count=89243 38501 30386 50742 22271 14896 8115 5414 2710 7500 39996 20085 10076 1689 10746 7375 8846 6195 2253 3942 6209 19911 5324 720 2737 3222 1900 7396 6281 2701 8115 5400 2704 1166 2726 1597 493 1726 2604 520 4763 7398 1648 10009 1774 1316 458 348 170 2715 1374 126 416 4684 3115 428 1115 415 1304 319 4861 2206
cat_boundaries=0 5 10 15 20 25 30 33 38 43 48 50 55 60 65 70 75 80 85 90 95 100 105 110
cat_threshold=1730134696 67436561 16896 67110149 262976 1024 2200450560 3004334090 1128530562 8429600 1645806252 743768083 138428420 65797 262720 33718400 65552 16384 1025 262464 14684501 542115874 142608432 680108104 1050640 2179364928 8388676 9438914 2160082944 9503762 524416 537133057 134217728 276826372 1217396738 13112404 679632984 149510 201363712 1099038720 1073781072 679638088 149780 537395756 1376272 16384 256 262144 1074331784 537133057 35193480 17 0 1029 262976 0 2149581824 570425352 4194306 8429600 134217730 3240642048 890013960 17078976 2105344 2415919104 1073889288 71827712 269631488 2228224 10486784 2460488972 839974962 2187592192 8396960 4101 541065218 142606336 8486912 1048576 2097157 536870912 134217728 8421376 1048576 0 16777216 2147516416 37748738 32800 8388614 1209008228 1086592084 142698496 2244618 268435456 1342324996 1074340161 2150782976 151552 2153785410 676331880 142677216 268478528 16401 84542120 262161 0 1024 576
is_linear=0
shrinkage=0.05


Tree=44
num_leaves=63
num_cat=0
split_feature=1 1 1 4 1 1 8 4 10 2 3 0 4 4 4 8 4 9 4 4 3 4 9 3 4 0 3 4 0 10 2 4 3 3 3 3 2 2 2 4 4 2 10 10 4 2 4 4 3 3 9 0 4 0 4 10 4 4 4 9 3 10
split_gain=3.41926e+07 1.04465e+07 1.32027e+07 6.01968e+06 4.35126e+06 6.46597e+06 3.75205e+06 3.31435e+06 3.0346e+06 3.64401e+06 3.47573e+06 3.01903e+06 2.93194e+06 3.0902e+06 3.86582e+06 2.91995e+06 2.83266e+06 2.81519e+06 3.38621e+06 2.98533e+06 2.60185e+06 2.52824e+06 3.56685e+06 3.4475e+06 2.30243e+06 2.30004e+06 1.95567e+06 1.82051e+06 1.69345e+06 1.74527e+06 1.67845e+06 1.60478e+06 2.18149e+06 2.32833e+06 3.77139e+06 2.13139e+06 1.96068e+06 1.58604e+06 2.13454e+06 1.54631e+06 1.54103e+06 1.8232e+06 1.47327e+06 1.45728e+06 1.45323e+06 1.49998e+06 1.42455e+06 2.01174e+06 1.37977e+06 1.3348e+06 1.33415e+06 1.31847e+06 1.29099e+06 1.24468e+06 1.24082e+06 1.23661e+06 1.23311e+06 1.86947e+06 1.57443e+06 2.08708e+06 1.17367e+06 2.36449e+06
threshold=3.5000000000000004 5.5000000000000009 4.5000000000000009 18.500000000000004 1.5000000000000002 2.5000000000000004 1.0000000180025095e-35 1.5000000000000002 2.5000000000000004 11.500000000000002 30.500000000000004 0.011811025500000001 6.5000000000000009 32.500000000000007 24.500000000000004 1.0000000180025095e-35 2.5000000000000004 1.0000000180025095e-35 33.500000000000007 51.500000000000007 23.500000000000004 50.500000000000007 1.0000000180025095e-35 26.500000000000004 14.500000000000002 0.41338588300000007 15.500000000000002 10.500000000000002 0.10629921050000002 45.500000000000007 11.500000000000002 12.500000000000002 10.500000000000002 14.500000000000002 16.500000000000004 7.5000000000000009 1.5000000000000002 10.500000000000002 9.5000000000000018 50.500000000000007 51.500000000000007 7.5000000000000009 4.5000000000000009 19.500000000000004 1.5000000000000002 11.500000000000002 32.500000000000007 20.500000000000004 13.500000000000002 13.500000000000002 1.0000000180025095e-35 0.098425191000000009 20.500000000000004 0.47244097300000004 13.500000000000002 44.500000000000007 6.5000000000000009 34.500000000000007 25.500000000000004 1.0000000180025095e-35 17.500000000000004 3.5000000000000004
decision_type=2 2 2 2 2 2 2 2 2 2 2 2 2 2 2 2 2 2 2 2 2 2 2 2 2 2 2 2 2 2 2 2 2 2 2 2 2 2 2 2 2 2 2 2 2 2 2 2 2 2 2 2 2 2 2 2 2 2 2 2 2 2
left_child=4 2 17 16 15 7 11 -6 9 -3 -11 -5 -9 14 24 44 42 18 28 -20 -19 22 -15 -23 27 31 43 -14 -2 49 37 32 35 -34 -35 -18 -36 38 -17 46 41 -28 -4 -10 45 -1 47 50 -13 -30 55 -16 -26 -41 -45 -7 -46 58 -58 -60 -59 -62
right_child=1 8 3 6 5 39 -8 12 26 10 -12 48 13 21 51 30 25 20 19 -21 -22 23 -24 -25 52 -27 40 -29 29 -31 -32 -33 33 34 36 -37 -38 -39 -40 53 -42 -43 -44 54 56 -47 -48 -49 -50 -51 -52 -53 -54 -55 -56 -57 57 60 59 -61 61 -63
leaf_value=-2.7306686562970341 0.62815314495960251 2.5091268171075094 3.4294886186266669 1.1631070571055449 6.3254652334814274 -1.8815470649236059 10.838019337361848 -1.8918640211880779 -1.5502943654009744 -10.31842145016668 1.8668231303918572 1.8470983368830969 0.36887623711812129 -1.1578281373828154 2.4388390676555192 1.2582041859417223 5.1168865602964697 0.64350874453282469 -1.0456608016379203 4.6180517671942622 7.9374499641291978 0.66897606509961072 5.0936970354800684 10.568045542042844 -1.5170777924995591 7.9320066654184735 0.94823047362293811 3.307888618191833 0.40693409247210649 10.943159361770817 -5.0825217610304634 2.821349801033266 10.773968294803147 -0.5402722302330395 3.6529693063287709 -0.35613897489830365 7.7481480069933113 6.5053381412683366 -3.7621350743374045 0.77349110301350166 5.8100349752390033 -0.93243162440245575 -2.0195328538910613 2.8874364206487755 -2.6274603150194853 3.986866944613729 -2.0001118448941844 0.17686396923042083 4.0458232405051184 3.1525326017658526 3.8533898047247441 5.5428310617216852 0.85049848856009869 9.4110795010196409 -0.52412000759430633 0.8158439850011997 -1.3869317454574634 -2.5764580947469522 -0.38769085317211022 6.3602667701082858 0.99069424559296637 -2.014543719067297
leaf_weight=127 6146 1795 247 5127 233 4336 119 1351 3878 115 119 1190 1183 3965 1503 1479 402 244 3983 247 245 373 242 115 1452 484 3129 950 732 57 124 1267 220 236 447 319 846 119 247 438 124 2191 249 353 2225 240 4437 2861 1783 1120 114 443 954 46 1087 471 8777 4117 3852 118 836 3014
leaf_count=127 6146 1795 247 5127 233 4336 119 1351 3878 115 119 1190 1183 3965 1503 1479 402 244 3983 247 245 373 242 115 1452 484 3129 950 732 57 124 1267 220 236 447 319 846 119 247 438 124 2191 249 353 2225 240 4437 2861 1783 1120 114 443 954 46 1087 471 8777 4117 3852 118 836 3014
internal_value=0.0145153 1.13808 1.719 2.84493 -0.837998 -0.376731 2.02778 0.418067 -0.0295908 1.74404 -4.12348 1.89821 0.308176 0.574045 1.28134 -1.30277 4.26868 0.578776 0.430666 -0.71484 4.29882 -0.402915 -0.798107 3.00345 0.481981 4.68869 -0.363993 1.67796 1.03222 2.333 0.546151 4.26843 5.01057 5.96464 5.27199 2.69567 6.33281 0.924704 0.539587 -1.17534 0.302177 0.173691 0.694126 -1.04594 -1.45897 1.66215 -1.28514 -0.877465 3.16584 2.06742 -1.49043 3.1457 -0.578315 1.5962 0.312324 -1.61724 -1.50891 -1.38875 -1.01321 -0.186965 -1.98959 -1.36197
internal_weight=89243 38501 25710 12936 50742 25467 8219 12764 12791 2029 234 8100 12531 11180 6485 25275 4717 12774 12285 4230 489 4695 4207 488 4539 4221 10762 2133 8055 1909 1969 3737 2470 1749 1529 721 1293 1845 1726 12703 5444 5320 496 5318 23306 367 12219 7782 2973 1852 4921 1946 2406 484 1440 4807 22939 20714 12747 3970 7967 3850
internal_count=89243 38501 25710 12936 50742 25467 8219 12764 12791 2029 234 8100 12531 11180 6485 25275 4717 12774 12285 4230 489 4695 4207 488 4539 4221 10762 2133 8055 1909 1969 3737 2470 1749 1529 721 1293 1845 1726 12703 5444 5320 496 5318 23306 367 12219 7782 2973 1852 4921 1946 2406 484 1440 4807 22939 20714 12747 3970 7967 3850
is_linear=0
shrinkage=0.05


Tree=45
num_leaves=63
num_cat=20
split_feature=1 7 7 7 0 1 1 7 7 7 7 2 7 2 0 0 10 7 7 10 10 0 7 1 10 10 7 2 2 2 1 2 8 1 1 1 1 7 7 1 1 7 0 10 2 10 10 10 7 7 1 1 0 7 7 2 2 2 7 3 1 8
split_gain=2.90958e+07 2.50152e+07 8.44694e+06 6.50768e+06 5.95969e+06 5.14451e+06 6.60793e+06 3.53457e+06 3.02256e+06 2.56194e+06 2.53679e+06 2.155e+06 2.02446e+06 2.1971e+06 1.98161e+06 1.96046e+06 1.95796e+06 1.88813e+06 1.87266e+06 1.82931e+06 2.07387e+06 1.70573e+06 1.51904e+06 1.34396e+06 1.28293e+06 1.29971e+06 1.26301e+06 1.31578e+06 1.25897e+06 1.31812e+06 1.24928e+06 1.21412e+06 1.17849e+06 1.17467e+06 1.1718e+06 1.16623e+06 1.29153e+06 1.22212e+06 1.12928e+06 1.12262e+06 1.40492e+06 1.61736e+06 1.11939e+06 1.10368e+06 1.09718e+06 1.03967e+06 1.01889e+06 996766 963632 957952 953287 1.30763e+06 949453 946453 929312 920940 911495 1.14068e+06 984835 953465 896934 876644
threshold=3.5000000000000004 0 1 2 0.086614173000000017 5.5000000000000009 4.5000000000000009 3 4 5 6 4.5000000000000009 7 7.5000000000000009 0.051181109500000009 0.090551175500000011 3.5000000000000004 8 9 2.5000000000000004 15.500000000000002 0.12992126450000005 10 5.5000000000000009 38.500000000000007 3.5000000000000004 11 11.500000000000002 3.5000000000000004 7.5000000000000009 5.5000000000000009 4.5000000000000009 1.0000000180025095e-35 4.5000000000000009 4.5000000000000009 1.5000000000000002 2.5000000000000004 12 13 1.5000000000000002 2.5000000000000004 14 0.49606303900000009 22.500000000000004 8.5000000000000018 2.5000000000000004 24.500000000000004 3.5000000000000004 15 16 1.5000000000000002 2.5000000000000004 0.35039375700000003 17 18 5.5000000000000009 10.500000000000002 11.500000000000002 19 27.500000000000004 1.0000000180025095e-35 1.0000000180025095e-35
decision_type=2 9 9 9 2 2 2 9 9 9 9 2 9 2 2 2 2 9 9 2 2 2 9 2 2 2 9 2 2 2 2 2 2 2 2 2 2 9 9 2 2 9 2 2 2 2 2 2 9 9 2 2 2 9 9 2 2 2 9 2 2 2
left_child=3 4 22 10 8 6 24 11 55 -5 50 -8 13 52 39 35 26 -7 28 32 30 48 -3 34 25 -4 27 31 -17 42 33 -16 -10 -21 -14 -12 37 -37 -35 61 41 -41 -30 -18 53 -19 -45 -20 -9 -22 -1 -52 -6 -27 -48 -2 58 -58 -13 -59 -33 -11
right_child=1 2 5 9 12 17 7 21 19 14 15 56 23 -15 16 18 43 45 47 20 49 -23 -24 -25 -26 44 -28 -29 29 -31 -32 60 -34 38 -36 36 -38 -39 -40 40 -42 -43 -44 46 -46 -47 54 -49 -50 -51 51 -53 -54 -55 -56 -57 57 59 -60 -61 -62 -63
leaf_value=1.4207132838687282 9.6187893489162821 -4.6417146147700681 1.4652109770117092 -1.7291918915863982 8.7552631467974802 0.86827979157820767 6.6992382110976969 0.60316891875895817 4.2222123900975665 -1.5467322327012671 -0.83491048232000653 4.2324543499150113 4.0364498131650235 4.6932419062444666 7.4486547139596997 -0.75615038794307443 -0.92617609411858648 0.94135052711185985 3.323120670735626 1.0395756740711664 1.9546964491930652 3.648684135437573 -0.8587986322075466 2.5165372172775857 3.1017497040524482 -0.78915293975777034 0.36850667759605948 9.5491581254657092 8.2591595291014563 2.8281667308827863 0.032659438849408723 4.8306729173026248 13.227208918974467 1.4788898950699574 7.7258447443062543 2.5605366776516663 -0.54793930850360117 0.091343880412689191 5.0145216745954055 0.98325632339688218 -1.2802990557984766 -0.78388175561480811 20.168116982762083 6.5294841786594091 -1.1905093263937354 -1.1025505338404038 -1.5383492475693767 0.31919936872396848 2.0716137326361292 4.4889341243900756 8.297110235782716 2.0946370110220549 13.983982497979506 0.91036955084561721 1.1964199426805462 5.0056320217650097 8.5529301862450566 0.62818772446545967 0.92391704392278273 10.381914639242975 -0.45482043103729936 0.11752706669716413
leaf_weight=335 181 266 1586 10662 189 2722 648 2059 796 10170 4023 397 415 209 97 63 4369 737 340 1203 672 1052 7862 425 405 1234 940 76 94 93 1138 116 38 459 448 943 1934 1070 498 2012 5378 3591 25 70 1753 3991 440 1469 2508 1026 169 171 162 2395 996 270 154 129 546 31 260 858
leaf_count=335 181 266 1586 10662 189 2722 648 2059 796 10170 4023 397 415 209 97 63 4369 737 340 1203 672 1052 7862 425 405 1234 940 76 94 93 1138 116 38 459 448 943 1934 1070 498 2012 5378 3591 25 70 1753 3991 440 1469 2508 1026 169 171 162 2395 996 270 154 129 546 31 260 858
internal_value=0.0148841 1.04944 0.391296 -0.771858 3.51195 0.893265 1.43015 2.47258 2.78185 -1.06477 0.321822 4.33429 6.01216 8.60163 -0.82308 0.121079 -0.113374 -0.179096 1.48656 2.46213 2.1044 1.83037 -0.988207 4.78181 0.366352 0.20732 1.50603 3.38491 5.25781 7.2924 1.37337 2.46419 4.63405 2.0797 5.95237 -0.23583 0.374791 1.2613 3.38693 -1.06091 -0.703042 -0.148951 10.7759 -0.523825 -0.163382 -0.782279 0.643399 0.87908 1.41546 3.52411 3.26598 5.17918 11.1718 0.332793 0.356035 6.71002 3.14917 5.48231 2.37178 2.52331 1.17665 -1.41725
internal_weight=89368 38604 30475 50764 8129 22347 14897 7524 6281 40035 10729 1905 1848 560 29373 10054 7364 7450 2084 5830 4996 5619 8128 1288 7373 6968 1489 549 275 212 3298 473 834 2160 863 7970 3947 2013 957 22009 10981 5603 119 5875 5382 4728 1506 1809 4567 1698 675 340 351 3629 1436 451 1257 314 943 160 376 11028
internal_count=89368 38604 30475 50764 8129 22347 14897 7524 6281 40035 10729 1905 1848 560 29373 10054 7364 7450 2084 5830 4996 5619 8128 1288 7373 6968 1489 549 275 212 3298 473 834 2160 863 7970 3947 2013 957 22009 10981 5603 119 5875 5382 4728 1506 1809 4567 1698 675 340 351 3629 1436 451 1257 314 943 160 376 11028
cat_boundaries=0 5 10 15 20 21 26 28 33 38 41 43 48 53 58 63 68 73 78 83 88
cat_threshold=1704706728 537133073 16912 8389893 262992 268436480 3240637440 923369482 1128530562 8400928 1176062636 675545105 1216364544 8388869 279120 4460624 72419330 134219776 738304072 1048576 524296 1024 2183669120 909344810 3272870400 8400896 524288 262144 1638408 537133056 0 260 256 2315256132 135397378 1086328132 671244376 1228806 0 541065216 142606336 0 1024 696549697 25198592 2151688212 740495360 1049859 1073826476 1 0 256 262720 229376 536870912 16400 8389637 262480 2716217408 344031298 4200080 335618048 1115264 256 436355456 3227525377 3819568 2850828 8437760 1 16912 8389632 784 138674432 306334338 2148665376 69730328 623753 556015616 276889644 262657 273186944 721032 4096 4259842 134217728 67207168 1048576
is_linear=0
shrinkage=0.05


Tree=46
num_leaves=63
num_cat=18
split_feature=1 7 7 7 1 1 7 7 1 1 1 1 7 7 7 4 8 4 4 4 8 4 3 7 7 4 4 6 7 7 10 10 9 4 4 7 10 1 7 7 4 3 7 3 7 10 9 4 10 4 4 10 4 7 4 3 4 4 4 4 3 8
split_gain=2.62653e+07 2.2589e+07 7.6525e+06 5.87669e+06 4.68936e+06 6.15727e+06 3.51719e+06 3.13315e+06 2.89817e+06 3.80484e+06 2.33622e+06 2.54666e+06 2.32851e+06 2.14799e+06 2.14228e+06 1.99951e+06 1.8965e+06 1.80555e+06 1.80233e+06 2.06365e+06 2.38242e+06 2.03545e+06 2.47338e+06 1.84076e+06 1.74039e+06 1.49657e+06 1.49547e+06 1.43635e+06 1.39904e+06 1.37548e+06 1.33339e+06 1.44539e+06 1.32252e+06 1.30594e+06 3.07297e+06 1.62512e+06 3.03615e+06 1.41138e+06 1.36917e+06 1.26246e+06 1.37948e+06 1.45427e+06 2.23173e+06 3.47394e+06 1.76768e+06 1.26551e+06 1.23288e+06 1.35701e+06 1.23003e+06 1.66373e+06 1.14881e+06 1.13307e+06 1.1067e+06 1.09004e+06 1.06027e+06 1.05821e+06 1.04848e+06 1.03322e+06 998972 987346 1.08359e+06 979458
threshold=3.5000000000000004 0 1 2 5.5000000000000009 4.5000000000000009 3 4 5.5000000000000009 4.5000000000000009 1.5000000000000002 2.5000000000000004 5 6 7 14.500000000000002 1.0000000180025095e-35 31.500000000000004 35.500000000000007 24.500000000000004 1.0000000180025095e-35 50.500000000000007 26.500000000000004 8 9 51.500000000000007 32.500000000000007 3.5000000000000004 10 11 24.500000000000004 3.5000000000000004 1.0000000180025095e-35 6.5000000000000009 14.500000000000002 12 3.5000000000000004 1.5000000000000002 13 14 10.500000000000002 17.500000000000004 15 12.500000000000002 16 36.500000000000007 1.0000000180025095e-35 34.500000000000007 2.5000000000000004 50.500000000000007 3.5000000000000004 2.5000000000000004 39.500000000000007 17 14.500000000000002 30.500000000000004 46.500000000000007 20.500000000000004 20.500000000000004 24.500000000000004 13.500000000000002 1.0000000180025095e-35
decision_type=2 9 9 9 2 2 9 9 2 2 2 2 9 9 9 2 2 2 2 2 2 2 2 9 9 2 2 2 9 9 2 2 2 2 2 9 2 2 9 9 2 2 9 2 9 2 2 2 2 2 2 2 2 9 2 2 2 2 2 2 2 2
left_child=3 6 29 10 5 30 17 15 9 25 16 14 -5 -11 -12 50 -1 -2 19 20 27 -20 -23 -21 -6 46 -25 33 59 -3 31 56 -16 -14 35 36 37 -35 58 -38 -41 42 43 -42 45 -43 47 -8 49 -10 -7 52 -26 -28 -32 -51 -4 -9 -36 -18 -61 -59
right_child=1 2 4 12 24 7 8 57 48 13 11 -13 18 -15 32 -17 28 -19 21 23 -22 22 -24 26 51 -27 53 -29 -30 -31 54 -33 -34 34 38 -37 39 -39 -40 40 41 44 -44 -45 -46 -47 -48 -49 -50 55 -52 -53 -54 -55 -56 -57 -58 61 -60 60 -62 -63
leaf_value=-0.70511239411743876 7.8447808933847769 -4.4181188037800467 0.68602533655417819 -1.645654149164409 1.5678987575889221 1.9474763302728655 2.6110329384128375 2.5407643344095843 5.3331623280014275 3.2117704845599486 7.4423828267838168 -0.04859726953516931 -1.9659467246349334 6.3399121380491668 1.4336759957043848 3.0024240596093676 9.1717788589991347 3.5004930017234059 -1.6186073434218278 1.4669808687607644 2.1783753393554703 -0.25232341012570064 6.755264333794301 0.2364636280575042 2.2863968219594599 10.932011290449115 -3.5124003058757864 4.0637905232581542 -0.23872933082852718 -0.81833268467711828 3.4857962889215268 -0.38545558834371757 5.9745172455863589 1.1575224145750869 -1.4237264607367752 -0.54937507180518919 -2.4020044624907828 9.5404987546897591 -2.1764033676634624 -0.46931891310344542 4.969810484751485 2.7584848504929371 1.9582800400667335 23.585822154676826 -2.6422836492591366 15.961172763196936 7.8184326678210034 -0.094669278705607943 1.0126501261302592 -13.111590829279749 7.3197848556671152 -0.79844516370254959 -1.2504298124850166 -0.38234439102648143 0.378290606758104 2.5512580178981454 3.8114187445671228 1.0007349762671243 0.89655530139473871 5.9885959388225976 -4.8271392164746585 7.9142036340973423
leaf_weight=4944 622 266 1245 10647 1193 123 1518 2141 332 1044 169 2678 2969 1385 2352 1604 107 389 8360 2064 621 998 144 2866 636 48 538 139 206 7857 553 4699 172 75 1183 2947 281 152 3474 590 70 85 234 39 185 23 88 667 1987 21 523 5281 339 586 545 22 342 3082 763 68 35 52
leaf_count=4944 622 266 1245 10647 1193 123 1518 2141 332 1044 169 2678 2969 1385 2352 1604 107 389 8360 2064 621 998 144 2866 636 48 538 139 206 7857 553 4699 172 75 1183 2947 281 152 3474 590 70 85 234 39 185 23 88 667 1987 21 523 5281 339 586 545 22 342 3082 763 68 35 52
internal_value=0.0142482 0.997199 0.372072 -0.733247 0.849543 1.36176 3.33834 2.36829 2.93576 3.65164 0.305937 1.0432 -1.01163 5.03493 2.12889 3.9312 -0.432277 6.11329 -0.781424 -0.510995 -0.848006 -1.34814 0.631805 0.258887 -0.174513 2.20382 -0.368824 -0.990302 2.80965 -0.941554 0.335988 0.0551633 1.73646 -1.04408 -0.773102 0.165318 1.37517 6.77254 -1.58356 0.570886 1.26172 2.88722 5.09652 10.6683 0.300036 5.1097 2.01903 1.78511 1.50845 4.13455 6.29735 -0.5085 1.05666 -1.91537 1.94354 -5.1106 1.35975 1.69093 -0.511346 5.54606 2.31218 1.1157
internal_weight=89368 38604 30481 50764 22358 14909 8123 7525 7112 4750 10731 5371 40033 2429 2693 2250 5360 1011 29386 19884 13830 9502 1142 6054 7449 2321 3990 13209 416 8123 7384 6286 2524 13070 10101 4681 1734 227 5420 1507 1226 636 343 109 293 108 2273 2185 2362 375 646 6256 975 1124 1098 43 1587 5275 1946 210 103 3134
internal_count=89368 38604 30481 50764 22358 14909 8123 7525 7112 4750 10731 5371 40033 2429 2693 2250 5360 1011 29386 19884 13830 9502 1142 6054 7449 2321 3990 13209 416 8123 7384 6286 2524 13070 10101 4681 1734 227 5420 1507 1226 636 343 109 293 108 2273 2185 2362 375 646 6256 975 1124 1098 43 1587 5275 1946 210 103 3134
cat_boundaries=0 5 10 15 17 22 27 32 34 39 44 49 51 56 61 64 69 74 79
cat_threshold=1704706728 537133073 16912 134219013 262992 268436480 3240637440 856260618 1128530466 8433696 1108953772 675545105 1216364544 8388933 279120 1572872 262144 4460625 72419394 134219808 612474952 1048578 1024 2452104576 842235944 1129581184 8400896 8552448 0 16400 134218753 262480 524288 262144 631537920 8388608 264404 671313930 1181962 33554692 134217730 4194308 545284168 16384 35193480 4456449 0 69 16912 0 1024 31494465 93423682 13524 2214600712 1154 2818973698 1073840194 88086276 67240962 2853892 8421632 32768 20 18874368 65538 4096 2214592512 1024 4198400 68159488 1152 8192 128 2147622913 67658 83891714 2483060768 2720900
is_linear=0
shrinkage=0.05


Tree=47
num_leaves=63
num_cat=21
split_feature=1 7 7 7 1 1 1 1 7 1 1 7 7 9 7 8 7 1 1 2 7 7 10 2 10 10 2 2 7 7 7 8 7 2 9 3 9 10 3 2 7 7 10 2 3 10 3 7 2 3 7 8 7 1 1 10 2 2 7 7 2 3
split_gain=2.37074e+07 2.04364e+07 6.94893e+06 5.37376e+06 3.81006e+06 5.19776e+06 3.36716e+06 5.27308e+06 2.9235e+06 2.65354e+06 3.50337e+06 2.77897e+06 2.5546e+06 1.88505e+06 1.73644e+06 1.84845e+06 1.91383e+06 1.69912e+06 2.22244e+06 1.67808e+06 1.67256e+06 1.66064e+06 1.69555e+06 1.63077e+06 1.60138e+06 1.80954e+06 1.50209e+06 1.41649e+06 1.33422e+06 1.2703e+06 1.2686e+06 1.20046e+06 1.15645e+06 1.13135e+06 1.1257e+06 1.07547e+06 1.5139e+06 1.37312e+06 1.06365e+06 1.52093e+06 1.04393e+06 994855 915540 2.01142e+06 957892 905834 903579 892619 881649 857763 829303 814928 795079 792772 1.07408e+06 790495 787882 776575 1.33265e+06 1.08057e+06 997998 973718
threshold=3.5000000000000004 0 1 2 5.5000000000000009 4.5000000000000009 5.5000000000000009 4.5000000000000009 3 1.5000000000000002 2.5000000000000004 4 5 1.0000000180025095e-35 6 1.0000000180025095e-35 7 1.5000000000000002 2.5000000000000004 11.500000000000002 8 9 2.5000000000000004 4.5000000000000009 3.5000000000000004 21.500000000000004 9.5000000000000018 9.5000000000000018 10 11 12 1.0000000180025095e-35 13 10.500000000000002 1.0000000180025095e-35 13.500000000000002 1.0000000180025095e-35 45.500000000000007 14.500000000000002 3.5000000000000004 14 15 2.5000000000000004 11.500000000000002 30.500000000000004 43.500000000000007 6.5000000000000009 16 5.5000000000000009 12.500000000000002 17 1.0000000180025095e-35 18 5.5000000000000009 4.5000000000000009 21.500000000000004 11.500000000000002 10.500000000000002 19 20 11.500000000000002 27.500000000000004
decision_type=2 9 9 9 2 2 2 2 9 2 2 9 9 2 9 2 9 2 2 2 9 9 2 2 2 2 2 2 9 9 9 2 9 2 2 2 2 2 2 2 9 9 2 2 2 2 2 9 2 2 9 2 9 2 2 2 2 2 9 9 2 2
left_child=3 6 29 17 5 35 7 24 26 14 11 -11 23 30 -5 -16 -17 31 28 -15 -6 56 27 52 33 41 -9 -23 55 -3 49 -1 -12 -2 45 37 38 -4 39 -37 -10 -26 43 -22 -45 -30 -39 -40 -14 -13 -33 -50 -7 54 -31 -19 -8 58 -25 -59 -61 -62
right_child=1 2 4 9 20 12 21 8 40 10 32 13 48 19 15 16 -18 18 -20 -21 42 22 -24 57 25 -27 -28 -29 34 53 -32 50 -34 -35 -36 36 -38 46 47 -41 -42 -43 -44 44 -46 -47 -48 -49 51 -51 -52 -53 -54 -55 -56 -57 -58 59 -60 60 61 -63
leaf_value=-0.41977576185713894 3.1799663626807577 -3.2937022869502943 -0.62487268209957259 -2.0566506164379104 -1.1020957523263861 7.8722539239982359 3.8035332072296648 9.7669945109129586 2.7263604841506797 -1.2692372229257056 -0.21477009339527339 0.15735193788242435 2.3189169938692062 4.4385235931396343 -1.1669096201650586 4.1424777985248316 -0.30545166162142706 5.7866577793808887 0.19425631448257191 -3.0894522203561285 3.0426851306743132 7.1376952738214285 0.066806263807097754 3.8326609943503791 2.2163004345770974 4.1150836825468309 4.3319601010599476 -0.45025259158365688 1.7222304531261579 -1.0967680419407724 -0.061716863990892101 6.1953105303002829 -1.4055316490630929 7.9828227640355678 7.9076335712730828 9.8495723031899516 5.9275747681745488 0.48079993748296002 1.4970061804221391 1.4264457302420872 5.2511867818434377 -0.3489552275963147 0.15499816579217318 -10.102077237148244 0.32730479219673403 9.1055258160124239 8.5132337102324165 -0.091812786636168819 0.87611789076663382 2.0418142411405795 0.15426266327627311 7.1857978514197232 4.09571406666499 -1.4512328319639654 0.35958908591830618 14.31847985734688 -0.93339280624222687 -0.091028165509226419 0.44305428428084537 9.2501796718469915 1.4208688992441041 11.455686832820854
leaf_weight=2617 410 510 2909 5306 2716 242 920 516 703 2722 2694 1001 2159 494 15821 312 971 135 1408 87 646 171 1415 517 659 550 169 96 1155 2543 5543 111 8583 175 86 73 141 71 1333 201 1376 868 3985 45 43 43 69 2590 2886 1522 119 52 600 2561 2521 34 97 106 668 139 123 30
leaf_count=2617 410 510 2909 5306 2716 242 920 516 703 2722 2694 1001 2159 494 15821 312 971 135 1408 87 646 171 1415 517 659 550 169 96 1155 2543 5543 111 8583 175 86 73 141 71 1333 201 1376 868 3985 45 43 43 69 2590 2886 1522 119 52 600 2561 2521 34 97 106 668 139 123 30
internal_value=0.013562 0.947424 0.352737 -0.696603 0.808222 1.26966 3.17388 3.89566 5.42532 -0.879602 -0.498085 0.121289 2.19482 0.559845 -1.26553 -1.01829 0.806335 0.748118 1.60995 3.31092 -0.115983 1.73448 0.752041 3.53164 2.30725 1.65626 8.30569 4.41028 2.9817 -0.897772 0.362338 -0.115352 -1.12251 4.61785 2.36663 0.327571 0.833351 -0.392036 0.66207 3.67336 4.41474 0.770417 0.452955 2.07653 -5.01126 1.98798 4.44293 0.451659 1.54877 1.28908 3.34712 0.988036 5.32407 -0.733374 -0.371759 7.09125 3.31905 2.60028 1.95818 4.51108 5.97959 3.39471
internal_weight=89368 38604 30479 50764 22344 14909 8125 5426 2764 45056 22646 11369 7522 8647 22410 17104 1283 5708 2861 581 7435 2699 1682 2425 2662 2077 685 267 1453 8135 8066 2847 11277 585 1284 7387 4338 3049 4197 274 2079 1527 4719 734 88 1198 140 3923 5097 2523 230 2938 842 7625 5064 169 1017 1583 1185 398 292 153
internal_count=89368 38604 30479 50764 22344 14909 8125 5426 2764 45056 22646 11369 7522 8647 22410 17104 1283 5708 2861 581 7435 2699 1682 2425 2662 2077 685 267 1453 8135 8066 2847 11277 585 1284 7387 4338 3049 4197 274 2079 1527 4719 734 88 1198 140 3923 5097 2523 230 2938 842 7625 5064 169 1017 1583 1185 398 292 153
cat_boundaries=0 5 10 15 19 24 29 34 39 44 49 51 53 58 63 68 73 78 83 87 92 97
cat_threshold=1704710824 541327377 16896 1285 262992 268436480 3240637440 3070296074 1129579138 8400928 1074266764 537133073 134234112 260 262720 1679294472 262144 0 256 134217730 3240642176 353143048 570727040 2252800 4456529 76613698 134219824 746692680 1050626 8398848 2452098312 842203178 3507749408 8396800 101810432 12615680 2069 671158345 18736 4194306 100666284 3580064 2217248800 2687113 1573512 1 0 1029 262464 524288 262144 0 2147484672 2716194912 75530306 1082135794 67174400 1114112 654317602 1212219490 1094979076 1091 150544 8388608 0 16384 1025 262480 92996264 16 0 1 576 2116 76644708 10753232 947922952 7 524936 262145 0 4 512 262208 68225026 0 67108864 1 65602 134219776 209813504 1048576 1 65600 134217728 8421376 1048576
is_linear=0
shrinkage=0.05


Tree=48
num_leaves=63
num_cat=0
split_feature=5 0 0 4 4 8 4 4 3 4 4 2 4 4 4 4 3 10 10 4 2 0 3 4 9 2 3 4 4 3 3 8 3 3 10 3 0 2 3 4 3 10 10 3 3 3 3 3 8 10 3 3 10 3 3 10 3 3 2 10 10 2
split_gain=1.88695e+07 6.40202e+06 5.11801e+06 4.68734e+06 6.88483e+06 3.57486e+06 3.2543e+06 4.93594e+06 3.05115e+06 3.11934e+06 2.68234e+06 2.83249e+06 3.1185e+06 4.76134e+06 3.50534e+06 2.71141e+06 2.32233e+06 2.29765e+06 3.24391e+06 3.95029e+06 3.0651e+06 2.22124e+06 2.13899e+06 1.93044e+06 1.8002e+06 2.60157e+06 1.70776e+06 1.66812e+06 4.29748e+06 1.62248e+06 2.95535e+06 2.7958e+06 1.53954e+06 1.46194e+06 1.44269e+06 1.3985e+06 2.02896e+06 1.38323e+06 1.85985e+06 1.34542e+06 1.24344e+06 1.23805e+06 1.20395e+06 1.20129e+06 1.31639e+06 1.13081e+06 1.11074e+06 1.08572e+06 1.16019e+06 1.07145e+06 1.02745e+06 1.53343e+06 1.45456e+06 1.02212e+06 944199 919344 870863 1.99062e+06 2.46151e+06 1.73727e+06 1.1924e+06 868560
threshold=1.0000000180025095e-35 0.25984253000000007 0.07480315500000001 12.500000000000002 6.5000000000000009 1.0000000180025095e-35 51.500000000000007 50.500000000000007 17.500000000000004 11.500000000000002 32.500000000000007 5.5000000000000009 15.500000000000002 6.5000000000000009 1.5000000000000002 50.500000000000007 25.500000000000004 3.5000000000000004 21.500000000000004 14.500000000000002 6.5000000000000009 1.0000000180025095e-35 23.500000000000004 42.500000000000007 1.0000000180025095e-35 10.500000000000002 22.500000000000004 20.500000000000004 34.500000000000007 12.500000000000002 17.500000000000004 1.0000000180025095e-35 14.500000000000002 17.500000000000004 15.500000000000002 15.500000000000002 0.41338588300000007 11.500000000000002 26.500000000000004 51.500000000000007 12.500000000000002 38.500000000000007 17.500000000000004 7.5000000000000009 6.5000000000000009 20.500000000000004 10.500000000000002 4.5000000000000009 1.0000000180025095e-35 12.500000000000002 21.500000000000004 23.500000000000004 5.5000000000000009 15.500000000000002 25.500000000000004 22.500000000000004 13.500000000000002 14.500000000000002 2.5000000000000004 23.500000000000004 23.500000000000004 2.5000000000000004
decision_type=2 2 2 2 2 2 2 2 2 2 2 2 2 2 2 2 2 2 2 2 2 2 2 2 2 2 2 2 2 2 2 2 2 2 2 2 2 2 2 2 2 2 2 2 2 2 2 2 2 2 2 2 2 2 2 2 2 2 2 2 2 2
left_child=2 3 10 4 34 6 7 21 32 50 11 12 13 14 -1 24 22 37 27 33 -21 -5 -17 -3 -12 47 -9 -19 -29 42 56 41 46 35 40 55 -37 -4 -39 -25 -2 -32 -15 44 -44 -14 49 48 -26 -6 -10 -52 -53 -34 -13 -20 61 59 -59 -58 -60 -31
right_child=1 23 17 5 8 -7 -8 26 9 -11 15 54 45 29 -16 16 -18 18 19 20 -22 -23 -24 39 25 -27 -28 28 -30 30 31 -33 53 -35 -36 36 -38 38 -40 -41 -42 -43 43 -45 -46 -47 -48 -49 -50 -51 51 52 -54 -55 -56 -57 57 58 60 -61 -62 -63
leaf_value=1.5631628209740653 -0.74608088345667056 3.6446040854761672 1.214316493755256 -0.061276999218867589 5.7312441558198692 9.2107892352948504 4.8645230299809059 -1.8935473135382581 8.2475820075000321 1.3763297254651561 -1.5031401329069543 0.12184938687243269 -2.2649285939168933 -1.5676961281515409 -1.914816989420066 0.63241440800680992 3.5394472010791613 -1.4215378539748174 -2.0554829191530311 -1.6083985662012144 2.4562605340915171 1.1514171325517546 -4.2335863040671589 -0.69923808245734453 -3.6444774676636751 1.9495017344346053 -8.0031284785496126 1.6012002224983846 -1.2554445737149509 -1.5406965667050265 -0.49492060816250022 5.7127183977768148 -4.6883213757724347 1.6942521257851801 6.2094814552869337 5.3557348689060253 22.690177594427695 0.51877644727756456 7.3429274216951219 6.2240800108146441 1.4738483345601037 3.9463866277653694 1.1687646397685194 -0.7042579877169608 7.9658003045695782 -0.90639064308572714 6.8720179972118238 -3.1108643312816806 2.7160997454584757 0.92296159256705834 0.2037582368682217 9.5007247465332778 3.7734491468473248 1.0353701781763083 1.4904075202653277 5.0924871587133174 7.311616420894822 -0.3463762373084206 9.8749071798719861 1.5258770062396736 3.1516116812427573 2.5426665997909654
leaf_weight=846 1610 2954 2411 9754 167 115 393 236 558 360 15956 7422 3391 1402 5040 1045 513 2863 49 1125 789 6161 288 451 109 960 222 2467 2823 233 3164 207 96 487 101 45 27 177 229 83 1037 165 717 1103 79 2794 186 570 209 378 120 217 227 414 1518 542 388 570 94 195 221 295
leaf_count=846 1610 2954 2411 9754 167 115 393 236 558 360 15956 7422 3391 1402 5040 1045 513 2863 49 1125 789 6161 288 451 109 960 222 2467 2823 233 3164 207 96 487 101 45 27 177 229 83 1037 165 717 1103 79 2794 186 570 209 378 120 217 227 414 1518 542 388 570 94 195 221 295
internal_value=0.0130505 1.15224 -0.450314 0.841334 2.11319 0.429127 0.368838 0.260899 3.89497 5.42652 -0.689289 -0.390608 -0.709159 -0.313278 -1.4149 -1.14291 0.681074 0.392482 0.0718664 1.45885 0.0671966 0.408184 -0.41914 3.1445 -1.33204 0.145302 -4.85607 -0.449391 0.0767605 0.420814 0.944273 0.0759804 2.06571 3.77484 0.347528 5.30262 11.8787 1.66909 4.36874 0.377813 0.123629 -0.274676 -0.456427 0.36404 1.84427 -1.65125 3.53653 -1.80518 0.535426 2.39712 6.7258 5.219 6.57411 -0.0427287 0.354243 4.49959 2.48241 3.10873 1.61403 5.37702 5.16044 0.740768
internal_weight=89368 25840 63528 22352 5471 16881 16766 16373 2723 1482 49494 29844 20904 14719 5886 19650 1846 14034 11217 3064 1914 15915 1333 3488 17804 1848 458 8153 5290 8833 5532 3536 1241 1150 2748 663 72 2817 406 534 2647 3329 3301 1899 796 6185 731 888 318 545 1122 564 444 510 8940 591 1996 1468 885 583 315 528
internal_count=89368 25840 63528 22352 5471 16881 16766 16373 2723 1482 49494 29844 20904 14719 5886 19650 1846 14034 11217 3064 1914 15915 1333 3488 17804 1848 458 8153 5290 8833 5532 3536 1241 1150 2748 663 72 2817 406 534 2647 3329 3301 1899 796 6185 731 888 318 545 1122 564 444 510 8940 591 1996 1468 885 583 315 528
is_linear=0
shrinkage=0.05


Tree=49
num_leaves=63
num_cat=0
split_feature=1 1 1 0 1 1 4 9 10 2 3 9 4 2 4 3 9 4 4 10 2 10 3 2 4 4 0 2 4 4 4 4 4 4 4 2 3 10 3 4 4 3 3 4 2 2 2 3 3 10 4 4 4 4 0 10 0 3 4 3 4 2
split_gain=1.97529e+07 7.17773e+06 9.08941e+06 4.53462e+06 3.42591e+06 4.65788e+06 2.81605e+06 2.60998e+06 2.59491e+06 3.11284e+06 2.65501e+06 2.42856e+06 3.40436e+06 2.58418e+06 2.72712e+06 2.19229e+06 2.95242e+06 2.17788e+06 3.14202e+06 2.15039e+06 2.0563e+06 2.04282e+06 2.02357e+06 2.05632e+06 1.99217e+06 1.89471e+06 1.77795e+06 1.77696e+06 1.79819e+06 1.71807e+06 1.70539e+06 1.52004e+06 2.26757e+06 1.59918e+06 1.58304e+06 1.50383e+06 1.4424e+06 1.41992e+06 1.42425e+06 1.34725e+06 1.30018e+06 1.27909e+06 1.26562e+06 1.22946e+06 1.22487e+06 1.37901e+06 1.54451e+06 1.21425e+06 1.27644e+06 2.09363e+06 1.19018e+06 1.4996e+06 1.18181e+06 1.13945e+06 1.10012e+06 1.06592e+06 1.02147e+06 1.01325e+06 1.01167e+06 1.00859e+06 994460 1.81136e+06
threshold=3.5000000000000004 5.5000000000000009 4.5000000000000009 0.20472441600000005 1.5000000000000002 2.5000000000000004 18.500000000000004 1.0000000180025095e-35 2.5000000000000004 11.500000000000002 30.500000000000004 1.0000000180025095e-35 51.500000000000007 8.5000000000000018 6.5000000000000009 13.500000000000002 1.0000000180025095e-35 51.500000000000007 50.500000000000007 45.500000000000007 11.500000000000002 1.0000000180025095e-35 14.500000000000002 3.5000000000000004 2.5000000000000004 51.500000000000007 0.015748032000000006 10.500000000000002 42.500000000000007 33.500000000000007 46.500000000000007 24.500000000000004 14.500000000000002 32.500000000000007 10.500000000000002 5.5000000000000009 15.500000000000002 8.5000000000000018 14.500000000000002 50.500000000000007 20.500000000000004 19.500000000000004 6.5000000000000009 1.5000000000000002 11.500000000000002 10.500000000000002 9.5000000000000018 29.500000000000004 16.500000000000004 8.5000000000000018 32.500000000000007 20.500000000000004 1.5000000000000002 50.500000000000007 0.21259840550000003 38.500000000000007 0.64566931100000013 19.500000000000004 1.5000000000000002 30.500000000000004 11.500000000000002 1.5000000000000002
decision_type=2 2 2 2 2 2 2 2 2 2 2 2 2 2 2 2 2 2 2 2 2 2 2 2 2 2 2 2 2 2 2 2 2 2 2 2 2 2 2 2 2 2 2 2 2 2 2 2 2 2 2 2 2 2 2 2 2 2 2 2 2 2
left_child=4 2 15 6 21 11 24 17 9 -3 -11 12 13 14 -6 19 22 18 27 43 -13 44 23 -17 -4 29 55 28 37 36 -29 32 34 -33 -16 -5 -10 -8 -39 50 -34 -36 -21 -2 45 46 -1 48 49 -26 51 58 54 -15 -23 -24 -41 -55 -7 -38 61 -50
right_child=1 8 3 35 5 39 7 -9 25 10 -12 20 -14 53 31 16 -18 -19 -20 42 -22 52 26 -25 47 -27 -28 30 -30 -31 -32 33 40 -35 41 -37 59 38 -40 56 -42 -43 -44 -45 -46 -47 -48 -49 60 -51 -52 -53 -54 57 -56 -57 -58 -59 -60 -61 -62 -63
leaf_value=1.1053001854658875 2.8540658303100583 2.2588078286953936 -0.32524229234354574 5.8569444681715153 -1.3201264511616753 2.0180617366502065 -0.028639933728112174 8.7810979516437264 -0.71634276225492499 -8.9293482438807192 1.4775420384461719 4.0212337149665673 8.6715427100208018 -1.2134979442264899 0.5211033172862013 9.4926945424873992 6.3702733113871401 6.6304914560309927 -4.7289418559807999 0.67079858505742962 -2.890258077455834 0.64189807285576994 -0.1882210993093173 1.9701087259840155 -4.7119190103385433 5.7101871208654806 1.6560885870000863 4.9992263381816677 -3.4966246795241824 -1.3807231557519453 1.41603943178672 3.0241875599392047 -1.4730648077841906 0.18509553150971808 5.0008866314703679 3.1378316435516558 0.86816541175191286 0.32073960288909997 2.5968826514845156 0.95254801142669621 0.89587609436960425 1.3549233815908126 7.9327165763121776 -0.7765005119171775 -4.4871565928571027 6.079856134153248 -3.1083465262927472 -1.9449576302044287 2.7971677380284952 2.9925732899943194 -1.6703818329062881 0.25622919426228025 -1.2218135782484705 -0.88190338078245212 9.0910169437899331 4.1695566307052427 9.0113273268785932 5.4698723097785198 -1.336836198195219 -3.7408233723320992 2.7277226962441325 7.0060864277313177
leaf_weight=1442 245 1794 413 979 1445 236 2016 114 3722 123 122 735 119 3255 1235 123 243 177 230 122 126 305 4264 347 93 125 2358 539 234 3537 865 1561 1433 727 494 1059 3321 1133 1747 449 972 469 118 4799 115 117 256 105 414 1671 4374 2921 22978 126 44 145 43 125 4662 123 515 669
leaf_count=1442 245 1794 413 979 1445 236 2016 114 3722 123 122 735 119 3255 1235 123 243 177 230 122 126 305 4264 347 93 125 2358 539 234 3537 865 1561 1433 727 494 1059 3321 1133 1747 449 972 469 118 4799 115 117 256 105 414 1671 4374 2921 22978 126 44 145 43 125 4662 123 515 669
internal_value=0.0124052 0.864828 1.34689 2.27892 -0.635829 -0.227093 1.87533 1.28025 -0.0994167 1.53682 -3.74863 0.444956 0.26032 0.175723 0.654733 0.399592 0.95034 1.15693 1.0136 -0.380046 3.00957 -1.04861 0.768266 3.9404 2.95729 -0.407545 0.547891 1.21581 0.784417 -0.479047 2.7919 1.06886 0.545282 2.12213 1.70609 4.44425 -0.0339837 0.989094 1.70149 -0.906398 -0.515639 3.22556 4.24308 -0.600101 0.514678 0.831831 0.469879 3.34831 3.51368 2.58614 -1.00991 -0.640421 -1.17795 -0.963174 1.70943 -0.0448132 1.65857 2.28223 -1.17515 0.703453 4.53735 5.39755
internal_weight=89368 38604 25737 12973 50764 25507 10935 7055 12867 2039 245 12822 11961 11842 8336 12764 7480 6941 6764 5284 861 25257 7237 470 3880 10828 6767 6534 5130 10703 1404 6891 4603 2288 2198 2038 7166 4896 2880 12685 2405 963 240 5044 1930 1815 1698 3467 3362 1764 12193 7819 23327 3506 349 4409 492 251 4898 3444 1598 1083
internal_count=89368 38604 25737 12973 50764 25507 10935 7055 12867 2039 245 12822 11961 11842 8336 12764 7480 6941 6764 5284 861 25257 7237 470 3880 10828 6767 6534 5130 10703 1404 6891 4603 2288 2198 2038 7166 4896 2880 12685 2405 963 240 5044 1930 1815 1698 3467 3362 1764 12193 7819 23327 3506 349 4409 492 251 4898 3444 1598 1083
is_linear=0
shrinkage=0.05


Tree=50
num_leaves=63
num_cat=16
split_feature=7 1 1 7 1 1 0 7 7 7 7 7 4 10 7 1 1 7 4 4 0 1 1 4 4 4 4 7 4 7 7 10 4 4 7 1 0 7 4 3 0 7 1 4 4 3 3 9 0 3 4 10 10 3 3 10 0 4 7 3 0 4
split_gain=1.86094e+07 1.19253e+07 8.64495e+06 6.64095e+06 4.21245e+06 3.92392e+06 3.64932e+06 2.67722e+06 2.63273e+06 2.143e+06 2.09803e+06 1.88338e+06 1.75514e+06 1.72605e+06 1.70348e+06 1.68142e+06 2.38581e+06 1.59905e+06 1.39413e+06 1.34779e+06 1.34216e+06 1.29176e+06 1.61275e+06 1.21909e+06 1.20104e+06 1.68433e+06 1.78921e+06 2.06719e+06 1.91745e+06 2.50677e+06 1.74447e+06 3.79829e+06 1.26303e+06 2.00743e+06 1.94594e+06 1.19495e+06 1.17951e+06 1.17585e+06 1.16991e+06 1.17194e+06 1.1007e+06 1.03348e+06 970617 950086 945024 1.35126e+06 942558 1.67579e+06 1.01748e+06 984915 1.35329e+06 919413 1.35079e+06 895591 872613 847698 828549 818718 816016 801583 1.15899e+06 795329
threshold=0 3.5000000000000004 3.5000000000000004 1 5.5000000000000009 4.5000000000000009 0.36614181100000004 2 3 4 5 6 11.500000000000002 2.5000000000000004 7 5.5000000000000009 4.5000000000000009 8 31.500000000000004 1.5000000000000002 0.027559056000000002 1.5000000000000002 2.5000000000000004 11.500000000000002 6.5000000000000009 14.500000000000002 10.500000000000002 9 11.500000000000002 10 11 3.5000000000000004 20.500000000000004 32.500000000000007 12 1.5000000000000002 0.55905512000000013 13 50.500000000000007 25.500000000000004 0.090551186500000005 14 2.5000000000000004 17.500000000000004 12.500000000000002 16.500000000000004 13.500000000000002 1.0000000180025095e-35 0.07480315500000001 14.500000000000002 14.500000000000002 19.500000000000004 25.500000000000004 12.500000000000002 21.500000000000004 45.500000000000007 0.094488188500000014 51.500000000000007 15 13.500000000000002 1.1122047305000002 43.500000000000007
decision_type=9 2 2 9 2 2 2 9 9 9 9 9 2 2 9 2 2 9 2 2 2 2 2 2 2 2 2 9 2 9 9 2 2 2 9 2 2 9 2 2 2 9 2 2 2 2 2 2 2 2 2 2 2 2 2 2 2 2 9 2 2 2
left_child=1 9 10 41 5 46 7 43 12 -1 40 -8 37 20 57 16 -9 -18 59 -12 -11 -15 51 -19 -21 26 30 28 53 -30 31 -26 -27 34 35 -34 44 -7 -35 -40 -2 -4 -37 -3 45 -10 55 48 49 50 -48 -23 -53 -28 -31 -5 61 -6 -51 -13 -61 -14
right_child=2 6 3 4 14 8 11 15 36 13 19 18 56 21 -16 -17 17 23 -20 24 -22 22 -24 -25 25 32 27 -29 29 54 -32 -33 33 38 -36 42 -38 -39 39 -41 -42 -43 -44 -45 -46 -47 47 -49 -50 58 -52 52 -54 -55 -56 -57 -58 -59 -60 60 -62 -63
leaf_value=2.1670056689394488 -0.50006091344528047 9.2187251659055907 -4.097233626308614 -0.46266550029399883 -1.3815141197924936 8.4629420206617585 3.0581109906131569 1.6742390709309758 0.7616400534692338 0.66940343424624316 1.3586427319014966 7.4147316977864932 1.3359104107362647 -0.9469998247761453 0.3216776915553532 1.1473891580698772 2.0151274761083182 7.5904231087550089 4.5234964343669324 -2.0832585831007608 3.9467899792190426 0.75722304523146566 -0.58118593910427396 4.174743076620568 12.628025002355617 -2.0808485165649553 1.4278989144190106 -0.20894463805085184 -2.534773488319797 2.5088609738696519 -1.3919707879794048 -0.98875518010625507 -0.36356153054501089 -1.6038317329973293 -0.9778222399838582 3.2882156574125343 4.3020478029771594 3.6323567936491923 -0.84446775667372043 2.8672116663582656 0.75509735504231212 -0.84613306521967591 0.49380287737325201 4.6064102271564513 0.67653574507130365 4.2516117347020588 9.5263213722387228 6.2613034123529392 2.0172983009982257 -1.1320144181859375 0.84790611573303076 8.6991538729498643 2.0175538464573104 9.1324586006397563 8.1543578492944508 3.5740762809810178 4.2918319110138681 4.776614103602844 0.60726558218993898 10.563373330998857 20.543262178065582 3.9400831590525422
leaf_weight=1350 8627 168 244 2927 2648 229 336 2302 608 1194 564 114 1172 3678 4700 2294 767 338 140 2851 423 1363 2154 1153 73 3373 50 1342 217 187 2479 171 1125 10042 4176 619 306 406 837 285 2190 7865 624 334 3373 510 65 139 1067 1032 145 93 404 154 108 136 520 55 1901 126 38 391
leaf_count=1350 8627 168 244 2927 2648 229 336 2302 608 1194 564 114 1172 3678 4700 2294 767 338 140 2851 423 1363 2154 1153 73 3373 50 1342 217 187 2479 171 1125 10042 4176 619 306 406 837 285 2190 7865 624 334 3373 510 65 139 1067 1032 145 93 404 154 108 136 520 55 1901 126 38 391
internal_value=0.0130771 1.41184 -0.359289 0.275961 0.720879 1.20483 2.85746 2.51782 2.00991 0.313239 -0.841654 6.17018 3.25278 0.0420099 -0.253955 2.24832 2.80706 3.96182 8.39644 -1.06139 1.52695 -0.270112 0.350123 4.91654 -1.1093 -1.00192 -0.154615 0.957965 3.1044 1.51386 -0.995491 2.96705 -1.19408 -1.02516 -0.329821 0.813622 1.29617 5.56592 -1.43274 0.0985056 -0.24571 -0.948935 1.88555 6.03139 1.09415 2.35391 0.388534 0.861716 0.683294 0.230369 3.53736 1.42861 3.26934 7.24574 4.42773 -0.283318 2.563 -1.25141 -0.00651937 10.6464 12.8869 1.98758
internal_weight=89302 18769 70533 30439 22330 14927 8110 7356 7515 10659 40094 754 2718 9309 7403 6854 4560 2258 418 29277 1617 7692 4014 1491 28713 25862 4781 2058 716 512 2723 244 21081 17708 6544 2368 4797 635 11164 1122 10817 8109 1243 502 4491 1118 7412 4349 4210 3143 210 1860 497 204 295 3063 2083 2703 2933 278 164 1563
internal_count=89302 18769 70533 30439 22330 14927 8110 7356 7515 10659 40094 754 2718 9309 7403 6854 4560 2258 418 29277 1617 7692 4014 1491 28713 25862 4781 2058 716 512 2723 244 21081 17708 6544 2368 4797 635 11164 1122 10817 8109 1243 502 4491 1118 7412 4349 4210 3143 210 1860 497 204 295 3063 2083 2703 2933 278 164 1563
cat_boundaries=0 5 10 11 16 18 23 28 33 38 43 47 52 57 62 64 69
cat_threshold=1738113704 608501779 8405504 1285 262720 0 2166912520 3054075914 1091961474 8429600 524296 136730960 9439296 150997136 746692616 1049873 524296 262160 2147500292 1217396800 1212156948 746676296 150790 1644167168 67174418 512 1025 262720 4486162 33556900 154279968 2250246176 2625665 41943040 536870912 8404992 1029 262208 6436928 268568616 397544 2437972128 4225 2107392 8 266248 2421194880 64 16809984 8257 131072 8 136722432 33554700 2149715970 2471657506 12124176 282704 9437184 0 67149824 1040 0 1024 402941201 302123392 17956865 652742736 3074
is_linear=0
shrinkage=0.05


Tree=51
num_leaves=63
num_cat=20
split_feature=7 1 1 7 1 1 7 7 10 1 1 7 4 1 1 7 7 7 4 2 8 7 4 3 10 7 7 3 4 7 3 7 4 2 3 4 4 7 4 4 7 7 7 7 10 2 4 3 10 3 4 4 7 10 7 4 2 4 4 4 2 4
split_gain=1.68133e+07 1.08758e+07 7.76682e+06 5.99129e+06 3.87438e+06 3.70673e+06 2.82957e+06 2.43144e+06 2.15424e+06 2.14794e+06 2.8316e+06 1.93535e+06 1.78969e+06 1.70951e+06 1.76622e+06 1.53964e+06 1.52462e+06 1.3773e+06 1.18598e+06 2.27178e+06 2.03953e+06 1.75617e+06 1.33298e+06 1.33709e+06 1.30771e+06 2.77005e+06 1.51462e+06 1.21389e+06 1.18275e+06 1.16657e+06 1.14464e+06 1.11455e+06 1.09744e+06 1.61641e+06 1.23743e+06 1.03218e+06 1.13703e+06 1.31873e+06 1.01392e+06 962948 2.77268e+06 1.49835e+06 961217 961054 958541 1.97599e+06 953329 934614 956826 929261 908858 1.397e+06 1.37896e+06 929834 912930 903195 858121 1.36552e+06 833950 829350 1.75339e+06 1.45935e+06
threshold=0 3.5000000000000004 3.5000000000000004 1 5.5000000000000009 4.5000000000000009 2 3 2.5000000000000004 5.5000000000000009 4.5000000000000009 4 11.500000000000002 1.5000000000000002 2.5000000000000004 5 6 7 35.500000000000007 5.5000000000000009 1.0000000180025095e-35 8 50.500000000000007 25.500000000000004 41.500000000000007 9 10 7.5000000000000009 12.500000000000002 11 23.500000000000004 12 21.500000000000004 1.5000000000000002 15.500000000000002 20.500000000000004 3.5000000000000004 13 11.500000000000002 37.500000000000007 14 15 16 17 2.5000000000000004 11.500000000000002 38.500000000000007 13.500000000000002 45.500000000000007 19.500000000000004 14.500000000000002 6.5000000000000009 18 2.5000000000000004 19 51.500000000000007 1.5000000000000002 11.500000000000002 35.500000000000007 6.5000000000000009 3.5000000000000004 10.500000000000002
decision_type=9 2 2 9 2 2 9 9 2 2 2 9 2 2 2 9 9 9 2 2 2 9 2 2 2 9 9 2 2 9 2 9 2 2 2 2 2 9 2 2 9 9 9 9 2 2 2 2 2 2 2 2 9 2 9 2 2 2 2 2 2 2
left_child=1 8 11 43 5 50 46 12 31 10 47 -2 29 -10 17 28 -6 -15 19 20 24 -21 -20 30 26 27 -13 -26 -12 -7 49 32 33 34 -1 36 -9 38 -38 40 -37 -41 -34 -4 45 -11 -3 48 -8 -24 51 53 -53 -5 -52 58 -49 -58 -18 -28 61 -61
right_child=2 6 3 4 16 7 9 35 13 44 15 18 -14 14 -16 -17 55 -19 22 21 -22 -23 23 -25 25 -27 59 -29 -30 -31 -32 -33 42 -35 -36 39 37 -39 -40 41 -42 -43 -44 -45 -46 -47 -48 56 -50 -51 54 52 -54 -55 -56 -57 57 -59 -60 60 -62 -63
leaf_value=6.0296017776141184 -1.376622536776801 6.7428315133141652 -2.0315493561534166 5.0402067473420695 0.70061797364152045 8.5619401872649981 0.33578874509319862 -0.87246804572294467 -0.76103039637528991 4.8388923354102955 8.3660837174620486 -1.8871301941211684 2.4260699242491115 6.4105879928226077 -0.27948215255629266 2.9166505347313771 -0.4379645328036128 1.3260070433062738 -1.2667909151810215 1.3961254809454238 1.969748822174902 -0.2293408721514473 -0.76258811073650035 3.5100382402066943 6.8884550687688053 -1.134730922784543 -1.5360666431867209 1.535894424408019 4.6818088290597286 3.6614646539612465 -3.5984147583920514 0.58769782975969787 -0.62261287219242822 9.419332641254849 -3.2664502209322688 2.6229806193414493 6.1386050853978995 1.3423380080969007 2.3791591497264579 -0.32768597581900155 -1.7886646812507572 3.0260002252486276 3.3722195784960989 -0.63893340918820529 0.77069019073097611 -5.7984985771293411 2.8147039853760134 -1.5902233920781643 7.6307425680180776 3.2811897207863154 1.1208473261352088 4.5602143348654023 1.0586142134497203 -0.85987250257875469 -0.38192275813494503 4.0582012007264359 6.9727427966232147 2.3452164037417118 -1.884053552922528 -0.32794899329334171 -1.3186734097513793 2.1244760762461619
leaf_weight=81 10651 564 1529 73 2679 208 985 268 4209 340 288 3914 2078 135 2467 1257 3191 2008 8370 2513 640 4864 411 287 189 795 1899 241 897 428 214 929 238 143 64 545 366 928 352 579 984 781 404 6570 2058 50 213 110 47 217 1348 426 851 772 3940 94 186 1114 1450 1633 2272 965
leaf_count=81 10651 564 1529 73 2679 208 985 268 4209 340 288 3914 2078 135 2467 1257 3191 2008 8370 2513 640 4864 411 287 189 795 1899 241 897 428 214 929 238 143 64 545 366 928 352 579 984 781 404 6570 2058 50 213 110 47 217 1348 426 851 772 3940 94 186 1114 1450 1633 2272 965
internal_value=0.0124839 1.34123 -0.341671 0.260375 0.6826 1.14695 2.72242 1.92923 0.293576 2.40707 3.01623 -0.799056 3.1251 -0.0324939 0.632672 4.22015 -0.251378 1.6827 -0.589314 -0.370333 -0.779692 0.325972 -1.04926 0.563416 -0.927478 0.619818 -1.10491 3.80122 5.53119 5.4574 -0.441247 1.84036 3.05233 5.64918 1.92706 1.24434 2.14743 2.63915 4.23712 0.650282 -0.21064 1.61813 1.93422 -0.904047 1.20149 3.47397 5.59452 1.81219 0.668732 0.634997 0.353357 1.22747 2.27099 -0.34962 0.00256891 -0.789821 2.649 3.0078 -0.889802 -0.64884 -0.304183 0.583024
internal_weight=89302 18787 70515 30440 22341 14927 8109 7517 10678 7332 4884 40075 2714 8819 4610 2442 7414 2143 29424 19925 12548 7377 9499 1129 11908 1225 10683 430 1185 636 842 1859 930 288 145 4803 1914 1646 718 2889 1529 1360 642 8099 2448 390 777 2442 1032 628 7410 2122 1277 845 5288 4735 1410 1300 4641 6769 4870 2598
internal_count=89302 18787 70515 30440 22341 14927 8109 7517 10678 7332 4884 40075 2714 8819 4610 2442 7414 2143 29424 19925 12548 7377 9499 1129 11908 1225 10683 430 1185 636 842 1859 930 288 145 4803 1914 1646 718 2889 1529 1360 642 8099 2448 390 777 2442 1032 628 7410 2122 1277 845 5288 4735 1410 1300 4641 6769 4870 2598
cat_boundaries=0 5 10 11 16 21 25 30 32 37 42 47 52 56 61 66 71 75 78 83 88
cat_threshold=1738113704 608436243 8405520 1285 262720 0 2150119176 3054075914 1096155778 8429600 1572872 136730960 9504832 150996992 746692680 1049873 268435456 2183675136 3057188906 2185495168 8433664 1694597280 4456467 0 256 2415921412 143736832 1077939460 679551064 1199372 524288 262144 2375940 134283392 138676356 679698506 1067282 138412291 159384064 155232581 218234952 541976 134217985 268452480 155486337 153833560 1573176 282704 1114112 0 67149824 1024 1082753160 604241939 16 260 272630787 16809984 1188004 2183663632 530562 2147491845 134234112 6690048 268451872 2686980 2147492865 1241530372 4330752 2449492000 2818048 8421376 67108865 16 4 0 2150106112 268435464 4346946 43089984 406628 2684362752 4483 2147614726 1207959616 138415104 142688320 3227672
is_linear=0
shrinkage=0.05


Tree=52
num_leaves=63
num_cat=17
split_feature=7 1 1 7 1 1 0 7 4 7 7 7 7 0 4 7 7 0 1 1 7 10 4 4 4 1 1 7 4 4 7 2 4 4 4 1 1 7 4 4 4 4 0 3 7 2 4 0 2 0 7 1 1 7 10 1 1 10 0 4 4 7
split_gain=1.52113e+07 1.02165e+07 6.84039e+06 5.36491e+06 3.38212e+06 3.42728e+06 3.32823e+06 2.4267e+06 2.04558e+06 1.99179e+06 1.90328e+06 1.87355e+06 1.81128e+06 1.45223e+06 1.56071e+06 2.01314e+06 1.36077e+06 1.32292e+06 1.27841e+06 1.55616e+06 1.67817e+06 1.18873e+06 1.42488e+06 1.17427e+06 1.14014e+06 1.09992e+06 1.2236e+06 1.25454e+06 1.04258e+06 1.40689e+06 1.02099e+06 1.87883e+06 1.00316e+06 920456 1.55611e+06 1.16337e+06 1.55e+06 903378 887896 893425 1.11414e+06 1.53754e+06 868017 859316 857331 1.89043e+06 2.37875e+06 1.59093e+06 863825 834962 959582 830681 816871 796107 795609 793618 941868 741889 723119 721682 1.21017e+06 718779
threshold=0 3.5000000000000004 3.5000000000000004 1 5.5000000000000009 4.5000000000000009 0.086614173000000017 2 1.5000000000000002 3 4 5 6 0.43307092800000008 12.500000000000002 7 8 0.011811025500000001 1.5000000000000002 2.5000000000000004 9 1.5000000000000002 51.500000000000007 2.5000000000000004 14.500000000000002 5.5000000000000009 4.5000000000000009 10 51.500000000000007 50.500000000000007 11 10.500000000000002 6.5000000000000009 7.5000000000000009 8.5000000000000018 1.5000000000000002 2.5000000000000004 12 33.500000000000007 9.5000000000000018 14.500000000000002 20.500000000000004 0.45275597300000009 16.500000000000004 13 2.5000000000000004 32.500000000000007 0.47244097300000004 5.5000000000000009 0.10629921050000002 14 1.5000000000000002 1.0000000180025095e-35 15 1.5000000000000002 5.5000000000000009 4.5000000000000009 3.5000000000000004 0.35433076300000005 14.500000000000002 6.5000000000000009 16
decision_type=9 2 2 9 2 2 2 9 2 9 9 9 9 2 2 9 9 2 2 2 9 2 2 2 2 2 2 9 2 2 9 2 2 2 2 2 2 9 2 2 2 2 2 2 9 2 2 2 2 2 9 2 2 9 2 2 2 2 2 2 2 9
left_child=1 8 11 37 5 49 10 -7 51 24 -3 17 -10 14 15 23 -6 -2 -13 20 -20 -22 38 -9 32 26 -12 -28 29 30 31 -16 -8 -14 52 -36 -37 -4 39 -23 -41 -42 -34 -17 45 -19 47 48 -47 50 -5 -1 -35 -51 -52 56 -11 -46 -18 60 -39 -61
right_child=2 6 3 4 16 7 9 13 12 55 25 18 33 -15 28 43 58 44 19 -21 21 22 -24 -25 -26 -27 27 -29 -30 -31 -32 -33 42 34 35 36 -38 59 -40 40 41 -43 -44 -45 57 46 -48 -49 -50 53 54 -53 -54 -55 -56 -57 -58 -59 -60 61 -62 -63
leaf_value=1.9482785141090155 -0.58394994063534555 5.1230985380624698 -3.8029748562892003 0.85623912447432893 -1.1252426412493803 0.62819660087657536 5.6544458480620339 0.15168936506230782 1.8838331962014505 2.5713443657977879 1.4498743605634647 -1.2946432587395651 -1.3966827446649617 5.1360665679286379 -0.26071359016307299 0.29344939278148485 0.06317171572313135 -7.4120848270004132 -1.1107086988756547 -1.1502898392928076 3.3488374893682882 -0.7096256715347441 8.7905739300711971 7.6266346617255669 5.7802331262901179 0.8750594294923858 1.8334866312801084 4.4354352483313146 7.0792519396947258 -4.7703977151718702 2.5124276082042196 4.3643254499271738 9.736288445311752 9.2640889492844956 -0.64025626280896319 1.5753870596068882 -0.417953893950952 -1.3694863431228266 -0.86680408290653621 3.474234732139224 -1.5757313600194696 1.7267088616746524 19.132715867945468 4.0985562378477383 1.8777177896794481 0.8985669505168643 -1.5510688389939675 19.357436316547869 9.3635343428751696 -0.26401501367186264 3.2374841395254017 8.2244466298991128 2.4332972519531459 2.0976336236131412 -0.61898861258487359 1.6540432017780902 5.9908460526078713 -0.0077315549818471555 2.039869442303647 -0.39274415176257055 0.9962607498176983 -1.5407165529633426
leaf_weight=104 7184 475 244 2183 2699 2729 57 61 1323 389 1998 14542 1173 474 1088 342 4190 36 2708 7324 329 849 48 379 329 1974 946 1010 87 86 1729 275 55 57 3828 1966 1935 934 1458 432 533 1040 45 262 647 48 92 28 81 537 139 107 188 1069 3471 416 418 2693 520 2362 1283 3294
leaf_count=104 7184 475 244 2183 2699 2729 57 61 1323 389 1998 14542 1173 474 1088 342 4190 36 2708 7324 329 849 48 379 329 1974 946 1010 87 86 1729 275 55 57 3828 1966 1935 934 1458 432 533 1040 45 262 647 48 92 28 81 537 139 107 188 1069 3471 416 418 2693 520 2362 1283 3294
internal_value=0.0120463 1.27565 -0.324883 0.240148 0.640346 1.07449 2.61404 1.82679 0.260353 4.57437 2.09075 -0.754137 0.162099 2.50409 2.22027 3.90304 -0.232519 -0.190846 -0.961806 -0.633663 -0.122125 0.450223 0.232457 6.44419 7.30601 1.83595 2.32027 3.20924 1.68209 1.53411 1.70962 0.667787 10.9627 -0.0889081 0.103373 -0.0210088 0.58665 -0.860035 0.136988 0.649801 1.22545 0.607668 13.9796 1.91276 0.587671 3.17221 4.83219 8.57134 6.21695 0.310672 0.0309991 5.13339 4.02565 1.31941 -0.469112 3.40081 4.34307 0.35648 0.280849 -0.764071 -0.000419478 -1.06475
internal_weight=89302 18793 70509 30437 22320 14911 8112 7512 10681 1709 6403 40072 10470 4783 4309 1044 7409 10809 29263 14721 7397 4689 4360 440 486 5928 3954 1956 3265 3178 3092 1363 157 9147 7974 7729 3901 8117 4312 2854 2005 1573 100 604 3625 285 249 157 129 7399 5793 211 245 1606 3610 1223 807 3340 4710 7873 2217 5656
internal_count=89302 18793 70509 30437 22320 14911 8112 7512 10681 1709 6403 40072 10470 4783 4309 1044 7409 10809 29263 14721 7397 4689 4360 440 486 5928 3954 1956 3265 3178 3092 1363 157 9147 7974 7729 3901 8117 4312 2854 2005 1573 100 604 3625 285 249 157 129 7399 5793 211 245 1606 3610 1223 807 3340 4710 7873 2217 5656
cat_boundaries=0 5 10 15 20 21 26 28 33 38 43 48 53 55 58 63 68 73
cat_threshold=1738244776 71565331 8405504 1285 262976 0 2166896136 3055124490 1091961474 8429600 2415928320 1375879588 1080041793 2185250864 2248712 18415624 262144 8388608 256 256 524296 2147746052 1754333248 1212156948 746676296 148486 524296 262160 2379856 9502720 133168 69312512 1049747 4486162 33556900 153231392 2250246176 2691201 134217730 2166900224 3037495561 33987216 2138112 42041856 0 8404992 1029 262976 4194577 9469952 393392 539496512 527511 0 1024 0 536870912 134217728 4198466 1209075812 1077941460 2281826304 655505 272897025 269568288 20971652 2350948368 655488 0 16777736 2215149568 1074921474 8421376
is_linear=0
shrinkage=0.05


Tree=53
num_leaves=63
num_cat=21
split_feature=7 1 1 7 0 0 7 4 4 7 7 3 7 4 0 7 7 7 10 0 7 1 7 7 1 1 1 7 4 1 3 7 4 4 10 4 10 4 4 1 3 7 7 1 7 7 1 1 7 1 10 9 1 7 0 10 4 7 4 4 4 4
split_gain=1.37582e+07 9.16244e+06 6.21731e+06 4.8712e+06 3.05687e+06 2.93637e+06 2.66885e+06 2.41789e+06 3.815e+06 3.44501e+06 2.16879e+06 2.11997e+06 2.01602e+06 1.92491e+06 1.72576e+06 1.85466e+06 1.72033e+06 1.52292e+06 1.51434e+06 1.52134e+06 1.48784e+06 1.36869e+06 1.34882e+06 1.29605e+06 1.26243e+06 1.18432e+06 1.1473e+06 1.14604e+06 1.09772e+06 1.03847e+06 1.0035e+06 1.24592e+06 978204 1.0746e+06 970375 1.35029e+06 1.20779e+06 955897 1.9799e+06 895634 878600 1.00762e+06 876261 874003 843164 817570 812126 1.11839e+06 964238 799797 795363 786973 778135 853256 772431 746898 1.18169e+06 741700 850659 730455 716237 803966
threshold=0 3.5000000000000004 3.5000000000000004 1 0.17322834550000002 0.25590552400000005 2 11.500000000000002 6.5000000000000009 3 4 17.500000000000004 5 43.500000000000007 0.19291336050000005 6 7 8 3.5000000000000004 0.055118117500000008 9 5.5000000000000009 10 11 4.5000000000000009 1.5000000000000002 5.5000000000000009 12 31.500000000000004 2.5000000000000004 18.500000000000004 13 14.500000000000002 6.5000000000000009 36.500000000000007 14.500000000000002 3.5000000000000004 21.500000000000004 7.5000000000000009 4.5000000000000009 4.5000000000000009 14 15 1.5000000000000002 16 17 1.5000000000000002 2.5000000000000004 18 2.5000000000000004 11.500000000000002 1.0000000180025095e-35 5.5000000000000009 19 1.0000000180025095e-35 19.500000000000004 13.500000000000002 20 21.500000000000004 6.5000000000000009 51.500000000000007 47.500000000000007
decision_type=9 2 2 9 2 2 9 2 2 9 9 2 9 2 2 9 9 9 2 2 9 2 9 9 2 2 2 9 2 2 2 9 2 2 2 2 2 2 2 2 2 9 9 2 9 9 2 2 9 2 2 2 2 9 2 2 2 9 2 2 2 2
left_child=1 16 14 45 7 12 28 8 17 11 13 -10 54 -9 20 34 43 -5 19 30 -2 24 -11 32 -14 -20 39 -26 59 -27 40 37 33 -7 36 -36 -16 38 -32 -12 41 -18 -15 -1 -22 -4 -46 48 51 -45 -19 55 -47 -54 -3 -48 -57 58 -21 -6 61 -44
right_child=2 5 3 4 6 23 -8 10 9 22 26 -13 21 42 15 -17 18 50 25 57 44 -23 -24 -25 27 29 -28 -29 -30 -31 31 -33 -34 -35 35 -37 -38 -39 -40 -41 -42 -43 60 49 46 52 47 -49 -50 -51 -52 -53 53 -55 -56 56 -58 -59 -60 -61 -62 -63
leaf_value=0.92126749321247736 -0.31076533549463559 4.3070312099843369 -3.6203841730817388 -1.8258069925195486 1.546167864298845 4.2001327989222945 1.1499567431459317 -1.3370097562125107 3.4163667527758692 -1.1959514461227758 0.28125126048445959 8.971939206018666 1.5646010358116273 -0.49050403760142508 4.1854919916831452 -0.43791297569553161 -2.2789045851792422 0.39007834313137546 -0.86943577851090381 14.983943265397972 -2.1014523363998165 0.87355071253823768 2.387601627701454 3.0994158734642845 1.7997188956064247 1.1608894372200174 -0.31050448752753673 4.2070776909998857 1.7897493845418635 -0.4599060315639425 0.82574125239507257 0.14457187938453753 5.580011493248473 13.459709070958239 10.037605866504265 -1.4529857095016545 0.48506348666301036 2.3307125469225536 13.71262311305502 1.5038628273907335 -1.5462055122370801 3.3795689076593107 3.4004782320786937 6.8961469265487851 -1.2696481125341146 -0.37666182512286595 -0.11999976883336479 -1.1758353582672145 -0.69447575080911261 2.0372887086183424 3.4712224719238116 4.1469084724290886 -0.29190865202367983 -2.1463826941153625 9.2439160111934466 6.091347418177314 0.50137180561162542 2.4573865454692343 5.1832611439462841 6.260556059771381 6.9074612605751131 -0.40963279325630952
leaf_weight=342 9229 398 244 766 98 46 3068 3915 390 356 3014 307 2239 558 278 4400 110 1263 3832 32 1793 2207 959 515 886 2010 2988 1292 296 1944 55 467 323 99 74 39 1065 236 65 2978 651 231 300 172 11577 5220 1640 5712 3641 167 251 148 1029 1604 99 135 315 321 72 511 73 257
leaf_count=342 9229 398 244 766 98 46 3068 3915 390 356 3014 307 2239 558 278 4400 110 1263 3832 32 1793 2207 959 515 886 2010 2988 1292 296 1944 55 467 323 99 74 39 1065 236 65 2978 651 231 300 172 11577 5220 1640 5712 3641 167 251 148 1029 1604 99 135 315 321 72 511 73 257
internal_value=0.0115146 1.21252 -0.309111 0.229394 0.609976 2.48155 1.86783 0.338328 1.37726 2.96407 0.0216905 5.78138 2.12787 -0.800508 -0.718588 0.074514 0.253128 -0.0230985 0.0864702 1.23217 -0.854428 1.88753 1.41573 5.04313 2.39842 -0.243044 0.489267 3.25548 4.24151 0.364026 0.601531 1.89219 6.9659 10.5271 1.6149 6.074 1.25131 4.06578 7.81178 0.8889 -0.469324 1.58638 0.960729 2.66594 -1.05489 -0.820758 -0.973016 -0.677573 -0.193452 4.50387 0.895175 0.62198 -0.729232 -1.43094 5.18775 0.375155 2.17936 3.9246 7.49082 5.50231 2.21856 1.64272
internal_weight=89302 18811 70491 30445 22348 8104 3973 18375 4292 2012 14083 697 7121 5103 40046 5856 10707 2280 10026 2240 34190 6624 1315 983 4417 7786 8980 2178 905 3954 1815 823 468 145 1456 113 1343 356 120 5992 992 341 1188 681 24961 8097 23168 11591 5879 339 1514 2238 7853 2633 497 2090 450 425 104 609 630 557
internal_count=89302 18811 70491 30445 22348 8104 3973 18375 4292 2012 14083 697 7121 5103 40046 5856 10707 2280 10026 2240 34190 6624 1315 983 4417 7786 8980 2178 905 3954 1815 823 468 145 1456 113 1343 356 120 5992 992 341 1188 681 24961 8097 23168 11591 5879 339 1514 2238 7853 2633 497 2090 450 425 104 609 630 557
cat_boundaries=0 5 10 15 20 25 26 31 33 38 43 48 52 57 61 66 71 75 77 82 87 89
cat_threshold=1738113704 71565395 8405520 1285 262720 0 2150118920 3070984202 1091961474 8429600 147716 713031680 134479936 545800256 2098452 273028176 26312704 1060964 2751504448 16531 268436496 327205252 3154017 2187855904 2103435 524296 2151946560 679477280 1207970912 537481296 1050898 524288 262144 2552248324 1895973252 140510272 2160082992 2113536 2149728260 1217462272 1077943428 746741832 1197316 2147483652 1744846848 4194304 281036832 65544 85557768 4456449 8388608 260 41975808 64 8405008 1029 262208 1082229384 67108881 16 260 75530240 1 16 1029 512 268436480 33571076 2097184 2185234464 2101248 0 2150106112 268435456 512 0 1024 4471888 805339428 171114498 2420178978 8458370 0 512 2752020480 1179778 32800 75530240 4194321
is_linear=0
shrinkage=0.05


Tree=54
num_leaves=63
num_cat=24
split_feature=7 1 1 7 0 0 7 4 7 4 4 7 7 7 0 7 7 2 2 7 7 2 7 10 7 10 1 4 4 4 4 10 1 7 10 4 2 4 4 7 0 7 1 1 8 2 7 7 4 7 4 7 2 1 10 2 7 7 10 7 7 4
split_gain=1.24423e+07 8.29921e+06 5.58872e+06 4.41623e+06 3.00307e+06 2.41605e+06 2.41131e+06 1.95059e+06 3.30304e+06 2.83416e+06 1.89653e+06 2.11162e+06 1.88981e+06 1.73148e+06 1.63409e+06 1.69081e+06 1.57493e+06 1.36478e+06 1.8388e+06 1.34273e+06 1.30523e+06 1.305e+06 1.26554e+06 1.25274e+06 1.25048e+06 1.23203e+06 1.16215e+06 1.14356e+06 1.10559e+06 1.14003e+06 1.04124e+06 998552 957749 955233 903339 893950 888866 833676 1.09548e+06 842239 832171 825803 813652 1.41244e+06 898308 882503 767832 767732 752007 1.21183e+06 1.84005e+06 743289 727722 727536 726635 678337 675194 657480 655549 648776 647370 630452
threshold=0 3.5000000000000004 3.5000000000000004 1 0.10629921050000002 0.11023622400000001 2 11.500000000000002 3 6.5000000000000009 51.500000000000007 4 5 6 0.18110237250000003 7 8 10.500000000000002 11.500000000000002 9 10 11.500000000000002 11 36.500000000000007 12 3.5000000000000004 5.5000000000000009 1.5000000000000002 14.500000000000002 6.5000000000000009 14.500000000000002 11.500000000000002 4.5000000000000009 13 2.5000000000000004 1.5000000000000002 4.5000000000000009 6.5000000000000009 14.500000000000002 14 0.51574805400000012 15 1.5000000000000002 2.5000000000000004 1.0000000180025095e-35 11.500000000000002 16 17 10.500000000000002 18 11.500000000000002 19 4.5000000000000009 5.5000000000000009 2.5000000000000004 11.500000000000002 20 21 24.500000000000004 22 23 13.500000000000002
decision_type=9 2 2 9 2 2 9 2 9 2 2 9 9 9 2 9 9 2 2 9 9 2 9 2 9 2 2 2 2 2 2 2 2 9 2 2 2 2 2 9 2 9 2 2 2 2 9 9 2 9 2 9 2 2 2 2 9 9 2 9 9 2
left_child=1 16 14 46 7 13 40 8 56 31 11 21 28 52 20 23 -1 24 22 -11 -2 -9 -19 25 36 55 32 -18 29 -7 -25 59 -15 -34 -23 -22 -13 -37 41 -40 -6 -39 44 60 -29 47 -4 -46 57 50 -50 -52 -3 -24 -20 -16 -5 -43 -14 -10 -44 -28
right_child=2 5 3 4 6 12 -8 10 9 19 -12 17 58 26 15 -17 27 18 54 -21 35 34 53 30 -26 -27 61 42 -30 -31 -32 -33 33 -35 -36 37 -38 38 39 -41 -42 48 43 -45 45 -47 -48 -49 49 -51 51 -53 -54 -55 -56 -57 -58 -59 -60 -61 -62 -63
leaf_value=1.828686578765607 -0.30363346649957035 7.7415608080489511 -1.9126160340294256 -2.2318842567843422 2.5634829631499692 4.2410592176774768 0.92132694926323166 0.97117800181448599 1.640468025630889 6.3483462730444806 3.7807173119713013 0.16233808576948 1.8375142909116573 1.4470442530076622 2.9314066959427962 -0.40716910961964192 3.9420510961033908 -0.066189405399074822 -6.2560361742057751 2.7268490221719754 1.0735965021532026 -8.4761309286518891 4.7583319822361219 9.8830802146253589 -0.42679780873420592 0.35995128178087804 2.2036889302721767 -0.74596023510649412 4.9220578941279731 12.18475113778632 -0.22884355179593943 3.6460523375515423 1.8211885902120546 4.0663240189893406 -1.0925747289339389 -1.9058104529906605 -2.3799769090921927 0.79357984026496753 -1.6035371763348736 -0.87067416575727907 5.1036523628545671 0.19935433992488766 2.2112915043459012 -0.48728214764657268 5.9749539937461975 -7.9696649271165034 -0.57120999332359845 0.72173535958201507 7.2620201749032383 -1.1031138857526788 3.5928743178667926 -1.3531323695627122 3.5824403811767311 0.9373684886770971 -0.74437842420522138 9.3914447524154259 0.068988777203488422 -2.1081186758458492 5.4514806020422322 -0.76198781921100034 0.52298665470483419 0.21467032852269052
leaf_weight=1350 9121 155 1263 483 1058 70 3436 4420 442 418 320 423 677 2072 237 4527 181 435 65 804 507 46 400 77 4066 1106 542 4197 469 128 38 247 1003 1012 409 2535 1836 1368 5930 11932 464 438 1005 2289 100 21 6843 217 131 664 102 226 328 181 735 49 909 1068 154 733 1337 1503
leaf_count=1350 9121 155 1263 483 1058 70 3436 4420 442 418 320 423 677 2072 237 4527 181 435 65 804 507 46 400 77 4066 1106 542 4197 469 128 38 247 1003 1012 409 2535 1836 1368 5930 11932 464 438 1005 2289 100 21 6843 217 131 664 102 226 328 181 735 49 909 1068 154 733 1337 1503
internal_value=0.0109651 1.15313 -0.293932 0.216761 0.579536 2.3597 1.66516 0.270022 1.23309 2.26594 -0.0214479 -0.114953 4.17287 1.94904 -0.682049 0.0762671 0.239092 -0.60743 0.599986 4.04031 -0.816541 0.707247 2.01172 1.52104 -0.955062 1.11652 1.71228 0.00752254 6.15435 9.37996 6.54441 0.756882 2.20197 2.97814 -1.84075 -1.00389 -1.89555 -1.04748 -0.947931 -1.11537 3.31638 -0.19966 -0.0702056 0.395966 -0.546245 1.93312 -0.782336 2.59146 -0.716797 0.259748 2.20707 0.25383 4.81874 3.50799 -1.19293 4.04111 -0.739697 -1.44972 2.47802 0.149279 1.25921 0.741918
internal_weight=89302 18810 70492 30436 22330 8113 4958 17372 4036 2644 13336 13016 1498 6615 40056 6034 10697 8141 1816 1222 34022 4875 1016 1507 6325 1392 6132 9347 667 198 115 1422 4087 2015 455 24901 2259 24394 21859 17862 1522 3997 9166 4631 4535 338 8106 317 2629 1123 459 328 483 581 800 286 1392 1506 831 1175 2342 2045
internal_count=89302 18810 70492 30436 22330 8113 4958 17372 4036 2644 13336 13016 1498 6615 40056 6034 10697 8141 1816 1222 34022 4875 1016 1507 6325 1392 6132 9347 667 198 115 1422 4087 2015 455 24901 2259 24394 21859 17862 1522 3997 9166 4631 4535 338 8106 317 2629 1123 459 328 483 581 800 286 1392 1506 831 1175 2342 2045
cat_boundaries=0 5 10 15 20 25 29 30 35 37 42 47 52 57 62 67 72 75 80 85 89 94 99 104 109
cat_threshold=1738244776 71630929 8405504 1285 262720 0 2166896136 3054075946 1091961474 8429600 134234372 679510016 138674193 545800264 2100502 2147493892 2046970112 157679872 314591264 2686980 2149603399 1745879042 4201476 478273544 147716 85557768 262145 8388608 260 524296 2151944512 679477250 1212165232 537481296 2322 524296 262160 272897088 9437184 1056852 2751504384 18 2149599236 1217396738 1077941268 746741834 1197316 134226944 33571076 1227227392 2185232416 3739656 263440 276856960 1056849 539496448 6147 42172928 64 8404992 1029 576 4195392 2435333120 305143912 2154037760 36993 4194625 285403168 1483232 2148534400 39041 0 2150106112 8 100761728 1 0 4 262144 13328 537395468 203489290 1363182112 2162688 5136 536870912 65536 16777760 2147483652 1610629120 138412032 12599296 2097152 402916370 33554560 34078721 528400 58 263505 1048608 1074790528 2170888 1051915 562037376 67108865 512 256 262720
is_linear=0
shrinkage=0.05


Tree=55
num_leaves=63
num_cat=18
split_feature=7 5 7 5 0 7 7 4 7 10 4 4 10 4 7 0 4 10 7 4 4 4 7 4 4 7 10 3 7 7 4 4 10 4 3 0 7 2 4 3 7 3 0 4 2 10 7 7 4 7 7 3 3 10 0 10 3 4 2 7 0 10
split_gain=1.13907e+07 6.9011e+06 4.76504e+06 4.60966e+06 2.74685e+06 2.30317e+06 2.14215e+06 2.10879e+06 2.13856e+06 2.04626e+06 2.1833e+06 3.85523e+06 1.96128e+06 3.23079e+06 2.09092e+06 1.81475e+06 1.7864e+06 2.44347e+06 1.77334e+06 1.69359e+06 1.67903e+06 2.78858e+06 1.51605e+06 1.49585e+06 3.15357e+06 1.87875e+06 3.07149e+06 2.65715e+06 1.52411e+06 1.50838e+06 1.42715e+06 1.3529e+06 1.65949e+06 1.32892e+06 1.37012e+06 1.29442e+06 1.46631e+06 2.3204e+06 1.29198e+06 1.25707e+06 1.24389e+06 1.21777e+06 1.21035e+06 1.19197e+06 1.80631e+06 1.19734e+06 1.18356e+06 1.15746e+06 1.48492e+06 1.15076e+06 1.12275e+06 1.0726e+06 4.37817e+06 2.21473e+06 1.24752e+06 1.06602e+06 1.03482e+06 1.02078e+06 1.22832e+06 982719 981124 956847
threshold=0 1.0000000180025095e-35 1 1.0000000180025095e-35 0.25984253000000007 2 3 18.500000000000004 4 3.5000000000000004 34.500000000000007 23.500000000000004 36.500000000000007 14.500000000000002 5 0.19291336050000005 46.500000000000007 1.0000000180025095e-35 6 35.500000000000007 6.5000000000000009 1.5000000000000002 7 14.500000000000002 22.500000000000004 8 4.5000000000000009 18.500000000000004 9 10 31.500000000000004 6.5000000000000009 33.500000000000007 50.500000000000007 25.500000000000004 0.055118112000000004 11 10.500000000000002 38.500000000000007 17.500000000000004 12 17.500000000000004 0.011811025500000001 51.500000000000007 11.500000000000002 2.5000000000000004 13 14 6.5000000000000009 15 16 17.500000000000004 12.500000000000002 22.500000000000004 1.0000000180025095e-35 1.0000000180025095e-35 23.500000000000004 11.500000000000002 1.5000000000000002 17 0.58661422150000009 20.500000000000004
decision_type=9 2 9 2 2 9 9 2 9 2 2 2 2 2 9 2 2 2 9 2 2 2 9 2 2 9 2 2 9 9 2 2 2 2 2 2 9 2 2 2 9 2 2 2 2 2 9 9 2 9 9 2 2 2 2 2 2 2 2 9 2 2
left_child=1 5 40 19 6 -1 -3 8 39 15 11 12 22 14 -14 16 55 -18 60 20 21 -4 61 25 29 26 27 -22 -26 -25 47 59 41 -21 56 36 38 46 -9 -5 -2 -33 -29 44 45 -8 -38 -6 -49 -39 -37 52 -28 -54 -55 -7 -35 58 -41 -10 -13 -11
right_child=2 4 3 7 30 9 43 35 31 10 -12 18 13 -15 -16 -17 17 -19 -20 33 23 -23 -24 24 28 -27 51 42 -30 -31 -32 32 -34 34 -36 50 37 49 -40 57 -42 -43 -44 -45 -46 -47 -48 48 -50 -51 -52 -53 53 54 -56 -57 -58 -59 -60 -61 -62 -63
leaf_value=3.0170814595313651 -1.8230099599065974 5.4291498623296697 1.888361685700966 1.8944612488804387 3.7116593190578939 2.7704790168702687 3.8996347917975522 1.8127806261097572 -3.3634290230829258 -0.45791051088559603 -1.1409666667451508 5.2943567808650194 -0.41091208921762767 -0.71870420933675283 8.1853691243915101 4.9251077069843872 -3.8682142427284156 5.6991240865545461 1.6584791144632101 -1.0385333060092146 0.45785989405967398 -1.5799909402988244 -1.7317608435678105 -0.0089383018573425989 1.2340690150132656 0.36874130066866212 -0.65250915798554399 9.4652546673784155 -0.12220970162622261 -1.7421345797330148 2.1942780956847776 1.1937157358736064 -0.19289287811104006 0.4237166852021037 2.9511519709338514 -0.21745911107397398 -2.4652216919553762 -0.51965143751654963 -0.45605280969139361 3.0496873938653195 -0.78384072076617972 3.903407636591544 20.106255687002747 8.2503027991799609 -2.1368340160165515 1.5599699311198321 -0.4970298141441758 1.7262693808270062 11.175210371809902 2.5197891701199633 1.9292858444889878 -1.3957064057084518 4.5556676269767973 9.4093369459725942 24.365290740420143 -0.18343931275796324 -3.481400664041582 2.5547620915431573 9.178429679548131 0.19540876918117728 16.295513391278984 2.1229868196371307
leaf_weight=826 3562 443 691 866 231 378 660 1450 224 1287 3055 249 108 487 228 341 82 357 1817 10492 69 3590 2044 1927 3253 5268 282 91 5673 3628 235 879 900 776 429 943 1427 571 1106 138 15336 785 38 70 289 3189 1668 51 226 674 1724 239 70 25 32 1589 217 268 201 1131 22 498
leaf_count=826 3562 443 691 866 231 378 660 1450 224 1287 3055 249 108 487 228 341 82 357 1817 10492 69 3590 2044 1927 3253 5268 282 91 5673 3628 235 879 900 776 429 943 1427 571 1106 138 15336 785 38 70 289 3189 1668 51 226 674 1724 239 70 25 32 1589 217 268 201 1131 22 498
internal_value=-0.0104005 1.08438 -0.301273 -0.0530384 2.59456 0.475814 2.14349 0.687136 1.47783 0.305777 -0.0321998 0.470373 -0.330776 1.88351 5.65428 1.51197 1.02805 3.91157 2.25524 -0.353932 -0.119158 -1.02013 -0.80675 0.0681272 -0.208756 0.723919 2.89669 8.37951 0.373327 -1.14406 5.41744 0.859215 1.53673 -0.844127 0.590235 0.241298 -0.120467 -0.6793 0.82782 3.09668 -0.980579 2.47219 12.613 1.78034 1.67499 1.96125 -1.41412 6.90773 9.10809 1.14193 1.17667 1.26503 2.81981 10.5245 17.8337 0.384327 -0.429927 4.86227 6.68519 -0.416495 5.97282 0.260753
internal_weight=89405 18762 70643 51745 5394 13368 4651 14955 5392 12542 9795 6740 4652 823 336 2747 2406 439 2088 36790 24876 4281 3829 20595 14481 6114 846 198 8926 5555 743 3919 2564 11914 1422 9563 6896 4340 2556 1473 18898 1664 129 4208 4138 3849 3095 508 277 1245 2667 648 409 127 57 1967 993 607 339 1355 271 1785
internal_count=89405 18762 70643 51745 5394 13368 4651 14955 5392 12542 9795 6740 4652 823 336 2747 2406 439 2088 36790 24876 4281 3829 20595 14481 6114 846 198 8926 5555 743 3919 2564 11914 1422 9563 6896 4340 2556 1473 18898 1664 129 4208 4138 3849 3095 508 277 1245 2667 648 409 127 57 1967 993 607 339 1355 271 1785
cat_boundaries=0 5 10 12 13 18 22 25 30 34 39 44 49 52 57 62 67 72 77
cat_threshold=1712919532 541327377 134234624 66821 848 268435456 2418570240 3073384490 24379936 8429600 524288 262144 537919496 25591810 68223008 4194516 604020808 16513 536940576 17 16896 256 128 536870913 134217728 1611665964 16 16896 257 64 25200640 92340288 80 2147483648 2309015552 1208057984 4458500 948064322 3557376 2147622915 1208058176 1086854165 135170 3031046 2149738497 1208025186 12622848 478199810 1392644 0 2150106112 268435464 12878848 92307584 1073807569 537540672 137219 637604160 16 512 65536 528 134217730 50365324 459013 3254780096 2753536 2108418 101777700 753668 2449647746 151553 0 1073742088 132096 2147483778 2359296
is_linear=0
shrinkage=0.05


Tree=56
num_leaves=63
num_cat=20
split_feature=7 1 1 7 0 7 0 7 7 4 7 7 4 4 4 3 4 8 4 10 7 4 7 3 4 9 7 4 7 7 7 3 1 1 7 10 3 7 7 4 4 7 10 7 4 4 4 0 1 0 8 7 0 4 4 4 7 3 3 3 4 4
split_gain=1.03215e+07 7.19928e+06 4.54747e+06 4.20322e+06 2.73912e+06 2.53891e+06 2.27824e+06 1.80504e+06 1.7915e+06 1.63751e+06 1.34008e+06 1.31629e+06 1.51958e+06 1.3045e+06 1.16408e+06 1.26246e+06 1.12673e+06 1.83805e+06 1.87407e+06 1.1822e+06 1.19015e+06 1.12297e+06 1.69013e+06 1.17911e+06 1.11794e+06 1.54153e+06 1.04956e+06 1.04941e+06 2.14134e+06 1.57957e+06 1.04585e+06 1.04578e+06 1.03647e+06 1.05367e+06 1.03038e+06 1.02682e+06 989589 921419 882374 982734 925809 895649 873956 867872 864028 859935 1.01854e+06 893264 868412 848610 841971 1.12037e+06 807434 763371 762936 1.45836e+06 1.77629e+06 1.81179e+06 758858 746564 733318 719016
threshold=0 3.5000000000000004 1.5000000000000002 1 0.098425202500000017 2 0.10629922150000001 3 4 1.5000000000000002 5 6 31.500000000000004 51.500000000000007 50.500000000000007 25.500000000000004 36.500000000000007 1.0000000180025095e-35 20.500000000000004 41.500000000000007 7 17.500000000000004 8 17.500000000000004 48.500000000000007 1.0000000180025095e-35 9 32.500000000000007 10 11 12 23.500000000000004 5.5000000000000009 4.5000000000000009 13 4.5000000000000009 22.500000000000004 14 15 38.500000000000007 32.500000000000007 16 2.5000000000000004 17 19.500000000000004 51.500000000000007 47.500000000000007 0.41141732050000007 3.5000000000000004 0.6653544305000002 1.0000000180025095e-35 18 0.059055125000000007 51.500000000000007 15.500000000000002 10.500000000000002 19 17.500000000000004 7.5000000000000009 19.500000000000004 51.500000000000007 35.500000000000007
decision_type=9 2 2 9 2 9 2 9 9 2 9 9 2 2 2 2 2 2 2 2 9 2 9 2 2 2 9 2 9 9 9 2 2 2 9 2 2 9 9 2 2 9 2 9 2 2 2 2 2 2 2 9 2 2 2 2 9 2 2 2 2 2
left_child=1 9 26 37 7 45 8 21 42 -1 -11 -8 49 24 16 31 17 18 19 43 -21 22 23 -5 25 32 -2 29 -29 -20 35 59 33 -10 -35 -25 -26 -4 39 -23 41 -40 -3 -12 -43 46 47 -6 -49 -13 -28 -52 -17 61 55 -45 -57 -58 -22 -16 -53 -9
right_child=2 6 3 4 5 -7 11 53 13 10 14 12 -14 -15 15 52 -18 -19 27 20 58 38 -24 30 36 -27 50 28 -30 -31 -32 -33 -34 34 -36 -37 -38 -39 40 -41 -42 44 -44 54 -46 -47 -48 48 -50 -51 51 60 -54 -55 -56 56 57 -59 -60 -61 -62 -63
leaf_value=4.6863891507988331 -1.5240720131300205 7.8224536787469381 -1.6431889384175098 1.3986222917441933 1.5995421358386819 0.40374108050722279 1.4070787971478917 -0.11242507323012058 0.83614343101706767 2.2874775303322994 -2.058143397052854 5.1423521267861112 2.2596359659083691 7.0078912780287226 0.55683715582147386 4.325638516617218 -1.0308871182434758 3.9752837999380448 4.273605392707851 -2.5292342318958814 6.2889344177491564 -1.3560387442828119 0.41464578220469034 16.19237742654958 -0.50531920179042289 4.6715049089739926 -0.81493766484960828 3.3562684138327223 -2.5035265505176998 0.83747371886468702 2.9680471206256605 -4.1272179952902173 0.12926008117969146 4.2886855997099316 1.653628796027129 6.2119344501563418 -8.8945868216250599 -0.58830885198385408 -0.80879594857833847 0.55024665181876575 -0.0091303942965638412 -1.1439578293953914 3.2486199247963605 -0.62502701635381341 2.486656283132572 7.7029512699143297 -1.7376394573112788 1.5655831734730317 4.5629214343169364 9.0550551169348967 -1.4512212748202367 2.2020253371358041 13.771254568877897 2.1134743670107619 -1.9452432228598528 -1.7188650779968064 12.543281080230319 2.5549580473784701 1.2553033749090323 6.7560925847293962 -4.5239707282966917 -0.787691445512539
leaf_weight=198 5361 121 2558 769 1526 5265 438 12169 1663 645 1299 574 394 102 141 72 2663 305 412 113 132 1574 2304 35 285 353 13488 217 490 1697 431 76 1446 591 1104 98 40 10971 348 1185 2534 188 763 1082 1274 71 160 376 677 183 416 680 33 325 561 115 73 120 173 74 43 5831
leaf_count=198 5361 121 2558 769 1526 5265 438 12169 1663 645 1299 574 394 102 141 72 2663 305 412 113 132 1574 2304 35 285 353 13488 217 490 1697 431 76 1446 591 1104 98 40 10971 348 1185 2534 188 763 1082 1274 71 160 376 677 183 416 680 33 325 561 115 73 120 173 74 43 5831
internal_value=-0.00979 1.03283 -0.286544 -0.0346473 0.240231 1.05493 2.16202 0.0139651 1.74524 0.182797 0.097771 3.85832 4.73752 1.40542 -0.0479403 2.6075 -0.15927 0.182633 0.00417155 -0.740625 1.76205 0.52837 1.24335 2.65255 1.30361 1.48286 -0.925234 0.974305 -0.692689 1.53314 4.40872 0.910735 1.24847 1.73039 2.60766 8.23025 -1.54028 -0.788838 0.163006 -0.53535 0.606391 1.47143 3.83215 -1.06255 2.00602 2.2655 2.13254 2.3727 3.4929 6.0893 -0.704219 0.600684 7.30459 -0.287652 -0.38707 0.239111 3.27405 6.02545 3.32614 2.69271 1.77685 -0.331177
internal_weight=89405 18748 70657 50669 37140 8075 8057 29065 6468 10691 10493 1589 1151 5584 9848 396 9452 6789 6484 3668 418 10740 3637 1333 5482 5157 19988 2816 707 2109 564 291 4804 3358 1695 133 325 13529 7103 2759 4344 1810 884 3250 1462 2810 2739 2579 1053 757 14627 1139 105 18325 1951 1390 308 193 305 215 723 18000
internal_count=89405 18748 70657 50669 37140 8075 8057 29065 6468 10691 10493 1589 1151 5584 9848 396 9452 6789 6484 3668 418 10740 3637 1333 5482 5157 19988 2816 707 2109 564 291 4804 3358 1695 133 325 13529 7103 2759 4344 1810 884 3250 1462 2810 2739 2579 1053 757 14627 1139 105 18325 1951 1390 308 193 305 215 723 18000
cat_boundaries=0 5 10 15 20 21 23 27 31 36 41 46 50 53 57 60 65 69 74 79 84
cat_threshold=1712919532 262161 142623232 134284549 848 268435456 2166912000 3070795818 56885792 10493984 2307049472 683671744 4197457 545804360 527366 23513089 206635106 1077941460 335568896 1327104 537395336 524288 262144 4192 16 512 134284289 1611665440 0 16896 256 21266432 68157472 84 8192 16384 25193472 2452096256 842203178 3490972192 8396800 67109184 17 134217728 4 528 1048712 0 134234112 256 32768 67108864 16 1141903968 262144 512 256 0 2150106112 268435464 4227073 72351776 1073742036 0 16384 17170432 0 0 8192 34668672 0 134217728 134284293 272 2152071186 1678979140 1157898240 29362304 2200577 67109120 17 8388608 0 576
is_linear=0
shrinkage=0.05


end of trees

feature_importances:
WeekOfYear=997
Loc_Number=833
DayOfWeek=518
DaysToNearestHoliday=305
Month=268
DayOfMonth=237
Precipitation=151
IsHoliday=111
IsHolidayWeekend=94
IsWeekend=13
Quarter=7

parameters:
[boosting: gbdt]
[objective: regression]
[metric: l1,rmse]
[tree_learner: serial]
[device_type: cpu]
[data_sample_strategy: bagging]
[data: ]
[valid: ]
[num_iterations: 1000]
[learning_rate: 0.05]
[num_leaves: 63]
[num_threads: -1]
[seed: 42]
[deterministic: 0]
[force_col_wise: 0]
[force_row_wise: 0]
[histogram_pool_size: -1]
[max_depth: -1]
[min_data_in_leaf: 20]
[min_sum_hessian_in_leaf: 0.001]
[bagging_fraction: 0.8]
[pos_bagging_fraction: 1]
[neg_bagging_fraction: 1]
[bagging_freq: 5]
[bagging_seed: 400]
[bagging_by_query: 0]
[feature_fraction: 0.8]
[feature_fraction_bynode: 1]
[feature_fraction_seed: 30056]
[extra_trees: 0]
[extra_seed: 12879]
[early_stopping_round: 0]
[early_stopping_min_delta: 0]
[first_metric_only: 0]
[max_delta_step: 0]
[lambda_l1: 0.1]
[lambda_l2: 0.1]
[linear_lambda: 0]
[min_gain_to_split: 0]
[drop_rate: 0.1]
[max_drop: 50]
[skip_drop: 0.5]
[xgboost_dart_mode: 0]
[uniform_drop: 0]
[drop_seed: 17869]
[top_rate: 0.2]
[other_rate: 0.1]
[min_data_per_group: 100]
[max_cat_threshold: 32]
[cat_l2: 10]
[cat_smooth: 10]
[max_cat_to_onehot: 4]
[top_k: 20]
[monotone_constraints: ]
[monotone_constraints_method: basic]
[monotone_penalty: 0]
[feature_contri: ]
[forcedsplits_filename: ]
[refit_decay_rate: 0.9]
[cegb_tradeoff: 1]
[cegb_penalty_split: 0]
[cegb_penalty_feature_lazy: ]
[cegb_penalty_feature_coupled: ]
[path_smooth: 0]
[interaction_constraints: ]
[verbosity: -1]
[saved_feature_importance_type: 0]
[use_quantized_grad: 0]
[num_grad_quant_bins: 4]
[quant_train_renew_leaf: 0]
[stochastic_rounding: 1]
[linear_tree: 0]
[max_bin: 255]
[max_bin_by_feature: ]
[min_data_in_bin: 3]
[bin_construct_sample_cnt: 200000]
[data_random_seed: 175]
[is_enable_sparse: 1]
[enable_bundle: 1]
[use_missing: 1]
[zero_as_missing: 0]
[feature_pre_filter: 1]
[pre_partition: 0]
[two_round: 0]
[header: 0]
[label_column: ]
[weight_column: ]
[group_column: ]
[ignore_column: ]
[categorical_feature: 7]
[forcedbins_filename: ]
[precise_float_parser: 0]
[parser_config_file: ]
[objective_seed: 16083]
[num_class: 1]
[is_unbalance: 0]
[scale_pos_weight: 1]
[sigmoid: 1]
[boost_from_average: 1]
[reg_sqrt: 0]
[alpha: 0.9]
[fair_c: 1]
[poisson_max_delta_step: 0.7]
[tweedie_variance_power: 1.5]
[lambdarank_truncation_level: 30]
[lambdarank_norm: 1]
[label_gain: ]
[lambdarank_position_bias_regularization: 0]
[eval_at: ]
[multi_error_top_k: 1]
[auc_mu_weights: ]
[num_machines: 1]
[local_listen_port: 12400]
[time_out: 120]
[machine_list_filename: ]
[machines: ]
[gpu_platform_id: -1]
[gpu_device_id: -1]
[gpu_use_dp: 0]
[num_gpu: 1]

end of parameters

pandas_categorical:[[4, 5, 8, 10, 11, 12, 13, 14, 15, 16, 17, 18, 20, 21, 22, 23, 24, 25, 26, 27, 28, 29, 31, 32, 33, 34, 35, 36, 38, 39, 42, 43, 44, 45, 47, 49, 50, 51, 52, 53, 54, 55, 56, 57, 58, 59, 60, 61, 62, 63, 64, 66, 67, 68, 69, 70, 71, 72, 74, 75, 76, 77, 78, 79, 80, 81, 82, 83, 84, 85, 86, 87, 88, 89, 90, 91, 92, 93, 94, 95, 96, 97, 98, 99, 100, 101, 102, 103, 104, 105, 106, 107, 108, 109, 110, 111, 112, 113, 114, 115, 116, 117, 118, 119, 120, 121, 122, 124, 125, 126, 127, 128, 129, 130, 131, 132, 133, 134, 135, 136, 137, 138, 140, 141, 142, 143, 144, 145, 146, 147, 148, 150, 151, 152, 153, 156, 157, 158, 159, 160, 161, 162, 163, 164, 165, 166, 167, 168, 169, 170, 177, 179, 189]]
