Loc Number,Date,Precipitation,Predicted Purchased Cards V3,Unique Purchased Cards - Actual,Predicted Purchased Cards V1
4,2/4/2026,0.192913368,128,111,192
4,2/5/2026,0,89,56,110
4,2/6/2026,0,245,270,296
4,2/7/2026,0,645,964,846
4,2/8/2026,0,164,263,330
4,2/9/2026,0,91,110,101
4,2/10/2026,0,71,61,101
4,2/11/2026,0.137795284,138,100,194
4,2/12/2026,0,110,138,127
4,2/13/2026,0,512,328,377
4,2/14/2026,0,1350,1331,974
4,2/15/2026,0.692913413,590,678,534
4,2/16/2026,0.011811025,221,283,309
4,2/17/2026,0,100,227,135
4,2/18/2026,0.007874016,201,329,214
4,2/19/2026,0.051181108,174,267,161
4,2/20/2026,0.094488196,348,497,377
4,2/21/2026,0.472440958,1267,1130,1057
4,2/22/2026,0.003937008,451,584,464
4,2/23/2026,0,91,127,110
4,2/24/2026,0,59,127,110
4,2/25/2026,0.003937008,149,145,208
4,2/26/2026,0.88188982,118,135,145
4,2/27/2026,1.185039639,341,345,377
4,2/28/2026,0,1110,1023,1044
4,3/1/2026,0,373,490,439
4,3/2/2026,0,89,135,110
4,3/3/2026,0,67,75,110
4,3/4/2026,0,128,131,202
4,3/5/2026,0.015748031,110,106,135
5,2/4/2026,0,128,148,186
5,2/5/2026,0,118,110,127
5,2/6/2026,0,281,217,325
5,2/7/2026,0,547,584,761
5,2/8/2026,0,201,226,309
5,2/9/2026,0,77,72,110
5,2/10/2026,0,81,81,110
5,2/11/2026,0.023622049,133,158,194
5,2/12/2026,0,118,186,135
5,2/13/2026,0,515,359,409
5,2/14/2026,0,1110,1148,879
5,2/15/2026,0.035433073,415,472,534
5,2/16/2026,0.066929132,168,252,310
5,2/17/2026,0,89,105,135
5,2/18/2026,0.015748031,149,147,214
5,2/19/2026,0.066929139,148,125,161
5,2/20/2026,0.622047246,332,372,413
5,2/21/2026,0,1006,1010,1005
5,2/22/2026,0.137795284,383,145,473
5,2/23/2026,0,77,64,110
5,2/24/2026,0,76,118,110
5,2/25/2026,0,149,201,208
5,2/26/2026,0.003937008,128,200,145
5,2/27/2026,0,383,471,407
5,2/28/2026,0,1006,1141,974
5,3/1/2026,0,332,462,439
5,3/2/2026,0,80,115,110
5,3/3/2026,0.133858278,81,128,113
5,3/4/2026,0.244094491,138,162,208
5,3/5/2026,0.248031482,127,132,158
8,2/4/2026,0,245,181,282
8,2/5/2026,0.094488196,174,169,208
8,2/6/2026,0,297,305,407
8,2/7/2026,0,696,785,974
8,2/8/2026,0,332,360,534
8,2/9/2026,0,138,115,175
8,2/10/2026,0,127,111,175
8,2/11/2026,0.007874016,242,185,309
8,2/12/2026,0,192,207,214
8,2/13/2026,0.051181108,547,317,461
8,2/14/2026,0.011811025,1267,1016,1044
8,2/15/2026,0.031496067,805,717,761
8,2/16/2026,0.086614169,363,428,534
8,2/17/2026,0.019685039,127,106,208
8,2/18/2026,0.023622049,290,204,347
8,2/19/2026,0.015748031,209,198,237
8,2/20/2026,0,373,340,461
8,2/21/2026,0.007874016,1234,718,1167
8,2/22/2026,0,669,573,641
8,2/23/2026,0.023622049,148,217,179
8,2/24/2026,0,120,205,179
8,2/25/2026,0,250,248,319
8,2/26/2026,0.015748031,196,182,214
8,2/27/2026,0.007874016,403,376,439
8,2/28/2026,0.429133862,1209,1158,1272
8,3/1/2026,0.14173229,611,559,641
8,3/2/2026,0.05905512,149,48,179
8,3/3/2026,0.169291332,128,138,186
8,3/4/2026,0.208661392,245,367,319
8,3/5/2026,0.078740165,192,156,214
10,2/4/2026,0,297,280,407
10,2/5/2026,0,242,252,309
10,2/6/2026,0.007874016,568,498,641
10,2/7/2026,0,1234,1199,1272
10,2/8/2026,0,547,471,777
10,2/9/2026,0,196,436,244
10,2/10/2026,0,192,199,244
10,2/11/2026,1.271653533,332,365,409
10,2/12/2026,0.003937008,270,223,309
10,2/13/2026,0,852,612,727
10,2/14/2026,0,1610,1724,1430
10,2/15/2026,0,1234,1190,1028
10,2/16/2026,0.893700838,619,772,601
10,2/17/2026,0.637795389,221,257,348
10,2/18/2026,0.55905515,415,350,491
10,2/19/2026,0.429133862,290,305,348
10,2/20/2026,0.031496063,669,686,727
10,2/21/2026,0,1561,1381,1483
10,2/22/2026,0,1110,983,947
10,2/23/2026,0,196,244,247
10,2/24/2026,0,155,257,247
10,2/25/2026,0,348,376,413
10,2/26/2026,0,250,333,330
10,2/27/2026,0,727,642,692
10,2/28/2026,0,1561,1456,1483
10,3/1/2026,0,929,1044,929
10,3/2/2026,0,196,220,247
10,3/3/2026,0,155,219,247
10,3/4/2026,0,321,367,413
10,3/5/2026,0,242,241,325
11,2/4/2026,0,174,169,194
11,2/5/2026,0,110,90,110
11,2/6/2026,0,297,248,310
11,2/7/2026,0,628,1033,974
11,2/8/2026,0,287,358,347
11,2/9/2026,0,76,117,110
11,2/10/2026,0,81,61,110
11,2/11/2026,0,168,169,208
11,2/12/2026,0,118,155,127
11,2/13/2026,0,569,478,407
11,2/14/2026,0,1502,1383,1068
11,2/15/2026,0.527559102,645,802,578
11,2/16/2026,0,196,391,325
11,2/17/2026,0,76,84,135
11,2/18/2026,0.039370079,168,137,214
11,2/19/2026,0.035433073,127,148,161
11,2/20/2026,0.074803151,383,407,407
11,2/21/2026,0,1350,1205,1272
11,2/22/2026,0.003937008,521,524,534
11,2/23/2026,0,81,47,110
11,2/24/2026,0,59,146,110
11,2/25/2026,0.019685039,174,185,214
11,2/26/2026,0,120,175,145
11,2/27/2026,0,403,360,403
11,2/28/2026,0,1267,1182,1272
11,3/1/2026,0.015748031,447,592,473
11,3/2/2026,0.043307088,89,122,110
11,3/3/2026,0.677165329,81,135,117
11,3/4/2026,0.712598443,174,170,214
11,3/5/2026,1.074803233,127,141,151
12,2/4/2026,0.007874017,221,203,287
12,2/5/2026,0,174,173,192
12,2/6/2026,0,447,495,473
12,2/7/2026,0,929,1068,1165
12,2/8/2026,0,348,310,513
12,2/9/2026,0,127,194,175
12,2/10/2026,0,118,121,175
12,2/11/2026,0,224,238,319
12,2/12/2026,0,182,131,208
12,2/13/2026,0.007874016,751,622,557
12,2/14/2026,0.027559057,1502,1367,1320
12,2/15/2026,0,751,737,783
12,2/16/2026,0,245,442,505
12,2/17/2026,0.023622049,118,200,194
12,2/18/2026,0,209,219,330
12,2/19/2026,0,174,203,221
12,2/20/2026,0,547,593,578
12,2/21/2026,0,1350,1197,1430
12,2/22/2026,0,645,719,674
12,2/23/2026,0,149,173,175
12,2/24/2026,0,110,135,175
12,2/25/2026,0.003937008,242,259,325
12,2/26/2026,0,192,219,208
12,2/27/2026,0,590,555,557
12,2/28/2026,0,1267,1136,1430
12,3/1/2026,0,569,671,641
12,3/2/2026,0,138,160,175
12,3/3/2026,0.039370079,106,112,175
12,3/4/2026,0.035433076,217,277,319
12,3/5/2026,0,174,258,208
13,2/4/2026,0,201,193,239
13,2/5/2026,0,149,145,151
13,2/6/2026,0,373,403,348
13,2/7/2026,0,825,1040,974
13,2/8/2026,0,290,383,393
13,2/9/2026,0,118,76,135
13,2/10/2026,0,109,67,135
13,2/11/2026,0,232,202,262
13,2/12/2026,0,127,164,161
13,2/13/2026,0,611,510,464
13,2/14/2026,0,1561,1642,1102
13,2/15/2026,0,776,803,641
13,2/16/2026,0,253,603,461
13,2/17/2026,0.078740157,164,333,296
13,2/18/2026,0.031496059,348,444,393
13,2/19/2026,0,174,357,247
13,2/20/2026,0.196850374,451,540,473
13,2/21/2026,0.007874014,1502,1245,1298
13,2/22/2026,0,619,667,601
13,2/23/2026,0,138,106,145
13,2/24/2026,0,118,141,145
13,2/25/2026,0.007874021,272,254,276
13,2/26/2026,0.003937006,149,179,186
13,2/27/2026,0,451,440,439
13,2/28/2026,0.019685039,1350,1266,1272
13,3/1/2026,0,547,776,557
13,3/2/2026,0,127,137,145
13,3/3/2026,0,109,118,145
13,3/4/2026,0.027559057,242,320,276
13,3/5/2026,0.09055119,138,173,192
14,2/4/2026,0,290,214,348
14,2/5/2026,0,201,166,239
14,2/6/2026,0,515,422,557
14,2/7/2026,0,935,921,1068
14,2/8/2026,0,479,366,641
14,2/9/2026,0,155,156,202
14,2/10/2026,0,155,154,202
14,2/11/2026,0.692913473,283,296,348
14,2/12/2026,0.003937008,201,190,262
14,2/13/2026,0,751,466,629
14,2/14/2026,0,1561,1419,1272
14,2/15/2026,0,1110,1050,947
14,2/16/2026,0.846456647,547,835,629
14,2/17/2026,0.771653593,201,247,330
14,2/18/2026,0.437007904,348,436,439
14,2/19/2026,0.287401557,217,305,325
14,2/20/2026,0.007874016,547,549,641
14,2/21/2026,0,1408,1072,1320
14,2/22/2026,0,852,639,778
14,2/23/2026,0,149,109,208
14,2/24/2026,0,128,149,208
14,2/25/2026,0,281,201,348
14,2/26/2026,0,188,206,262
14,2/27/2026,0,590,424,629
14,2/28/2026,0,1379,949,1320
14,3/1/2026,0,825,708,777
14,3/2/2026,0,149,114,208
14,3/3/2026,0,148,167,208
14,3/4/2026,0,281,238,348
14,3/5/2026,0,182,153,262
15,2/4/2026,0,161,183,214
15,2/5/2026,0,127,102,151
15,2/6/2026,0,272,304,348
15,2/7/2026,0,805,823,947
15,2/8/2026,0,281,357,505
15,2/9/2026,0,115,108,135
15,2/10/2026,0,106,102,135
15,2/11/2026,0.145669296,182,181,247
15,2/12/2026,0,138,122,161
15,2/13/2026,0,481,360,439
15,2/14/2026,0,1350,1182,1068
15,2/15/2026,0,935,883,727
15,2/16/2026,0,481,749,473
15,2/17/2026,0,224,527,214
15,2/18/2026,0.09055119,447,643,348
15,2/19/2026,0.062992126,221,528,262
15,2/20/2026,0.295275569,383,557,464
15,2/21/2026,0.007874016,1267,1160,1217
15,2/22/2026,0.035433076,727,193,674
15,2/23/2026,0,128,,158
15,2/24/2026,0,110,186,158
15,2/25/2026,0,242,157,247
15,2/26/2026,0.027559055,149,90,192
15,2/27/2026,0,341,295,413
15,2/28/2026,0,1110,1094,1167
15,3/1/2026,0,645,652,641
15,3/2/2026,0,118,61,158
15,3/3/2026,0.129921257,110,75,175
15,3/4/2026,0.354330719,217,230,264
15,3/5/2026,0.488189042,155,114,194
16,2/4/2026,0,293,297,377
16,2/5/2026,0,242,199,247
16,2/6/2026,0,515,429,557
16,2/7/2026,0,1050,977,1154
16,2/8/2026,0,547,389,641
16,2/9/2026,0,174,266,202
16,2/10/2026,0,164,161,202
16,2/11/2026,0.724409461,341,373,393
16,2/12/2026,0,250,220,264
16,2/13/2026,0,751,570,629
16,2/14/2026,0,1561,1317,1272
16,2/15/2026,0,1146,1036,947
16,2/16/2026,0.877952635,521,801,601
16,2/17/2026,0.350393772,182,238,276
16,2/18/2026,0.570866168,415,331,435
16,2/19/2026,0.248031482,290,381,319
16,2/20/2026,0.003937008,619,541,629
16,2/21/2026,0,1502,1095,1430
16,2/22/2026,0,935,866,783
16,2/23/2026,0,174,153,208
16,2/24/2026,0,155,188,208
16,2/25/2026,0,348,317,403
16,2/26/2026,0,245,270,264
16,2/27/2026,0,645,545,629
16,2/28/2026,0,1502,1006,1377
16,3/1/2026,0,825,841,778
16,3/2/2026,0,168,162,208
16,3/3/2026,0,149,208,208
16,3/4/2026,0,348,302,393
16,3/5/2026,0,242,246,264
17,2/4/2026,0,174,179,145
17,2/5/2026,0,106,124,100
17,2/6/2026,0,259,234,239
17,2/7/2026,0,669,849,641
17,2/8/2026,0,290,385,247
17,2/9/2026,0,98,75,82
17,2/10/2026,0,110,86,82
17,2/11/2026,0,196,169,161
17,2/12/2026,0,96,145,110
17,2/13/2026,0,458,453,319
17,2/14/2026,0,1267,1268,734
17,2/15/2026,0.413385838,569,667,377
17,2/16/2026,0,174,438,221
17,2/17/2026,0,95,87,110
17,2/18/2026,0.019685039,201,154,179
17,2/19/2026,0.023622049,115,151,135
17,2/20/2026,0.854330778,302,335,325
17,2/21/2026,0,1234,1044,810
17,2/22/2026,0,481,353,377
17,2/23/2026,0,96,122,98
17,2/24/2026,0,81,96,98
17,2/25/2026,0.023622049,217,169,175
17,2/26/2026,0,106,183,127
17,2/27/2026,0,332,296,319
17,2/28/2026,0,1011,820,810
17,3/1/2026,0,415,560,348
17,3/2/2026,0,96,123,98
17,3/3/2026,0.185039371,91,75,101
17,3/4/2026,0.405511856,217,130,175
17,3/5/2026,0.704724491,110,80,127
18,2/4/2026,0,174,175,247
18,2/5/2026,0,138,125,158
18,2/6/2026,0,245,271,330
18,2/7/2026,0,547,642,777
18,2/8/2026,0,192,279,330
18,2/9/2026,0,120,89,127
18,2/10/2026,0,100,91,127
18,2/11/2026,0.019685039,221,165,262
18,2/12/2026,0,155,114,161
18,2/13/2026,0.015748031,451,297,409
18,2/14/2026,1.224409461,1267,1245,974
18,2/15/2026,0,653,602,557
18,2/16/2026,0,196,285,348
18,2/17/2026,0,77,119,175
18,2/18/2026,0.003937008,217,197,287
18,2/19/2026,0.003937008,155,205,194
18,2/20/2026,0.003937008,297,258,435
18,2/21/2026,0,893,802,1028
18,2/22/2026,0,479,556,505
18,2/23/2026,0,118,131,135
18,2/24/2026,0,89,137,135
18,2/25/2026,0,242,233,276
18,2/26/2026,0,155,203,179
18,2/27/2026,0,331,365,407
18,2/28/2026,0,852,816,1005
18,3/1/2026,0.007874016,415,569,473
18,3/2/2026,0.043307088,118,106,135
18,3/3/2026,0.023622049,91,108,135
18,3/4/2026,0.055118114,224,237,264
18,3/5/2026,0.125984251,155,187,192
20,2/4/2026,0,192,153,237
20,2/5/2026,0,120,133,145
20,2/6/2026,0,287,392,377
20,2/7/2026,0,590,1218,1041
20,2/8/2026,0,348,393,407
20,2/9/2026,0,118,112,127
20,2/10/2026,0,110,130,127
20,2/11/2026,0,201,188,247
20,2/12/2026,0,128,180,161
20,2/13/2026,0,590,614,461
20,2/14/2026,0.543307126,1502,1603,1272
20,2/15/2026,0.55905515,825,909,641
20,2/16/2026,0,250,494,403
20,2/17/2026,0,100,96,186
20,2/18/2026,0,224,207,296
20,2/19/2026,0.795275629,155,192,214
20,2/20/2026,0,385,465,464
20,2/21/2026,0,1267,1320,1320
20,2/22/2026,0,645,846,601
20,2/23/2026,0,119,164,145
20,2/24/2026,0,96,176,145
20,2/25/2026,0,242,270,264
20,2/26/2026,0.003937008,148,248,179
20,2/27/2026,0,444,436,439
20,2/28/2026,0.007874016,1234,1382,1298
20,3/1/2026,0,547,838,578
20,3/2/2026,0.196850389,127,154,161
20,3/3/2026,0.897637844,109,235,161
20,3/4/2026,0.566929102,217,227,264
20,3/5/2026,1.858267784,149,170,192
21,2/4/2026,0,127,123,195
21,2/5/2026,0,89,89,110
21,2/6/2026,0,192,162,287
21,2/7/2026,0,451,532,674
21,2/8/2026,0,196,200,296
21,2/9/2026,0,91,43,107
21,2/10/2026,0.019685039,89,49,107
21,2/11/2026,0.125984251,138,143,214
21,2/12/2026,0,96,100,127
21,2/13/2026,0.007874016,403,240,348
21,2/14/2026,1.09842515,1050,928,810
21,2/15/2026,0.003937008,458,448,473
21,2/16/2026,0,196,235,309
21,2/17/2026,0.003937008,71,87,135
21,2/18/2026,0,155,107,221
21,2/19/2026,0.019685039,106,132,158
21,2/20/2026,0.007874016,259,214,348
21,2/21/2026,0,805,583,846
21,2/22/2026,0,348,351,418
21,2/23/2026,0,96,61,110
21,2/24/2026,0,59,80,110
21,2/25/2026,0,149,133,214
21,2/26/2026,0,96,103,135
21,2/27/2026,0,270,224,348
21,2/28/2026,0,776,536,846
21,3/1/2026,0.015748031,302,313,413
21,3/2/2026,0.019685039,96,57,110
21,3/3/2026,0.027559057,67,44,110
21,3/4/2026,0.055118121,148,153,214
21,3/5/2026,0.547244072,100,91,145
22,2/4/2026,0,224,225,247
22,2/5/2026,0.42125988,155,123,175
22,2/6/2026,0,372,396,393
22,2/7/2026,0,935,1069,1057
22,2/8/2026,0,290,334,439
22,2/9/2026,0,115,102,145
22,2/10/2026,0.023622049,120,113,145
22,2/11/2026,0.023622049,224,150,262
22,2/12/2026,0,149,173,175
22,2/13/2026,0,628,503,461
22,2/14/2026,0,1561,1475,1167
22,2/15/2026,0.267716557,825,874,692
22,2/16/2026,0.027559057,242,538,435
22,2/17/2026,0,110,118,208
22,2/18/2026,0,221,157,319
22,2/19/2026,0,149,140,208
22,2/20/2026,0,385,384,464
22,2/21/2026,0,1502,1206,1320
22,2/22/2026,0.086614177,611,800,601
22,2/23/2026,0,118,181,161
22,2/24/2026,0,106,159,161
22,2/25/2026,0,242,281,296
22,2/26/2026,0,138,225,194
22,2/27/2026,0.086614177,447,500,461
22,2/28/2026,0,1368,1534,1298
22,3/1/2026,0,479,810,592
22,3/2/2026,0,127,145,161
22,3/3/2026,0,109,151,161
22,3/4/2026,0.007874016,209,268,287
22,3/5/2026,0,138,178,194
23,2/4/2026,0,174,179,264
23,2/5/2026,0,120,129,179
23,2/6/2026,0,321,392,413
23,2/7/2026,0,776,686,1068
23,2/8/2026,0,373,381,534
23,2/9/2026,0,96,115,158
23,2/10/2026,0,106,92,158
23,2/11/2026,0.007874017,232,176,296
23,2/12/2026,0,149,181,214
23,2/13/2026,0,611,395,534
23,2/14/2026,0,1561,1410,1272
23,2/15/2026,0,929,1097,778
23,2/16/2026,0,403,822,601
23,2/17/2026,0,217,528,330
23,2/18/2026,0.153543308,590,905,461
23,2/19/2026,0.027559057,321,815,348
23,2/20/2026,0.070866153,521,863,592
23,2/21/2026,0.070866138,1561,1290,1377
23,2/22/2026,0,751,414,692
23,2/23/2026,0.003937008,149,,158
23,2/24/2026,0,128,65,158
23,2/25/2026,0.007874017,302,231,309
23,2/26/2026,0,161,288,194
23,2/27/2026,0,451,523,473
23,2/28/2026,0,1379,1326,1377
23,3/1/2026,0,590,870,674
23,3/2/2026,0,96,148,158
23,3/3/2026,0.090551183,96,174,161
23,3/4/2026,0.397637814,245,271,309
23,3/5/2026,0.078740157,138,169,194
24,2/4/2026,0,201,163,264
24,2/5/2026,0,149,135,179
24,2/6/2026,0,383,301,435
24,2/7/2026,0,852,784,1068
24,2/8/2026,0,363,362,629
24,2/9/2026,0.003937008,115,110,161
24,2/10/2026,0.094488196,110,97,175
24,2/11/2026,0.279527545,201,202,309
24,2/12/2026,0.082677163,149,119,208
24,2/13/2026,0,619,380,513
24,2/14/2026,0,1502,1196,1272
24,2/15/2026,0.082677163,1110,1067,929
24,2/16/2026,2.35433054,547,776,629
24,2/17/2026,0.937007844,196,284,264
24,2/18/2026,0.476377934,321,577,403
24,2/19/2026,0.696850419,217,533,264
24,2/20/2026,0.003937008,415,580,534
24,2/21/2026,0,1350,1087,1320
24,2/22/2026,0,731,608,761
24,2/23/2026,0,127,111,175
24,2/24/2026,0.039370079,91,104,175
24,2/25/2026,0.011811025,196,149,309
24,2/26/2026,0.019685039,149,162,208
24,2/27/2026,0,447,327,505
24,2/28/2026,0,1267,965,1320
24,3/1/2026,0,645,589,734
24,3/2/2026,0,127,125,175
24,3/3/2026,0.003937008,95,93,175
24,3/4/2026,0.003937008,174,208,309
24,3/5/2026,0,128,108,208
25,2/4/2026,0,149,121,214
25,2/5/2026,0,128,96,135
25,2/6/2026,0,383,340,377
25,2/7/2026,0,825,792,929
25,2/8/2026,0,250,214,413
25,2/9/2026,0,95,113,127
25,2/10/2026,0,96,95,127
25,2/11/2026,0,164,155,237
25,2/12/2026,0,148,139,158
25,2/13/2026,0.003937008,628,462,461
25,2/14/2026,0.055118114,1350,1415,1068
25,2/15/2026,0,696,632,674
25,2/16/2026,0,242,321,377
25,2/17/2026,0.023622049,110,181,175
25,2/18/2026,0.003937008,168,137,262
25,2/19/2026,0.003937008,155,135,179
25,2/20/2026,0,447,426,505
25,2/21/2026,0,1267,1007,1272
25,2/22/2026,0,547,578,629
25,2/23/2026,0,115,134,135
25,2/24/2026,0,91,136,135
25,2/25/2026,0.015748031,164,203,247
25,2/26/2026,0,148,180,175
25,2/27/2026,0,479,440,464
25,2/28/2026,0,1234,897,1217
25,3/1/2026,0,481,553,601
25,3/2/2026,0,120,102,135
25,3/3/2026,0.074803151,98,83,145
25,3/4/2026,0.035433073,155,170,247
25,3/5/2026,0,138,196,175
26,2/4/2026,0,149,196,221
26,2/5/2026,0,148,151,135
26,2/6/2026,0.003937008,321,326,348
26,2/7/2026,0,852,1106,1028
26,2/8/2026,0,287,362,393
26,2/9/2026,0,77,138,127
26,2/10/2026,0,91,129,127
26,2/11/2026,0.007874016,168,182,239
26,2/12/2026,0,149,175,145
26,2/13/2026,0,619,450,439
26,2/14/2026,0,1561,1636,1167
26,2/15/2026,0.106299207,669,928,641
26,2/16/2026,0,196,346,348
26,2/17/2026,0,91,145,175
26,2/18/2026,0.11811024,174,262,287
26,2/19/2026,0.192913398,149,188,194
26,2/20/2026,0.275590539,447,491,461
26,2/21/2026,0,1561,1419,1320
26,2/22/2026,0,590,628,601
26,2/23/2026,0,76,173,135
26,2/24/2026,0,79,202,135
26,2/25/2026,0.015748031,174,250,262
26,2/26/2026,0,149,237,175
26,2/27/2026,0,451,446,435
26,2/28/2026,0,1502,1452,1314
26,3/1/2026,0,481,922,592
26,3/2/2026,0,77,132,135
26,3/3/2026,0.685039341,100,158,135
26,3/4/2026,0.20078738,174,228,262
26,3/5/2026,0.669291377,149,187,175
27,2/4/2026,0,373,301,473
27,2/5/2026,0,270,30,319
27,2/6/2026,0,611,553,641
27,2/7/2026,0,1110,1215,1272
27,2/8/2026,0,481,395,777
27,2/9/2026,0,196,211,262
27,2/10/2026,0,192,197,262
27,2/11/2026,0.188976392,415,381,473
27,2/12/2026,0,272,273,330
27,2/13/2026,0,825,698,727
27,2/14/2026,0,1561,1311,1430
27,2/15/2026,0,1209,1055,1028
27,2/16/2026,0.748031497,645,1007,629
27,2/17/2026,0.657480359,245,296,393
27,2/18/2026,0.287401617,521,429,601
27,2/19/2026,0.05511811,290,365,377
27,2/20/2026,0.287401557,696,560,777
27,2/21/2026,0,1502,1139,1483
27,2/22/2026,0,926,698,947
27,2/23/2026,0,174,213,262
27,2/24/2026,0,149,206,262
27,2/25/2026,0,383,393,505
27,2/26/2026,0,250,247,347
27,2/27/2026,0,685,591,692
27,2/28/2026,0,1502,1015,1483
27,3/1/2026,0,825,802,929
27,3/2/2026,0,174,216,262
27,3/3/2026,0,155,156,262
27,3/4/2026,0,399,311,505
27,3/5/2026,0,242,243,347
28,2/4/2026,0,174,174,264
28,2/5/2026,0.070866145,164,198,194
28,2/6/2026,0,403,379,473
28,2/7/2026,0,1011,1114,1272
28,2/8/2026,0,403,504,727
28,2/9/2026,0,110,86,161
28,2/10/2026,0,100,100,161
28,2/11/2026,0.05511811,174,182,287
28,2/12/2026,0,164,151,208
28,2/13/2026,0.043307088,645,452,557
28,2/14/2026,0.011811025,1592,1302,1377
28,2/15/2026,0.129921272,1183,972,1005
28,2/16/2026,0.039370079,383,459,557
28,2/17/2026,0.023622049,91,124,208
28,2/18/2026,0.031496067,174,183,330
28,2/19/2026,0.007874016,168,170,239
28,2/20/2026,0,447,370,552
28,2/21/2026,0,1561,1165,1483
28,2/22/2026,0,825,832,846
28,2/23/2026,0.007874016,118,135,175
28,2/24/2026,0,89,175,175
28,2/25/2026,0,168,174,296
28,2/26/2026,0.015748031,167,179,208
28,2/27/2026,0.035433073,515,440,534
28,2/28/2026,0.094488181,1561,1330,1483
28,3/1/2026,0.129921257,825,1007,879
28,3/2/2026,0.027559057,118,158,175
28,3/3/2026,0.110236228,106,131,175
28,3/4/2026,0.133858249,174,208,309
28,3/5/2026,0.157480285,167,163,214
29,2/4/2026,0,155,105,221
29,2/5/2026,0,81,69,135
29,2/6/2026,0,174,199,309
29,2/7/2026,0,590,716,777
29,2/8/2026,0,209,260,319
29,2/9/2026,0,91,63,110
29,2/10/2026,0,109,65,110
29,2/11/2026,0.031496067,201,145,239
29,2/12/2026,0,98,122,145
29,2/13/2026,0,451,356,407
29,2/14/2026,0.783464551,1379,1111,879
29,2/15/2026,0.114173226,547,590,505
29,2/16/2026,0,253,390,393
29,2/17/2026,0,89,83,192
29,2/18/2026,0,201,113,309
29,2/19/2026,0,98,96,192
29,2/20/2026,0,290,228,407
29,2/21/2026,0,1110,832,947
29,2/22/2026,0,385,441,439
29,2/23/2026,0,110,77,135
29,2/24/2026,0,71,88,135
29,2/25/2026,0,209,139,262
29,2/26/2026,0,100,123,175
29,2/27/2026,0,302,286,403
29,2/28/2026,0.011811025,1006,676,947
29,3/1/2026,0,348,482,435
29,3/2/2026,0.011811025,127,88,135
29,3/3/2026,0,89,74,135
29,3/4/2026,0.031496067,221,147,262
29,3/5/2026,0.413385868,110,88,175
31,2/4/2026,0,242,210,214
31,2/5/2026,0,127,140,127
31,2/6/2026,0.011811025,259,254,325
31,2/7/2026,0,669,957,974
31,2/8/2026,0,326,416,330
31,2/9/2026,0,91,137,110
31,2/10/2026,0,127,80,110
31,2/11/2026,0.011811025,224,198,221
31,2/12/2026,0,120,123,135
31,2/13/2026,0,569,591,418
31,2/14/2026,0,1350,1483,1057
31,2/15/2026,0,611,857,557
31,2/16/2026,0,201,448,347
31,2/17/2026,0,127,146,175
31,2/18/2026,0.204724431,250,236,276
31,2/19/2026,0.035433069,148,144,179
31,2/20/2026,0.129921257,403,340,418
31,2/21/2026,0,1267,1052,1272
31,2/22/2026,0,521,590,534
31,2/23/2026,0.003937008,91,152,119
31,2/24/2026,0,106,142,119
31,2/25/2026,0,242,235,247
31,2/26/2026,0,127,198,159
31,2/27/2026,0,415,444,413
31,2/28/2026,0,1234,1322,1263
31,3/1/2026,0,447,781,473
31,3/2/2026,0,89,159,119
31,3/3/2026,0.078740165,110,144,127
31,3/4/2026,0.031496063,224,227,239
31,3/5/2026,0.641732335,138,136,161
32,2/4/2026,0,277,206,309
32,2/5/2026,0,168,158,192
32,2/6/2026,0,403,475,377
32,2/7/2026,0,893,994,947
32,2/8/2026,0,270,423,435
32,2/9/2026,0,110,158,161
32,2/10/2026,0,127,127,161
32,2/11/2026,0.07086613,290,265,330
32,2/12/2026,0,182,179,239
32,2/13/2026,0,696,417,505
32,2/14/2026,0,1561,1407,1041
32,2/15/2026,0,1006,1061,674
32,2/16/2026,0,403,905,595
32,2/17/2026,0,245,827,347
32,2/18/2026,0.078740157,611,1469,534
32,2/19/2026,0.039370079,302,1203,377
32,2/20/2026,0.393700778,645,1130,557
32,2/21/2026,0.031496067,1561,1395,1217
32,2/22/2026,0.027559057,893,238,629
32,2/23/2026,0.003937009,149,,161
32,2/24/2026,0,138,177,161
32,2/25/2026,0.003937008,383,240,330
32,2/26/2026,0.039370079,221,123,208
32,2/27/2026,0,547,494,439
32,2/28/2026,0,1350,1342,1167
32,3/1/2026,0,645,889,601
32,3/2/2026,0,110,140,161
32,3/3/2026,0.149606302,127,126,175
32,3/4/2026,0.244094491,332,285,330
32,3/5/2026,0.523622096,201,139,214
33,2/4/2026,0,196,178,282
33,2/5/2026,0,127,152,192
33,2/6/2026,0,415,326,505
33,2/7/2026,0,929,1101,1165
33,2/8/2026,0,348,440,534
33,2/9/2026,0,91,134,175
33,2/10/2026,0.003937008,96,90,175
33,2/11/2026,0,174,206,309
33,2/12/2026,0,110,158,214
33,2/13/2026,0,645,497,592
33,2/14/2026,0,1561,1221,1298
33,2/15/2026,0,727,1102,783
33,2/16/2026,0.003937008,348,938,513
33,2/17/2026,0.007874017,96,177,214
33,2/18/2026,0.102362193,221,97,377
33,2/19/2026,0.015748031,149,215,282
33,2/20/2026,0.307086647,451,403,641
33,2/21/2026,0.023622049,1502,1042,1483
33,2/22/2026,0.015748031,669,609,692
33,2/23/2026,0,91,98,175
33,2/24/2026,0,81,117,175
33,2/25/2026,0.003937008,196,177,330
33,2/26/2026,0,129,208,214
33,2/27/2026,0,481,535,557
33,2/28/2026,0.051181108,1379,1179,1483
33,3/1/2026,0,547,601,674
33,3/2/2026,0,91,120,179
33,3/3/2026,0,91,128,179
33,3/4/2026,0,192,210,319
33,3/5/2026,0.078740157,138,179,214
34,2/4/2026,0,192,168,247
34,2/5/2026,0,149,121,161
34,2/6/2026,0,399,365,409
34,2/7/2026,0,852,729,917
34,2/8/2026,0,447,348,513
34,2/9/2026,0,149,204,135
34,2/10/2026,0.007874016,115,114,135
34,2/11/2026,1.271653414,242,142,264
34,2/12/2026,0.007874016,155,159,179
34,2/13/2026,0,611,395,464
34,2/14/2026,0,1267,1055,1028
34,2/15/2026,0,929,816,734
34,2/16/2026,1.244094491,481,623,534
34,2/17/2026,0.57874018,110,175,214
34,2/18/2026,0.527559042,245,226,330
34,2/19/2026,0.515748084,155,191,214
34,2/20/2026,0.011811025,383,385,473
34,2/21/2026,0,1110,795,1102
34,2/22/2026,0,706,664,641
34,2/23/2026,0,149,122,145
34,2/24/2026,0,96,115,145
34,2/25/2026,0,224,185,264
34,2/26/2026,0,149,161,179
34,2/27/2026,0,447,345,461
34,2/28/2026,0,1011,775,1102
34,3/1/2026,0,663,596,629
34,3/2/2026,0,149,95,145
34,3/3/2026,0,100,121,145
34,3/4/2026,0,217,191,264
34,3/5/2026,0,148,112,179
35,2/4/2026,0,224,272,264
35,2/5/2026,0,174,140,186
35,2/6/2026,0,415,485,461
35,2/7/2026,0,1011,1396,1217
35,2/8/2026,0,521,632,629
35,2/9/2026,0,155,191,175
35,2/10/2026,0,164,189,175
35,2/11/2026,0,250,204,296
35,2/12/2026,0,201,228,214
35,2/13/2026,0,719,585,592
35,2/14/2026,0,1652,1927,1430
35,2/15/2026,0.204724401,1148,1210,974
35,2/16/2026,0.362204731,451,857,601
35,2/17/2026,0,164,246,214
35,2/18/2026,0,250,193,347
35,2/19/2026,0.125984251,196,234,262
35,2/20/2026,0.507874012,569,529,629
35,2/21/2026,0,1594,1653,1483
35,2/22/2026,0.279527575,896,651,846
35,2/23/2026,0.011811025,148,302,175
35,2/24/2026,0,129,179,175
35,2/25/2026,0.015748031,242,261,296
35,2/26/2026,0.062992126,196,231,208
35,2/27/2026,0,590,591,534
35,2/28/2026,0,1585,1702,1483
35,3/1/2026,0.003937008,751,972,783
35,3/2/2026,0,138,152,175
35,3/3/2026,0.16141732,149,181,179
35,3/4/2026,0.181102335,242,274,309
35,3/5/2026,0.051181108,192,235,208
36,2/4/2026,0.043307088,149,191,179
36,2/5/2026,0.003937008,115,136,110
36,2/6/2026,0.007874016,242,243,276
36,2/7/2026,0,619,907,783
36,2/8/2026,0,290,444,348
36,2/9/2026,0,127,118,107
36,2/10/2026,0,100,99,107
36,2/11/2026,0.023622049,164,139,194
36,2/12/2026,0,118,150,127
36,2/13/2026,0,451,344,348
36,2/14/2026,0,1350,1283,929
36,2/15/2026,1.07874012,727,632,578
36,2/16/2026,0.185039371,290,322,330
36,2/17/2026,0,91,114,135
36,2/18/2026,0,155,171,208
36,2/19/2026,0.011811025,138,135,158
36,2/20/2026,0.165354326,290,312,377
36,2/21/2026,0.078740157,1234,1131,1028
36,2/22/2026,0.59842515,517,625,534
36,2/23/2026,0,120,144,110
36,2/24/2026,0,89,130,110
36,2/25/2026,0,168,182,208
36,2/26/2026,1.122047305,138,177,151
36,2/27/2026,0.165354341,302,406,377
36,2/28/2026,0.007874016,1110,1262,1028
36,3/1/2026,0,447,643,473
36,3/2/2026,0,127,167,110
36,3/3/2026,0.007874016,100,157,110
36,3/4/2026,0,168,153,195
36,3/5/2026,0,127,131,135
38,2/4/2026,0.094488196,110,95,161
38,2/5/2026,0,81,106,107
38,2/6/2026,0,217,256,262
38,2/7/2026,0,479,601,674
38,2/8/2026,0,242,299,319
38,2/9/2026,0,71,72,82
38,2/10/2026,0,71,45,82
38,2/11/2026,0.149606302,118,97,175
38,2/12/2026,0,91,90,110
38,2/13/2026,0,447,235,348
38,2/14/2026,0,1006,896,810
38,2/15/2026,1.196850419,415,600,534
38,2/16/2026,0,196,325,247
38,2/17/2026,0,77,120,110
38,2/18/2026,0.16141732,127,111,179
38,2/19/2026,0.255905479,95,93,135
38,2/20/2026,0.098425195,287,270,348
38,2/21/2026,0,852,799,947
38,2/22/2026,0,415,200,505
38,2/23/2026,0,67,79,82
38,2/24/2026,0,65,105,82
38,2/25/2026,0,127,117,179
38,2/26/2026,0.783464551,89,116,119
38,2/27/2026,0,297,204,348
38,2/28/2026,0,852,720,929
38,3/1/2026,0,337,419,461
38,3/2/2026,0.039370082,59,61,82
38,3/3/2026,0,71,64,82
38,3/4/2026,0.003937008,120,132,179
38,3/5/2026,0.023622049,89,96,119
39,2/4/2026,0.110236228,182,195,296
39,2/5/2026,0,155,166,194
39,2/6/2026,0,415,475,534
39,2/7/2026,0,825,1191,1272
39,2/8/2026,0.003937008,383,457,674
39,2/9/2026,0,155,108,175
39,2/10/2026,0.011811025,127,129,175
39,2/11/2026,0.066929139,232,247,309
39,2/12/2026,0,168,171,214
39,2/13/2026,0.015748031,727,622,629
39,2/14/2026,0.283464581,1672,1778,1483
39,2/15/2026,0.858267725,1234,1090,974
39,2/16/2026,0,348,482,534
39,2/17/2026,0,110,120,214
39,2/18/2026,0.019685039,235,165,348
39,2/19/2026,0.007874016,155,195,239
39,2/20/2026,0.019685039,547,476,629
39,2/21/2026,0.023622049,1601,1322,1483
39,2/22/2026,0,825,885,810
39,2/23/2026,0,155,143,175
39,2/24/2026,0,110,194,175
39,2/25/2026,0,242,275,319
39,2/26/2026,0.007874016,162,194,214
39,2/27/2026,0.003937008,611,693,629
39,2/28/2026,0,1561,1418,1483
39,3/1/2026,0,723,954,795
39,3/2/2026,0,167,127,175
39,3/3/2026,0.039370079,115,133,175
39,3/4/2026,0.086614177,242,199,319
39,3/5/2026,0.043307092,155,161,214
42,2/4/2026,0.070866145,192,205,296
42,2/5/2026,0,155,164,202
42,2/6/2026,0,302,385,461
42,2/7/2026,0,719,1281,1184
42,2/8/2026,0,458,477,592
42,2/9/2026,0,127,128,184
42,2/10/2026,0,149,123,184
42,2/11/2026,0.074803151,270,154,319
42,2/12/2026,0,164,188,221
42,2/13/2026,0,663,566,557
42,2/14/2026,0.007874016,1592,1526,1430
42,2/15/2026,1.700787425,1011,1067,947
42,2/16/2026,0,297,463,557
42,2/17/2026,0,89,154,247
42,2/18/2026,0.236220479,302,179,393
42,2/19/2026,0.507874072,161,155,264
42,2/20/2026,0.334645689,415,398,595
42,2/21/2026,0.023622049,1561,1498,1483
42,2/22/2026,0,669,861,761
42,2/23/2026,0,127,184,192
42,2/24/2026,0,100,182,192
42,2/25/2026,0,259,207,325
42,2/26/2026,1.240157485,155,217,227
42,2/27/2026,0,447,532,534
42,2/28/2026,0,1561,1389,1483
42,3/1/2026,0,569,723,734
42,3/2/2026,0.062992133,155,145,192
42,3/3/2026,0.090551183,127,152,194
42,3/4/2026,0.011811025,283,188,319
42,3/5/2026,0.0511811,167,137,214
43,2/4/2026,0,155,120,214
43,2/5/2026,0,110,103,135
43,2/6/2026,0,250,254,296
43,2/7/2026,0,479,479,629
43,2/8/2026,0,217,214,310
43,2/9/2026,0,91,91,110
43,2/10/2026,0,89,75,110
43,2/11/2026,0,167,143,227
43,2/12/2026,0,118,102,135
43,2/13/2026,0.003937008,479,293,393
43,2/14/2026,0.035433069,926,699,727
43,2/15/2026,0,547,446,502
43,2/16/2026,0,253,391,377
43,2/17/2026,0.66535449,138,98,194
43,2/18/2026,0.035433073,182,221,276
43,2/19/2026,0.003937008,127,119,175
43,2/20/2026,0.035433073,297,296,393
43,2/21/2026,0,727,553,783
43,2/22/2026,0,403,391,439
43,2/23/2026,0,91,79,127
43,2/24/2026,0,80,103,127
43,2/25/2026,0,168,169,247
43,2/26/2026,0,120,125,161
43,2/27/2026,0,331,312,393
43,2/28/2026,0,727,509,778
43,3/1/2026,0,348,386,435
43,3/2/2026,0,104,94,127
43,3/3/2026,0,91,114,127
43,3/4/2026,0,168,166,247
43,3/5/2026,0,118,98,161
44,2/4/2026,0,221,278,348
44,2/5/2026,0,182,187,227
44,2/6/2026,0,447,496,534
44,2/7/2026,0,893,1028,1167
44,2/8/2026,0,447,435,646
44,2/9/2026,0,138,115,208
44,2/10/2026,0,128,134,208
44,2/11/2026,0.027559061,250,316,377
44,2/12/2026,0,217,149,296
44,2/13/2026,0,669,401,641
44,2/14/2026,0,1587,1673,1320
44,2/15/2026,0,1267,1204,974
44,2/16/2026,0.003937008,555,1158,629
44,2/17/2026,0,331,901,393
44,2/18/2026,0.082677163,590,1367,557
44,2/19/2026,0.027559057,364,1182,393
44,2/20/2026,0.350393742,645,1241,727
44,2/21/2026,0.011811025,1561,1392,1483
44,2/22/2026,0.047244098,1110,275,810
44,2/23/2026,0,155,,214
44,2/24/2026,0,161,255,214
44,2/25/2026,0,335,175,393
44,2/26/2026,0.039370079,224,198,264
44,2/27/2026,0,569,481,601
44,2/28/2026,0,1561,1481,1483
44,3/1/2026,0.003937008,852,879,810
44,3/2/2026,0,138,160,214
44,3/3/2026,0.157480314,148,150,239
44,3/4/2026,0.228346452,302,430,393
44,3/5/2026,0.53937006,224,183,287
45,2/4/2026,0.267716527,155,187,239
45,2/5/2026,0,96,121,145
45,2/6/2026,0,259,316,407
45,2/7/2026,0,611,1162,1028
45,2/8/2026,0,415,524,534
45,2/9/2026,0,110,91,127
45,2/10/2026,0,91,92,127
45,2/11/2026,0.125984251,174,176,247
45,2/12/2026,0,110,223,158
45,2/13/2026,0,590,564,464
45,2/14/2026,0,1561,1561,1167
45,2/15/2026,0.720472395,1006,939,761
45,2/16/2026,0,259,469,418
45,2/17/2026,0,91,149,214
45,2/18/2026,0.003937008,192,203,325
45,2/19/2026,0.055118121,120,176,208
45,2/20/2026,0.14173229,348,352,505
45,2/21/2026,0.712598443,1561,1354,1298
45,2/22/2026,0.007874016,669,836,641
45,2/23/2026,0,106,150,135
45,2/24/2026,0,71,126,135
45,2/25/2026,0.003937008,174,201,264
45,2/26/2026,1.196850419,120,139,179
45,2/27/2026,0.637795329,383,378,473
45,2/28/2026,0.003937008,1379,1133,1272
45,3/1/2026,0,569,764,641
45,3/2/2026,0,110,101,135
45,3/3/2026,0,89,127,135
45,3/4/2026,0,174,228,262
45,3/5/2026,0,106,138,175
47,2/4/2026,0.003937008,192,168,194
47,2/5/2026,0,118,82,110
47,2/6/2026,0,321,316,309
47,2/7/2026,0,611,796,690
47,2/8/2026,0,242,194,264
47,2/9/2026,0,96,72,107
47,2/10/2026,0,89,68,107
47,2/11/2026,0,196,176,208
47,2/12/2026,0,110,140,127
47,2/13/2026,0,548,434,393
47,2/14/2026,0,1234,1031,777
47,2/15/2026,0,590,581,439
47,2/16/2026,0,209,293,309
47,2/17/2026,0,106,93,135
47,2/18/2026,0,201,166,214
47,2/19/2026,0,127,89,151
47,2/20/2026,0,385,336,393
47,2/21/2026,0,1050,907,864
47,2/22/2026,0,451,504,409
47,2/23/2026,0,118,121,110
47,2/24/2026,0,89,104,110
47,2/25/2026,0,217,174,214
47,2/26/2026,0.003937008,118,147,135
47,2/27/2026,0,415,340,393
47,2/28/2026,0,1006,933,846
47,3/1/2026,0,383,613,407
47,3/2/2026,0,118,92,110
47,3/3/2026,0.019685039,89,79,110
47,3/4/2026,0.003937008,213,221,214
47,3/5/2026,0,120,116,135
49,2/4/2026,0,93,94,135
49,2/5/2026,0,71,81,82
49,2/6/2026,0,192,192,262
49,2/7/2026,0,479,642,629
49,2/8/2026,0,118,200,247
49,2/9/2026,0,77,84,81
49,2/10/2026,0,67,50,81
49,2/11/2026,0,110,127,145
49,2/12/2026,0,89,137,101
49,2/13/2026,0,348,299,330
49,2/14/2026,0.842519581,1006,806,734
49,2/15/2026,0.019685039,447,509,407
49,2/16/2026,0,164,197,208
49,2/17/2026,0,71,48,107
49,2/18/2026,0,127,69,161
49,2/19/2026,0.003937008,81,108,119
49,2/20/2026,0,242,237,330
49,2/21/2026,0,825,738,778
49,2/22/2026,0,348,356,377
49,2/23/2026,0,77,70,82
49,2/24/2026,0,58,51,82
49,2/25/2026,0,110,136,158
49,2/26/2026,0.003937008,89,99,110
49,2/27/2026,0,250,254,319
49,2/28/2026,0,805,883,777
49,3/1/2026,0.358267725,337,250,377
49,3/2/2026,0.456692964,89,56,82
49,3/3/2026,0.137795269,67,80,82
49,3/4/2026,0.086614184,110,97,158
49,3/5/2026,0.078740157,89,83,110
50,2/4/2026,0,281,249,377
50,2/5/2026,0,242,235,296
50,2/6/2026,0,512,567,595
50,2/7/2026,0,926,837,1068
50,2/8/2026,0,363,430,557
50,2/9/2026,0,174,174,247
50,2/10/2026,0,174,184,247
50,2/11/2026,0.011811025,250,233,377
50,2/12/2026,0,270,284,319
50,2/13/2026,0,776,581,641
50,2/14/2026,0,1561,1661,1272
50,2/15/2026,0,852,924,814
50,2/16/2026,0,481,620,592
50,2/17/2026,0,250,488,348
50,2/18/2026,0.066929139,348,577,473
50,2/19/2026,0.035433073,383,664,393
50,2/20/2026,0.326771677,611,829,674
50,2/21/2026,0.0511811,1561,1182,1377
50,2/22/2026,0.078740157,685,291,692
50,2/23/2026,0,182,282,264
50,2/24/2026,0,168,199,264
50,2/25/2026,0,281,314,403
50,2/26/2026,0.023622049,290,334,330
50,2/27/2026,0,645,723,629
50,2/28/2026,0,1502,1478,1320
50,3/1/2026,0.011811025,590,700,690
50,3/2/2026,0,174,258,262
50,3/3/2026,0.129921272,168,207,262
50,3/4/2026,0.216535434,245,335,377
50,3/5/2026,0.535433114,281,329,325
51,2/4/2026,0,155,182,194
51,2/5/2026,0,127,93,110
51,2/6/2026,0,341,307,330
51,2/7/2026,0,696,772,879
51,2/8/2026,0,245,250,330
51,2/9/2026,0.003937008,71,105,110
51,2/10/2026,0,76,97,110
51,2/11/2026,0,155,185,208
51,2/12/2026,0,118,143,135
51,2/13/2026,0,569,432,409
51,2/14/2026,0,1267,1167,974
51,2/15/2026,0,590,656,534
51,2/16/2026,0,221,408,325
51,2/17/2026,0.019685039,91,156,135
51,2/18/2026,0.271653533,155,84,237
51,2/19/2026,0,118,103,161
51,2/20/2026,0,383,343,409
51,2/21/2026,0,1159,1034,1102
51,2/22/2026,0,447,532,464
51,2/23/2026,0,77,103,110
51,2/24/2026,0.011811025,71,117,110
51,2/25/2026,0,164,193,214
51,2/26/2026,0,120,196,145
51,2/27/2026,0,447,371,409
51,2/28/2026,0,1110,1132,1102
51,3/1/2026,0,385,663,439
51,3/2/2026,0,71,91,110
51,3/3/2026,0,80,133,110
51,3/4/2026,0,161,188,214
51,3/5/2026,0,127,169,145
52,2/4/2026,0,201,173,239
52,2/5/2026,0,155,148,158
52,2/6/2026,0.019685039,348,326,348
52,2/7/2026,0,628,597,772
52,2/8/2026,0,290,267,393
52,2/9/2026,0,127,90,145
52,2/10/2026,0,127,128,145
52,2/11/2026,0,232,165,262
52,2/12/2026,0,164,148,175
52,2/13/2026,0.003937008,611,341,435
52,2/14/2026,0.003937008,1234,1043,846
52,2/15/2026,0,645,575,629
52,2/16/2026,0,217,294,413
52,2/17/2026,0.314960629,127,151,237
52,2/18/2026,0.023622049,217,172,310
52,2/19/2026,0.003937008,155,217,214
52,2/20/2026,0.011811025,447,346,461
52,2/21/2026,0,929,747,974
52,2/22/2026,0,481,499,557
52,2/23/2026,0,127,143,161
52,2/24/2026,0,110,137,161
52,2/25/2026,0,242,278,287
52,2/26/2026,0,164,211,194
52,2/27/2026,0,451,414,435
52,2/28/2026,0,896,772,974
52,3/1/2026,0,447,509,534
52,3/2/2026,0,127,119,161
52,3/3/2026,0,115,135,161
52,3/4/2026,0,224,223,276
52,3/5/2026,0,155,188,194
53,2/4/2026,0,106,115,161
53,2/5/2026,0,71,62,107
53,2/6/2026,0,224,207,276
53,2/7/2026,0,481,719,727
53,2/8/2026,0,201,221,309
53,2/9/2026,0,59,53,82
53,2/10/2026,0,71,89,82
53,2/11/2026,0.003937008,118,119,175
53,2/12/2026,0,77,143,110
53,2/13/2026,0,451,328,348
53,2/14/2026,0,1183,962,810
53,2/15/2026,0.031496063,479,680,505
53,2/16/2026,0.015748031,217,532,262
53,2/17/2026,0,67,155,110
53,2/18/2026,0.043307088,148,94,179
53,2/19/2026,0.074803151,91,83,135
53,2/20/2026,0.527559042,331,232,377
53,2/21/2026,0,1006,806,974
53,2/22/2026,0.114173226,383,168,464
53,2/23/2026,0,58,42,107
53,2/24/2026,0,58,67,107
53,2/25/2026,0,120,136,179
53,2/26/2026,0.086614169,80,106,127
53,2/27/2026,0,297,360,348
53,2/28/2026,0,929,759,947
53,3/1/2026,0.003937008,297,426,413
53,3/2/2026,0,58,63,107
53,3/3/2026,0.16141732,65,72,110
53,3/4/2026,0.251968503,128,136,179
53,3/5/2026,0.16141732,81,83,127
54,2/4/2026,0,100,79,135
54,2/5/2026,0,89,58,82
54,2/6/2026,0,174,154,239
54,2/7/2026,0,447,466,629
54,2/8/2026,0,168,154,237
54,2/9/2026,0,76,30,77
54,2/10/2026,0,65,49,77
54,2/11/2026,0.070866145,110,81,145
54,2/12/2026,0,96,98,101
54,2/13/2026,0,373,221,287
54,2/14/2026,0.397637784,935,738,734
54,2/15/2026,0.003937008,383,333,393
54,2/16/2026,0,161,151,194
54,2/17/2026,0,59,64,82
54,2/18/2026,0,127,64,158
54,2/19/2026,0,91,45,110
54,2/20/2026,0,250,219,296
54,2/21/2026,0.027559057,727,555,777
54,2/22/2026,0,287,386,377
54,2/23/2026,0,67,77,77
54,2/24/2026,0,58,68,77
54,2/25/2026,0,118,128,151
54,2/26/2026,0,91,80,110
54,2/27/2026,0,259,283,287
54,2/28/2026,0,727,489,761
54,3/1/2026,0,250,285,348
54,3/2/2026,0,67,61,77
54,3/3/2026,0,58,59,77
54,3/4/2026,0.074803151,109,91,151
54,3/5/2026,0.122047231,89,65,110
55,2/4/2026,0.011811025,106,130,135
55,2/5/2026,0,91,69,82
55,2/6/2026,0,217,197,221
55,2/7/2026,0,451,734,629
55,2/8/2026,0,192,270,237
55,2/9/2026,0,59,66,77
55,2/10/2026,0,65,93,77
55,2/11/2026,0,110,124,145
55,2/12/2026,0,96,123,101
55,2/13/2026,0,383,287,264
55,2/14/2026,0,1050,1030,674
55,2/15/2026,0.464566916,481,556,348
55,2/16/2026,0.740157545,250,259,214
55,2/17/2026,0,71,106,82
55,2/18/2026,0,118,83,151
55,2/19/2026,0.354330689,110,135,119
55,2/20/2026,0.405511826,259,266,287
55,2/21/2026,0,825,757,734
55,2/22/2026,0.287401587,363,321,348
55,2/23/2026,0.019685039,67,83,81
55,2/24/2026,0,59,110,81
55,2/25/2026,0,110,124,145
55,2/26/2026,0.125984251,106,130,110
55,2/27/2026,0.003937008,253,291,264
55,2/28/2026,0,805,796,734
55,3/1/2026,0,281,319,330
55,3/2/2026,0.05511811,76,91,82
55,3/3/2026,0.169291347,89,80,82
55,3/4/2026,0,118,124,145
55,3/5/2026,0,100,121,110
56,2/4/2026,0,89,75,119
56,2/5/2026,0,58,27,77
56,2/6/2026,0,120,136,161
56,2/7/2026,0,221,313,330
56,2/8/2026,0.05511811,127,103,161
56,2/9/2026,0,58,36,50
56,2/10/2026,0,58,38,50
56,2/11/2026,0,95,78,127
56,2/12/2026,0,58,77,77
56,2/13/2026,0.244094491,217,184,192
56,2/14/2026,0.496063054,521,520,403
56,2/15/2026,0.137795284,242,242,214
56,2/16/2026,0,128,136,175
56,2/17/2026,0,58,57,77
56,2/18/2026,0,100,57,135
56,2/19/2026,0,59,54,101
56,2/20/2026,0,155,119,192
56,2/21/2026,0.031496063,415,299,413
56,2/22/2026,0,168,234,214
56,2/23/2026,0,58,88,56
56,2/24/2026,0,58,72,56
56,2/25/2026,0,96,93,127
56,2/26/2026,0.023622049,59,48,82
56,2/27/2026,0,155,154,179
56,2/28/2026,0.039370079,383,427,413
56,3/1/2026,0.003937008,149,208,208
56,3/2/2026,0.031496063,52,50,56
56,3/3/2026,0,58,41,56
56,3/4/2026,1.712598443,89,91,127
56,3/5/2026,0.011811025,58,58,82
57,2/4/2026,0,127,116,186
57,2/5/2026,0,89,74,110
57,2/6/2026,0,224,269,296
57,2/7/2026,0,590,930,947
57,2/8/2026,0,201,286,319
57,2/9/2026,0,71,73,110
57,2/10/2026,0,65,79,110
57,2/11/2026,0,149,101,194
57,2/12/2026,0,96,87,127
57,2/13/2026,0,444,286,377
57,2/14/2026,0.003937008,1350,1302,1057
57,2/15/2026,0.594488204,590,560,557
57,2/16/2026,0,196,296,296
57,2/17/2026,0,71,105,135
57,2/18/2026,0.074803151,155,103,221
57,2/19/2026,0.236220494,110,115,175
57,2/20/2026,0.342519671,287,321,377
57,2/21/2026,0,1267,1099,1272
57,2/22/2026,0,451,495,505
57,2/23/2026,0,77,97,110
57,2/24/2026,0,58,103,110
57,2/25/2026,0.003937008,155,144,208
57,2/26/2026,0,106,95,145
57,2/27/2026,0,290,314,348
57,2/28/2026,0,1183,1081,1217
57,3/1/2026,0,385,609,461
57,3/2/2026,0,77,137,110
57,3/3/2026,0.606299281,59,112,110
57,3/4/2026,0.96063,149,59,214
57,3/5/2026,0.685039461,106,6,145
58,2/4/2026,0,120,85,135
58,2/5/2026,0,67,55,82
58,2/6/2026,0,174,163,208
58,2/7/2026,0,479,557,557
58,2/8/2026,0,217,300,214
58,2/9/2026,0,58,74,74
58,2/10/2026,0,71,59,74
58,2/11/2026,0,118,76,135
58,2/12/2026,0,76,89,82
58,2/13/2026,0,321,297,244
58,2/14/2026,0,1006,1016,629
58,2/15/2026,0.448818922,479,532,330
58,2/16/2026,0,182,346,179
58,2/17/2026,0,89,102,82
58,2/18/2026,0.043307088,120,90,145
58,2/19/2026,0.019685039,89,90,110
58,2/20/2026,0.814960659,242,238,262
58,2/21/2026,0,852,812,690
58,2/22/2026,0.003937008,363,402,319
58,2/23/2026,0,58,82,74
58,2/24/2026,0,59,79,74
58,2/25/2026,0.043307088,110,108,135
58,2/26/2026,0,81,111,107
58,2/27/2026,0,242,216,244
58,2/28/2026,0,825,716,674
58,3/1/2026,0,297,411,309
58,3/2/2026,0,58,74,77
58,3/3/2026,0.314960629,71,60,81
58,3/4/2026,0.429133952,110,125,145
58,3/5/2026,0.988189161,81,107,110
59,2/4/2026,0,128,97,135
59,2/5/2026,0,106,98,82
59,2/6/2026,0.003937008,217,189,208
59,2/7/2026,0,547,584,534
59,2/8/2026,0,196,237,214
59,2/9/2026,0,65,53,77
59,2/10/2026,0,71,61,77
59,2/11/2026,0,149,113,145
59,2/12/2026,0,109,86,101
59,2/13/2026,0,332,284,244
59,2/14/2026,0,929,876,601
59,2/15/2026,0,385,411,325
59,2/16/2026,0,155,222,208
59,2/17/2026,0,71,124,82
59,2/18/2026,0.129921243,149,106,158
59,2/19/2026,0,110,107,110
59,2/20/2026,0.385826796,242,199,262
59,2/21/2026,0,825,689,674
59,2/22/2026,0,332,379,319
59,2/23/2026,0,71,119,82
59,2/24/2026,0,71,130,82
59,2/25/2026,0,155,197,151
59,2/26/2026,0,115,151,110
59,2/27/2026,0,245,384,244
59,2/28/2026,0,776,694,641
59,3/1/2026,0.003937008,272,450,309
59,3/2/2026,0,65,120,82
59,3/3/2026,0,67,84,82
59,3/4/2026,0,138,139,151
59,3/5/2026,0.015748031,96,108,110
60,2/4/2026,0,120,126,161
60,2/5/2026,0,100,65,110
60,2/6/2026,0,201,205,239
60,2/7/2026,0,447,463,601
60,2/8/2026,0,174,198,262
60,2/9/2026,0,91,118,82
60,2/10/2026,0.011811025,77,55,82
60,2/11/2026,1.062992215,138,106,175
60,2/12/2026,0.165354326,100,87,110
60,2/13/2026,0,383,225,325
60,2/14/2026,0,896,721,674
60,2/15/2026,0.051181108,481,475,407
60,2/16/2026,2.094487906,287,385,264
60,2/17/2026,0.582677126,100,174,135
60,2/18/2026,0.192913368,167,272,194
60,2/19/2026,0.704724491,127,212,145
60,2/20/2026,0.031496063,259,276,319
60,2/21/2026,0,663,583,740
60,2/22/2026,0,348,358,377
60,2/23/2026,0,95,77,110
60,2/24/2026,0.236220479,71,74,110
60,2/25/2026,0.736220539,149,139,186
60,2/26/2026,0.003937008,109,117,127
60,2/27/2026,0,250,248,309
60,2/28/2026,0,645,566,734
60,3/1/2026,0,297,410,377
60,3/2/2026,0.003937008,95,97,110
60,3/3/2026,0,77,71,110
60,3/4/2026,0.007874016,138,106,179
60,3/5/2026,0,100,109,127
61,2/4/2026,0,109,121,194
61,2/5/2026,0,89,80,110
61,2/6/2026,0,221,199,287
61,2/7/2026,0,619,437,772
61,2/8/2026,0,232,232,377
61,2/9/2026,0,71,66,110
61,2/10/2026,0,89,72,110
61,2/11/2026,0,148,122,208
61,2/12/2026,0,106,92,127
61,2/13/2026,0,416,227,403
61,2/14/2026,0,1234,969,846
61,2/15/2026,0,669,629,601
61,2/16/2026,0,348,519,413
61,2/17/2026,0,164,435,237
61,2/18/2026,0.074803151,383,656,348
61,2/19/2026,0,250,682,237
61,2/20/2026,0.011811021,383,459,393
61,2/21/2026,0.031496067,1006,840,974
61,2/22/2026,0,568,363,557
61,2/23/2026,0,127,,110
61,2/24/2026,0,118,134,110
61,2/25/2026,0.003937008,224,206,214
61,2/26/2026,0,138,144,145
61,2/27/2026,0,297,323,377
61,2/28/2026,0,926,864,974
61,3/1/2026,0,447,463,534
61,3/2/2026,0,71,96,110
61,3/3/2026,0.011811022,76,96,110
61,3/4/2026,0.374015749,149,136,214
61,3/5/2026,0.007874016,100,121,145
62,2/4/2026,0,192,153,239
62,2/5/2026,0,127,115,158
62,2/6/2026,0,281,285,393
62,2/7/2026,0,590,918,1028
62,2/8/2026,0,399,318,461
62,2/9/2026,0,161,74,135
62,2/10/2026,0,155,91,135
62,2/11/2026,0.062992126,270,199,247
62,2/12/2026,0,155,195,175
62,2/13/2026,0.003937008,645,459,473
62,2/14/2026,0.413385808,1569,1524,1272
62,2/15/2026,0.11023622,825,860,692
62,2/16/2026,0,297,364,413
62,2/17/2026,0,127,115,195
62,2/18/2026,0,270,185,309
62,2/19/2026,0,155,187,227
62,2/20/2026,0.003937008,447,438,513
62,2/21/2026,0.019685039,1561,1085,1320
62,2/22/2026,0,669,776,629
62,2/23/2026,0,149,122,145
62,2/24/2026,0,118,142,145
62,2/25/2026,0,270,218,264
62,2/26/2026,0,155,167,179
62,2/27/2026,0,479,445,473
62,2/28/2026,0,1379,1128,1298
62,3/1/2026,0,569,693,629
62,3/2/2026,0,149,130,145
62,3/3/2026,0.003937008,120,141,145
62,3/4/2026,0.062992126,250,207,262
62,3/5/2026,0.157480314,149,160,192
63,2/4/2026,0,149,146,194
63,2/5/2026,0,115,96,110
63,2/6/2026,0,272,272,276
63,2/7/2026,0.350393683,590,621,674
63,2/8/2026,1.074803233,302,236,348
63,2/9/2026,0.181102365,106,96,110
63,2/10/2026,0.011811025,89,71,110
63,2/11/2026,0,149,134,208
63,2/12/2026,0,118,133,127
63,2/13/2026,0.011811025,447,310,377
63,2/14/2026,0.228346452,1050,881,810
63,2/15/2026,0.236220434,590,654,534
63,2/16/2026,0.16141732,224,318,325
63,2/17/2026,0.122047223,91,88,145
63,2/18/2026,0.102362193,164,121,221
63,2/19/2026,0.177165344,138,149,161
63,2/20/2026,0.047244098,290,308,348
63,2/21/2026,0.204724431,852,706,879
63,2/22/2026,0.570866168,479,488,505
63,2/23/2026,1.224409461,110,126,113
63,2/24/2026,0.614173293,81,147,113
63,2/25/2026,0.125984251,168,193,214
63,2/26/2026,0,127,177,145
63,2/27/2026,0,321,340,348
63,2/28/2026,0,751,727,846
63,3/1/2026,0,363,470,461
63,3/2/2026,0.003937008,106,142,110
63,3/3/2026,0.015748031,80,114,110
63,3/4/2026,0.744094551,164,154,214
63,3/5/2026,0.228346452,128,115,151
64,2/4/2026,0,302,310,473
64,2/5/2026,0.228346467,221,321,309
64,2/6/2026,0,424,487,601
64,2/7/2026,0,929,1016,1217
64,2/8/2026,0,415,363,674
64,2/9/2026,0,221,148,255
64,2/10/2026,0,196,165,255
64,2/11/2026,0,332,337,473
64,2/12/2026,0.007874016,232,230,325
64,2/13/2026,0,776,538,641
64,2/14/2026,0,1561,1381,1377
64,2/15/2026,0.003937008,1059,842,974
64,2/16/2026,0.448818922,521,534,629
64,2/17/2026,0,174,267,348
64,2/18/2026,0,415,359,534
64,2/19/2026,0,217,296,348
64,2/20/2026,0,451,467,641
64,2/21/2026,0,1354,1043,1483
64,2/22/2026,0.137795284,751,803,865
64,2/23/2026,0,196,308,262
64,2/24/2026,0,155,332,262
64,2/25/2026,0,348,352,505
64,2/26/2026,0,217,282,347
64,2/27/2026,0.196850389,532,631,692
64,2/28/2026,0.653543413,1561,1208,1483
64,3/1/2026,0.007874016,669,671,783
64,3/2/2026,0,217,202,262
64,3/3/2026,0.05511811,174,206,262
64,3/4/2026,0,348,323,505
64,3/5/2026,0.011811025,221,239,330
66,2/4/2026,0,76,47,119
66,2/5/2026,0,58,49,77
66,2/6/2026,0,161,150,179
66,2/7/2026,0,290,321,377
66,2/8/2026,0.011811025,148,79,179
66,2/9/2026,0,58,41,50
66,2/10/2026,0,58,65,50
66,2/11/2026,0,89,60,127
66,2/12/2026,0,67,63,77
66,2/13/2026,0,224,178,208
66,2/14/2026,0.437007844,619,590,439
66,2/15/2026,0.035433076,242,277,247
66,2/16/2026,0,148,104,175
66,2/17/2026,0,59,45,77
66,2/18/2026,0,100,66,135
66,2/19/2026,0,71,68,101
66,2/20/2026,0,168,184,208
66,2/21/2026,0,515,483,473
66,2/22/2026,0,192,226,244
66,2/23/2026,0,58,42,56
66,2/24/2026,0,58,51,56
66,2/25/2026,0,91,92,127
66,2/26/2026,0,71,124,82
66,2/27/2026,0,167,165,208
66,2/28/2026,0,479,381,461
66,3/1/2026,0.039370079,168,235,244
66,3/2/2026,0.007874016,58,55,56
66,3/3/2026,0.015748031,58,72,56
66,3/4/2026,0.098425195,89,58,127
66,3/5/2026,0.145669296,65,50,82
67,2/4/2026,0,168,159,221
67,2/5/2026,0,127,145,158
67,2/6/2026,0.015748033,302,292,348
67,2/7/2026,0,825,936,974
67,2/8/2026,0,341,327,413
67,2/9/2026,0,149,135,135
67,2/10/2026,0,115,116,135
67,2/11/2026,0,192,148,239
67,2/12/2026,0,148,153,161
67,2/13/2026,0,555,346,461
67,2/14/2026,0,1350,1497,1102
67,2/15/2026,0,696,759,646
67,2/16/2026,0,332,431,413
67,2/17/2026,0,106,147,208
67,2/18/2026,0.346456677,195,156,296
67,2/19/2026,0.011811025,149,147,214
67,2/20/2026,0.086614177,385,365,473
67,2/21/2026,0,1267,1008,1298
67,2/22/2026,0,628,622,629
67,2/23/2026,0,161,134,158
67,2/24/2026,0,110,141,158
67,2/25/2026,0,224,257,262
67,2/26/2026,0,155,306,192
67,2/27/2026,0,447,545,439
67,2/28/2026,0,1234,1219,1272
67,3/1/2026,0,547,784,601
67,3/2/2026,0,164,243,158
67,3/3/2026,0.003937008,110,105,158
67,3/4/2026,0.078740157,196,186,262
67,3/5/2026,0.035433073,148,201,192
68,2/4/2026,0,96,89,119
68,2/5/2026,0,71,49,77
68,2/6/2026,0,174,148,179
68,2/7/2026,0,383,371,377
68,2/8/2026,0.019685039,161,109,179
68,2/9/2026,0.204724386,59,75,64
68,2/10/2026,0,59,62,50
68,2/11/2026,0.094488181,106,90,127
68,2/12/2026,0.003937008,71,50,77
68,2/13/2026,0,287,251,208
68,2/14/2026,0,805,705,407
68,2/15/2026,0,290,279,262
68,2/16/2026,0,155,217,175
68,2/17/2026,0.236220464,71,62,82
68,2/18/2026,0.007874016,110,97,135
68,2/19/2026,0,81,78,101
68,2/20/2026,0,201,228,208
68,2/21/2026,0,590,486,464
68,2/22/2026,0,245,262,244
68,2/23/2026,0,65,57,56
68,2/24/2026,0.551181078,59,74,64
68,2/25/2026,0.09842521,106,127,127
68,2/26/2026,0,81,99,82
68,2/27/2026,0,217,243,208
68,2/28/2026,0,548,482,461
68,3/1/2026,0.043307088,224,257,244
68,3/2/2026,0.145669281,67,86,56
68,3/3/2026,0.003937008,58,71,56
68,3/4/2026,0.05905512,91,155,127
68,3/5/2026,0.188976347,81,72,82
69,2/4/2026,0.039370079,201,174,262
69,2/5/2026,0.023622051,155,157,175
69,2/6/2026,0,348,341,403
69,2/7/2026,0.003937008,825,1090,1057
69,2/8/2026,0,348,445,461
69,2/9/2026,0,149,104,151
69,2/10/2026,0,110,125,151
69,2/11/2026,0.035433073,201,220,264
69,2/12/2026,0,164,179,179
69,2/13/2026,0,611,447,473
69,2/14/2026,0,1561,1550,1272
69,2/15/2026,0.212598413,1006,963,692
69,2/16/2026,0.952755868,569,618,534
69,2/17/2026,0,120,128,194
69,2/18/2026,0,174,188,309
69,2/19/2026,0.303149581,182,225,239
69,2/20/2026,0.826771736,447,415,534
69,2/21/2026,0.019685039,1561,1285,1377
69,2/22/2026,1.181102276,663,585,690
69,2/23/2026,0.082677163,148,196,161
69,2/24/2026,0,96,190,161
69,2/25/2026,0,196,236,296
69,2/26/2026,0.57874018,167,245,208
69,2/27/2026,0.043307088,447,470,461
69,2/28/2026,0,1379,1467,1320
69,3/1/2026,0,590,751,629
69,3/2/2026,0.031496067,155,199,161
69,3/3/2026,0.082677171,110,197,175
69,3/4/2026,0,196,236,287
69,3/5/2026,0,149,232,194
70,2/4/2026,0,192,212,247
70,2/5/2026,0,128,153,161
70,2/6/2026,0,337,330,348
70,2/7/2026,0,751,812,947
70,2/8/2026,0,250,327,403
70,2/9/2026,0,110,108,145
70,2/10/2026,0,118,124,145
70,2/11/2026,0,232,180,264
70,2/12/2026,0,148,153,179
70,2/13/2026,0,590,331,461
70,2/14/2026,0,1350,1339,1044
70,2/15/2026,0,706,765,629
70,2/16/2026,0,385,628,505
70,2/17/2026,0.007874016,259,565,287
70,2/18/2026,0.066929139,521,749,407
70,2/19/2026,0,287,808,276
70,2/20/2026,0.023622045,515,399,505
70,2/21/2026,0.007874016,1267,1179,1184
70,2/22/2026,0,645,556,595
70,2/23/2026,0,149,177,161
70,2/24/2026,0,148,177,161
70,2/25/2026,0,290,279,296
70,2/26/2026,0.007874017,161,250,194
70,2/27/2026,0,447,478,439
70,2/28/2026,0,1110,1320,1167
70,3/1/2026,0,481,790,557
70,3/2/2026,0,127,184,161
70,3/3/2026,0.019685039,127,84,161
70,3/4/2026,0.102362216,250,269,296
70,3/5/2026,0.102362201,155,176,208
71,2/4/2026,0,127,114,175
71,2/5/2026,0,100,74,110
71,2/6/2026,0,221,223,247
71,2/7/2026,0.003937008,512,565,641
71,2/8/2026,0,155,219,262
71,2/9/2026,0,96,75,110
71,2/10/2026,0.007874016,91,70,110
71,2/11/2026,0.003937008,149,113,186
71,2/12/2026,0,110,124,127
71,2/13/2026,0,447,234,330
71,2/14/2026,0,1110,1074,734
71,2/15/2026,0,447,599,413
71,2/16/2026,0,326,482,325
71,2/17/2026,0.086614169,192,416,179
71,2/18/2026,0.220472455,348,586,262
71,2/19/2026,0.007874016,224,614,194
71,2/20/2026,0.437007844,385,688,348
71,2/21/2026,0.031496067,930,1005,814
71,2/22/2026,0.011811026,385,473,409
71,2/23/2026,0,138,101,110
71,2/24/2026,0,118,141,110
71,2/25/2026,0.015748033,196,177,194
71,2/26/2026,0,138,134,135
71,2/27/2026,0,302,376,330
71,2/28/2026,0.007874016,896,1056,810
71,3/1/2026,0,297,485,393
71,3/2/2026,0,96,116,110
71,3/3/2026,0.043307092,89,121,110
71,3/4/2026,0.082677171,149,165,194
71,3/5/2026,0.157480314,110,129,135
72,2/4/2026,0.059055123,110,75,135
72,2/5/2026,0.11023622,76,94,101
72,2/6/2026,0.023622049,196,187,221
72,2/7/2026,0,479,701,641
72,2/8/2026,0,201,219,237
72,2/9/2026,0,71,80,77
72,2/10/2026,0,59,67,77
72,2/11/2026,0.055118114,127,97,145
72,2/12/2026,0,80,71,101
72,2/13/2026,0,385,314,287
72,2/14/2026,0,1110,1030,690
72,2/15/2026,0.988189101,569,464,377
72,2/16/2026,0.007874016,155,183,208
72,2/17/2026,0,67,73,101
72,2/18/2026,0,128,66,161
72,2/19/2026,0.086614177,95,96,113
72,2/20/2026,0.015748031,253,262,287
72,2/21/2026,0.082677163,893,712,810
72,2/22/2026,0.129921257,383,402,348
72,2/23/2026,0,71,100,82
72,2/24/2026,0,58,44,82
72,2/25/2026,0,127,158,158
72,2/26/2026,0.665354371,91,113,110
72,2/27/2026,0.122047253,259,251,296
72,2/28/2026,0,825,702,783
72,3/1/2026,0,290,399,330
72,3/2/2026,0,71,73,82
72,3/3/2026,0.003937008,58,72,82
72,3/4/2026,0,110,111,158
72,3/5/2026,0,71,104,110
74,2/4/2026,0,174,188,262
74,2/5/2026,0.003937008,149,147,161
74,2/6/2026,0,415,329,377
74,2/7/2026,0,1006,1105,1028
74,2/8/2026,0,270,384,435
74,2/9/2026,0,110,73,135
74,2/10/2026,0,100,100,135
74,2/11/2026,0,196,171,264
74,2/12/2026,0,149,162,175
74,2/13/2026,0,685,477,493
74,2/14/2026,0,1561,1503,1167
74,2/15/2026,0.019685039,719,907,727
74,2/16/2026,0,270,536,461
74,2/17/2026,0,149,366,247
74,2/18/2026,0.216535434,259,364,348
74,2/19/2026,0.295275569,168,298,254
74,2/20/2026,0.074803159,451,534,534
74,2/21/2026,0,1502,1150,1320
74,2/22/2026,0,615,588,641
74,2/23/2026,0,109,132,161
74,2/24/2026,0,98,199,161
74,2/25/2026,0,224,224,310
74,2/26/2026,0,155,190,194
74,2/27/2026,0,512,490,473
74,2/28/2026,0.003937008,1379,1263,1320
74,3/1/2026,0,521,743,629
74,3/2/2026,0,106,180,145
74,3/3/2026,0.003937008,100,143,145
74,3/4/2026,0,196,297,287
74,3/5/2026,0.677165389,155,175,194
75,2/4/2026,0,174,129,237
75,2/5/2026,0,155,123,151
75,2/6/2026,0,332,280,348
75,2/7/2026,0,645,666,777
75,2/8/2026,0,331,253,413
75,2/9/2026,0,118,117,135
75,2/10/2026,0.015748031,115,73,135
75,2/11/2026,0.66535449,192,209,262
75,2/12/2026,0,164,191,161
75,2/13/2026,0,547,275,435
75,2/14/2026,0,1183,794,814
75,2/15/2026,0,686,578,629
75,2/16/2026,1.314960718,479,595,439
75,2/17/2026,0.287401557,118,185,214
75,2/18/2026,0.480315,201,169,319
75,2/19/2026,0.448818892,182,168,214
75,2/20/2026,0.003937008,348,415,435
75,2/21/2026,0,1006,713,974
75,2/22/2026,0,569,498,557
75,2/23/2026,0,127,117,145
75,2/24/2026,0,110,164,145
75,2/25/2026,0,174,218,262
75,2/26/2026,0,161,147,179
75,2/27/2026,0,403,303,413
75,2/28/2026,0,929,743,974
75,3/1/2026,0,515,434,534
75,3/2/2026,0,127,120,145
75,3/3/2026,0,110,134,145
75,3/4/2026,0,174,178,262
75,3/5/2026,0,155,92,179
76,2/4/2026,0,100,91,175
76,2/5/2026,0,71,74,110
76,2/6/2026,0.007874017,217,253,264
76,2/7/2026,0,481,611,629
76,2/8/2026,0,182,236,276
76,2/9/2026,0,65,57,82
76,2/10/2026,0,59,52,82
76,2/11/2026,0,110,131,175
76,2/12/2026,0,71,105,110
76,2/13/2026,0,383,274,348
76,2/14/2026,0,970,651,690
76,2/15/2026,0,569,409,435
76,2/16/2026,0,250,239,264
76,2/17/2026,0,80,68,127
76,2/18/2026,0.287401587,128,64,194
76,2/19/2026,0,80,95,135
76,2/20/2026,0.090551168,259,283,348
76,2/21/2026,0,776,603,777
76,2/22/2026,0,415,351,407
76,2/23/2026,0,59,50,101
76,2/24/2026,0,58,37,101
76,2/25/2026,0,110,84,186
76,2/26/2026,0,71,114,127
76,2/27/2026,0,259,207,347
76,2/28/2026,0,727,509,777
76,3/1/2026,0,348,483,403
76,3/2/2026,0,67,77,101
76,3/3/2026,0,58,59,101
76,3/4/2026,0.011811025,110,101,186
76,3/5/2026,0.059055123,77,58,127
77,2/4/2026,0.515748084,110,165,348
77,2/5/2026,0.015748031,89,146,221
77,2/6/2026,0,217,167,393
77,2/7/2026,0,611,586,810
77,2/8/2026,0,201,237,407
77,2/9/2026,0,138,65,195
77,2/10/2026,0,89,68,195
77,2/11/2026,0,127,96,348
77,2/12/2026,0.035433069,96,97,247
77,2/13/2026,0,403,306,464
77,2/14/2026,0,1234,1116,974
77,2/15/2026,1.251968622,727,767,727
77,2/16/2026,0,331,377,557
77,2/17/2026,0,91,107,285
77,2/18/2026,0,164,178,409
77,2/19/2026,0.027559057,106,119,264
77,2/20/2026,0.291338593,270,293,534
77,2/21/2026,0.086614177,926,924,1068
77,2/22/2026,0.047244098,385,433,557
77,2/23/2026,0,127,134,208
77,2/24/2026,0,77,139,208
77,2/25/2026,0.015748031,138,129,348
77,2/26/2026,0.043307088,106,101,247
77,2/27/2026,0.291338563,290,296,534
77,2/28/2026,0.015748031,929,944,1044
77,3/1/2026,0,348,418,534
77,3/2/2026,0,161,103,208
77,3/3/2026,0,106,110,208
77,3/4/2026,0,149,179,348
77,3/5/2026,0,110,111,262
78,2/4/2026,0,168,137,202
78,2/5/2026,0,138,101,135
78,2/6/2026,0,290,221,282
78,2/7/2026,0,512,468,601
78,2/8/2026,0,224,231,296
78,2/9/2026,0,127,100,127
78,2/10/2026,0.003937008,127,125,127
78,2/11/2026,0.618110299,155,123,214
78,2/12/2026,0,138,159,145
78,2/13/2026,0,494,256,348
78,2/14/2026,0,909,671,641
78,2/15/2026,0.015748031,481,409,439
78,2/16/2026,1.291338563,321,408,348
78,2/17/2026,0.334645689,110,121,175
78,2/18/2026,0.303149581,168,177,239
78,2/19/2026,0.503937006,155,180,179
78,2/20/2026,0,320,312,348
78,2/21/2026,0,724,512,741
78,2/22/2026,0,383,369,413
78,2/23/2026,0,127,153,127
78,2/24/2026,0,110,107,127
78,2/25/2026,0,168,188,214
78,2/26/2026,0,128,135,161
78,2/27/2026,0,348,275,348
78,2/28/2026,0,696,501,734
78,3/1/2026,0,332,341,409
78,3/2/2026,0,128,99,127
78,3/3/2026,0,115,110,127
78,3/4/2026,0,155,187,214
78,3/5/2026,0,127,128,161
79,2/4/2026,0,81,75,119
79,2/5/2026,0,59,52,77
79,2/6/2026,0,149,157,175
79,2/7/2026,0,302,407,348
79,2/8/2026,0,118,111,175
79,2/9/2026,0,58,40,50
79,2/10/2026,0,58,49,50
79,2/11/2026,0,91,82,127
79,2/12/2026,0,65,67,77
79,2/13/2026,0.007874016,250,204,202
79,2/14/2026,0.354330719,569,597,407
79,2/15/2026,0,224,287,244
79,2/16/2026,0,148,150,175
79,2/17/2026,0.047244098,67,50,77
79,2/18/2026,0,106,92,135
79,2/19/2026,0.007874016,77,89,101
79,2/20/2026,0.011811025,192,176,208
79,2/21/2026,0,447,453,435
79,2/22/2026,0,196,312,237
79,2/23/2026,0,58,69,56
79,2/24/2026,0,58,64,56
79,2/25/2026,0,106,106,127
79,2/26/2026,0,76,99,82
79,2/27/2026,0,192,214,202
79,2/28/2026,0,424,464,435
79,3/1/2026,0,161,243,221
79,3/2/2026,0,58,35,56
79,3/3/2026,0,58,52,56
79,3/4/2026,0,91,103,127
79,3/5/2026,0,67,60,82
80,2/4/2026,0,110,142,179
80,2/5/2026,0,91,136,110
80,2/6/2026,0,245,275,287
80,2/7/2026,0,515,566,761
80,2/8/2026,0,188,244,310
80,2/9/2026,0,77,93,107
80,2/10/2026,0,81,97,107
80,2/11/2026,0,138,128,194
80,2/12/2026,0,96,139,127
80,2/13/2026,0,479,435,377
80,2/14/2026,0,1234,1165,810
80,2/15/2026,0,547,721,505
80,2/16/2026,0,290,590,348
80,2/17/2026,0,155,342,161
80,2/18/2026,0,242,321,237
80,2/19/2026,0,164,216,175
80,2/20/2026,0,348,262,348
80,2/21/2026,0,1006,930,947
80,2/22/2026,0,451,279,435
80,2/23/2026,0,89,1,110
80,2/24/2026,0,76,206,110
80,2/25/2026,0,160,154,208
80,2/26/2026,0,100,132,135
80,2/27/2026,0,332,382,348
80,2/28/2026,0,1006,997,947
80,3/1/2026,0,383,543,435
80,3/2/2026,0,81,83,110
80,3/3/2026,0,77,69,110
80,3/4/2026,0.027559057,149,165,194
80,3/5/2026,0,96,130,135
81,2/4/2026,0,127,70,135
81,2/5/2026,0,65,47,82
81,2/6/2026,0,168,142,208
81,2/7/2026,0,297,430,439
81,2/8/2026,0.003937008,167,136,214
81,2/9/2026,0,91,33,64
81,2/10/2026,0,71,34,64
81,2/11/2026,0.330708653,155,27,135
81,2/12/2026,0,76,53,82
81,2/13/2026,0,270,222,239
81,2/14/2026,0.484251976,669,567,557
81,2/15/2026,0.007874016,348,356,319
81,2/16/2026,0,164,183,179
81,2/17/2026,0,59,35,82
81,2/18/2026,0,149,64,145
81,2/19/2026,0,80,67,110
81,2/20/2026,0.015748031,196,179,247
81,2/21/2026,0,569,443,601
81,2/22/2026,0,283,270,309
81,2/23/2026,0,91,43,71
81,2/24/2026,0,58,37,71
81,2/25/2026,0,155,71,145
81,2/26/2026,0,81,63,107
81,2/27/2026,0,201,137,239
81,2/28/2026,0,547,330,595
81,3/1/2026,0,232,235,296
81,3/2/2026,0.003937008,89,60,74
81,3/3/2026,0,58,55,74
81,3/4/2026,0.051181108,149,88,145
81,3/5/2026,0.318897665,71,57,107
82,2/4/2026,0,155,90,214
82,2/5/2026,0,110,105,145
82,2/6/2026,0,287,331,347
82,2/7/2026,0,611,621,783
82,2/8/2026,0,297,334,413
82,2/9/2026,0,91,85,127
82,2/10/2026,0,100,93,127
82,2/11/2026,0.078740157,174,146,227
82,2/12/2026,0,127,128,158
82,2/13/2026,0,521,339,461
82,2/14/2026,0,1350,1036,947
82,2/15/2026,0,719,622,645
82,2/16/2026,0,348,526,435
82,2/17/2026,0,201,367,239
82,2/18/2026,0.11023622,415,533,348
82,2/19/2026,0.078740157,242,564,262
82,2/20/2026,0.279527545,415,596,461
82,2/21/2026,0.007874016,1267,949,1068
82,2/22/2026,0.007874016,590,129,629
82,2/23/2026,0,127,,151
82,2/24/2026,0,118,130,151
82,2/25/2026,0,250,172,262
82,2/26/2026,0.051181108,161,203,192
82,2/27/2026,0,385,361,435
82,2/28/2026,0,1110,1102,1044
82,3/1/2026,0,481,692,601
82,3/2/2026,0,93,110,135
82,3/3/2026,0.133858263,96,125,145
82,3/4/2026,0.228346452,174,234,247
82,3/5/2026,0.42125985,110,163,179
83,2/4/2026,0,80,39,127
83,2/5/2026,0,71,66,77
83,2/6/2026,0,128,98,179
83,2/7/2026,0,217,234,348
83,2/8/2026,0,148,102,179
83,2/9/2026,0,58,39,52
83,2/10/2026,0,59,29,52
83,2/11/2026,0.019685039,89,75,127
83,2/12/2026,0,81,106,82
83,2/13/2026,0.015748031,242,206,208
83,2/14/2026,1.224409461,515,503,413
83,2/15/2026,0,224,168,247
83,2/16/2026,0,155,101,175
83,2/17/2026,0,65,73,77
83,2/18/2026,0.003937008,100,61,135
83,2/19/2026,0.003937008,89,82,107
83,2/20/2026,0.003937008,164,133,208
83,2/21/2026,0,415,248,439
83,2/22/2026,0,168,119,239
83,2/23/2026,0,58,52,57
83,2/24/2026,0,58,43,57
83,2/25/2026,0,91,76,135
83,2/26/2026,0,89,62,82
83,2/27/2026,0,168,143,208
83,2/28/2026,0,385,274,435
83,3/1/2026,0.007874016,149,146,237
83,3/2/2026,0.043307088,58,49,57
83,3/3/2026,0.023622049,59,36,57
83,3/4/2026,0.055118114,91,43,127
83,3/5/2026,0.125984251,89,93,82
84,2/4/2026,0,155,178,239
84,2/5/2026,0,110,89,161
84,2/6/2026,0,292,309,348
84,2/7/2026,0,645,529,974
84,2/8/2026,0,270,300,413
84,2/9/2026,0,67,87,127
84,2/10/2026,0,89,95,127
84,2/11/2026,0,167,134,247
84,2/12/2026,0,118,106,161
84,2/13/2026,0,590,294,461
84,2/14/2026,0,1372,1235,1068
84,2/15/2026,0,751,834,674
84,2/16/2026,0,415,703,464
84,2/17/2026,0,217,483,264
84,2/18/2026,0.031496063,479,913,403
84,2/19/2026,0,281,671,282
84,2/20/2026,0.007874017,515,666,505
84,2/21/2026,0.011811029,1267,941,1272
84,2/22/2026,0,669,567,629
84,2/23/2026,0,128,,145
84,2/24/2026,0,128,222,145
84,2/25/2026,0,232,201,264
84,2/26/2026,0,161,175,192
84,2/27/2026,0,447,347,461
84,2/28/2026,0,1110,858,1272
84,3/1/2026,0,481,612,601
84,3/2/2026,0,71,95,145
84,3/3/2026,0.003937009,81,99,145
84,3/4/2026,0.279527545,174,263,276
84,3/5/2026,0.015748031,118,84,179
85,2/4/2026,0,100,82,175
85,2/5/2026,0,91,87,110
85,2/6/2026,0.007874016,250,223,287
85,2/7/2026,0,569,677,786
85,2/8/2026,0,192,227,264
85,2/9/2026,0,59,109,82
85,2/10/2026,0,67,96,82
85,2/11/2026,0,118,130,179
85,2/12/2026,0,91,110,110
85,2/13/2026,0,447,376,377
85,2/14/2026,0,1110,1217,947
85,2/15/2026,0,403,473,464
85,2/16/2026,0,161,305,264
85,2/17/2026,0,71,150,127
85,2/18/2026,0.330708683,155,155,214
85,2/19/2026,0,100,83,135
85,2/20/2026,0.507874012,331,270,393
85,2/21/2026,0,1006,787,1044
85,2/22/2026,0,363,390,413
85,2/23/2026,0,59,90,107
85,2/24/2026,0,59,65,107
85,2/25/2026,0,127,133,194
85,2/26/2026,0,96,120,127
85,2/27/2026,0,321,317,377
85,2/28/2026,0,1006,818,1041
85,3/1/2026,0,297,490,407
85,3/2/2026,0,65,76,107
85,3/3/2026,0,67,76,107
85,3/4/2026,0,127,183,194
85,3/5/2026,0.22047241,110,97,135
86,2/4/2026,0,209,180,239
86,2/5/2026,0,149,142,158
86,2/6/2026,0,383,376,348
86,2/7/2026,0,805,828,879
86,2/8/2026,0,174,359,348
86,2/9/2026,0,110,127,145
86,2/10/2026,0.003937008,128,123,145
86,2/11/2026,0,242,238,262
86,2/12/2026,0,138,153,175
86,2/13/2026,0,645,403,464
86,2/14/2026,0,1267,1234,1041
86,2/15/2026,0,521,709,601
86,2/16/2026,0,302,605,461
86,2/17/2026,0.015748031,201,398,237
86,2/18/2026,0.547244132,415,721,377
86,2/19/2026,0.090551183,242,693,287
86,2/20/2026,0.232283458,521,694,513
86,2/21/2026,0,1267,1056,1217
86,2/22/2026,0,481,619,557
86,2/23/2026,0,149,89,161
86,2/24/2026,0,155,174,161
86,2/25/2026,0.015748031,290,233,287
86,2/26/2026,0,161,179,194
86,2/27/2026,0,481,421,461
86,2/28/2026,0.094488196,1110,1104,1184
86,3/1/2026,0,399,728,534
86,3/2/2026,0,110,172,161
86,3/3/2026,0.031496063,127,152,161
86,3/4/2026,0.015748031,242,276,287
86,3/5/2026,0.393700778,155,195,202
87,2/4/2026,0,155,168,208
87,2/5/2026,0,128,119,110
87,2/6/2026,0,341,299,330
87,2/7/2026,0,727,752,810
87,2/8/2026,0,259,274,330
87,2/9/2026,0,77,98,110
87,2/10/2026,0,77,86,110
87,2/11/2026,0,149,154,214
87,2/12/2026,0,120,150,127
87,2/13/2026,0,537,458,409
87,2/14/2026,0,1267,1218,929
87,2/15/2026,0,590,624,534
87,2/16/2026,0,242,317,319
87,2/17/2026,0,91,136,135
87,2/18/2026,0.267716557,164,61,244
87,2/19/2026,0,127,116,175
87,2/20/2026,0,348,347,409
87,2/21/2026,0,1110,954,1028
87,2/22/2026,0,479,532,473
87,2/23/2026,0,76,85,110
87,2/24/2026,0.011811025,76,111,110
87,2/25/2026,0,164,215,221
87,2/26/2026,0,127,192,145
87,2/27/2026,0,383,407,407
87,2/28/2026,0,1011,926,1028
87,3/1/2026,0,415,663,439
87,3/2/2026,0,77,139,110
87,3/3/2026,0,89,182,110
87,3/4/2026,0,161,158,221
87,3/5/2026,0.003937008,127,163,145
88,2/4/2026,0,167,147,175
88,2/5/2026,0,148,157,110
88,2/6/2026,0,302,329,280
88,2/7/2026,0,590,562,629
88,2/8/2026,0,287,230,319
88,2/9/2026,0,127,169,110
88,2/10/2026,0.023622049,100,76,110
88,2/11/2026,0.732283473,196,160,194
88,2/12/2026,0,138,137,127
88,2/13/2026,0,532,399,348
88,2/14/2026,0,1110,1052,692
88,2/15/2026,0,611,592,505
88,2/16/2026,1.03937006,332,367,319
88,2/17/2026,0.614173234,106,121,145
88,2/18/2026,0.405511796,196,126,208
88,2/19/2026,0.385826826,155,167,161
88,2/20/2026,0.023622049,341,349,348
88,2/21/2026,0,893,670,810
88,2/22/2026,0,451,477,439
88,2/23/2026,0,127,112,110
88,2/24/2026,0,96,79,110
88,2/25/2026,0,201,216,194
88,2/26/2026,0,148,178,135
88,2/27/2026,0,363,321,348
88,2/28/2026,0,852,651,783
88,3/1/2026,0,403,428,435
88,3/2/2026,0,127,104,110
88,3/3/2026,0,100,105,110
88,3/4/2026,0,174,142,194
88,3/5/2026,0,127,144,135
89,2/4/2026,0.38188976,168,167,296
89,2/5/2026,0,138,157,175
89,2/6/2026,0,415,373,418
89,2/7/2026,0,724,1081,1102
89,2/8/2026,0.003937008,385,413,534
89,2/9/2026,0,155,136,158
89,2/10/2026,0.015748031,118,94,158
89,2/11/2026,0.137795284,192,186,309
89,2/12/2026,0,149,177,194
89,2/13/2026,0.011811025,696,557,505
89,2/14/2026,0.263779491,1586,1460,1298
89,2/15/2026,0.665354311,1006,965,783
89,2/16/2026,0,332,428,473
89,2/17/2026,0,118,110,194
89,2/18/2026,0.007874016,196,154,330
89,2/19/2026,0.003937008,148,169,214
89,2/20/2026,0.106299207,447,369,534
89,2/21/2026,0.003937008,1561,1148,1377
89,2/22/2026,0,696,750,674
89,2/23/2026,0,149,138,159
89,2/24/2026,0,98,121,159
89,2/25/2026,0,196,225,310
89,2/26/2026,0.003937008,149,179,194
89,2/27/2026,0,481,513,505
89,2/28/2026,0,1502,1121,1377
89,3/1/2026,0,663,726,646
89,3/2/2026,0,155,89,159
89,3/3/2026,0.074803151,109,116,161
89,3/4/2026,0.098425195,201,184,310
89,3/5/2026,0.086614177,149,166,202
90,2/4/2026,0,174,141,237
90,2/5/2026,0,155,118,158
90,2/6/2026,0.003937008,331,356,348
90,2/7/2026,0,628,640,734
90,2/8/2026,0,253,251,407
90,2/9/2026,0,115,82,145
90,2/10/2026,0,110,111,145
90,2/11/2026,0,217,156,247
90,2/12/2026,0,182,135,175
90,2/13/2026,0.043307088,569,430,447
90,2/14/2026,0,1267,1000,879
90,2/15/2026,0,645,539,629
90,2/16/2026,0,250,309,409
90,2/17/2026,0.338582665,118,143,214
90,2/18/2026,0.027559055,201,216,309
90,2/19/2026,0,174,195,214
90,2/20/2026,0,416,353,461
90,2/21/2026,0,1050,808,1028
90,2/22/2026,0,451,477,629
90,2/23/2026,0,110,114,161
90,2/24/2026,0,91,143,161
90,2/25/2026,0,217,259,276
90,2/26/2026,0,174,210,194
90,2/27/2026,0,447,429,439
90,2/28/2026,0,1006,861,1005
90,3/1/2026,0,385,581,592
90,3/2/2026,0,118,129,161
90,3/3/2026,0,106,106,161
90,3/4/2026,0,201,230,264
90,3/5/2026,0,174,176,194
91,2/4/2026,0,164,124,208
91,2/5/2026,0,110,120,135
91,2/6/2026,0,297,238,348
91,2/7/2026,0,628,945,929
91,2/8/2026,0,290,329,409
91,2/9/2026,0,96,121,110
91,2/10/2026,0,110,87,110
91,2/11/2026,0,174,135,214
91,2/12/2026,0,110,138,145
91,2/13/2026,0,547,360,413
91,2/14/2026,0,1350,1057,1028
91,2/15/2026,0.275590569,727,762,629
91,2/16/2026,0.409448802,403,611,407
91,2/17/2026,0,110,229,175
91,2/18/2026,0,174,131,247
91,2/19/2026,0.444881856,120,120,208
91,2/20/2026,0.716535449,383,351,461
91,2/21/2026,0,1267,1015,1165
91,2/22/2026,0.263779521,590,488,595
91,2/23/2026,0.007874008,98,265,135
91,2/24/2026,0,91,93,135
91,2/25/2026,0,196,144,227
91,2/26/2026,0.059055123,110,117,175
91,2/27/2026,0,383,361,413
91,2/28/2026,0,1175,967,1165
91,3/1/2026,0,479,588,557
91,3/2/2026,0,106,112,135
91,3/3/2026,0.137795269,120,75,145
91,3/4/2026,0.20078738,217,163,247
91,3/5/2026,0.015748031,120,148,161
92,2/4/2026,0,155,147,214
92,2/5/2026,0,118,117,135
92,2/6/2026,0,332,310,348
92,2/7/2026,0.275590569,521,742,772
92,2/8/2026,0,174,221,330
92,2/9/2026,0,96,83,110
92,2/10/2026,0,96,115,110
92,2/11/2026,0,174,193,237
92,2/12/2026,0,118,146,145
92,2/13/2026,0.082677163,590,442,435
92,2/14/2026,0.011811025,1146,1251,810
92,2/15/2026,0,619,578,534
92,2/16/2026,0,224,204,347
92,2/17/2026,0,95,89,161
92,2/18/2026,0,182,127,262
92,2/19/2026,0,127,172,179
92,2/20/2026,0,415,403,461
92,2/21/2026,0,929,807,974
92,2/22/2026,0,479,546,505
92,2/23/2026,0,118,94,135
92,2/24/2026,0,96,102,135
92,2/25/2026,0,201,166,247
92,2/26/2026,0,127,207,161
92,2/27/2026,0,451,376,435
92,2/28/2026,0,926,858,947
92,3/1/2026,0,424,536,461
92,3/2/2026,0,127,138,135
92,3/3/2026,0,110,127,135
92,3/4/2026,0,201,207,247
92,3/5/2026,0,127,176,161
93,2/4/2026,0,128,170,194
93,2/5/2026,0,106,95,110
93,2/6/2026,0,250,267,287
93,2/7/2026,0,547,498,772
93,2/8/2026,0,174,266,287
93,2/9/2026,0,81,113,110
93,2/10/2026,0.035433073,89,60,110
93,2/11/2026,0,161,132,208
93,2/12/2026,0,110,83,127
93,2/13/2026,0,481,268,403
93,2/14/2026,0,1146,1097,864
93,2/15/2026,0,451,648,505
93,2/16/2026,0,253,450,348
93,2/17/2026,0.023622049,174,421,194
93,2/18/2026,0.299212605,385,522,309
93,2/19/2026,0.027559057,250,593,208
93,2/20/2026,0.42125988,447,773,393
93,2/21/2026,0.015748033,1050,1000,974
93,2/22/2026,0,447,512,439
93,2/23/2026,0.015748033,127,60,110
93,2/24/2026,0,115,122,110
93,2/25/2026,0.015748031,221,190,214
93,2/26/2026,0,149,208,145
93,2/27/2026,0,363,374,393
93,2/28/2026,0.039370079,1006,991,974
93,3/1/2026,0,332,659,413
93,3/2/2026,0,80,113,110
93,3/3/2026,0.015748031,77,143,110
93,3/4/2026,0.039370082,167,170,214
93,3/5/2026,0.133858263,118,167,158
94,2/4/2026,0,242,180,287
94,2/5/2026,0,161,138,194
94,2/6/2026,0.011811025,363,388,409
94,2/7/2026,0,686,615,864
94,2/8/2026,0,348,245,439
94,2/9/2026,0,167,283,175
94,2/10/2026,0,149,100,175
94,2/11/2026,0.051181108,249,164,309
94,2/12/2026,0,168,163,214
94,2/13/2026,0,618,404,473
94,2/14/2026,0,1267,1001,974
94,2/15/2026,0,727,774,692
94,2/16/2026,0,451,483,534
94,2/17/2026,0.228346452,149,190,239
94,2/18/2026,0.318897665,283,182,348
94,2/19/2026,0.027559057,174,172,239
94,2/20/2026,0.031496063,415,368,473
94,2/21/2026,0,1011,803,1068
94,2/22/2026,0,555,639,629
94,2/23/2026,0,161,206,175
94,2/24/2026,0,120,197,175
94,2/25/2026,0,253,216,319
94,2/26/2026,0,174,212,214
94,2/27/2026,0,451,399,461
94,2/28/2026,0,935,750,1056
94,3/1/2026,0,481,649,629
94,3/2/2026,0,167,120,175
94,3/3/2026,0,127,135,175
94,3/4/2026,0,242,234,310
94,3/5/2026,0,168,164,214
95,2/4/2026,0,91,116,161
95,2/5/2026,0,91,91,110
95,2/6/2026,0,209,186,264
95,2/7/2026,0,512,589,646
95,2/8/2026,0,242,254,287
95,2/9/2026,0,76,56,82
95,2/10/2026,0,77,51,82
95,2/11/2026,0,106,107,175
95,2/12/2026,0,96,99,110
95,2/13/2026,0,373,369,348
95,2/14/2026,0,1209,1108,761
95,2/15/2026,0.224409446,479,531,461
95,2/16/2026,0.393700749,290,375,264
95,2/17/2026,0,81,96,119
95,2/18/2026,0.007874016,118,86,179
95,2/19/2026,0.2401575,109,102,135
95,2/20/2026,0.830708683,242,272,348
95,2/21/2026,0,1006,998,846
95,2/22/2026,0.314960659,415,317,439
95,2/23/2026,0.043307088,67,120,101
95,2/24/2026,0,71,95,101
95,2/25/2026,0.003937008,110,117,179
95,2/26/2026,0.094488196,100,110,127
95,2/27/2026,0,259,307,347
95,2/28/2026,0,970,994,846
95,3/1/2026,0,348,472,413
95,3/2/2026,0,76,98,101
95,3/3/2026,0.161417335,77,73,101
95,3/4/2026,0.192913368,106,109,175
95,3/5/2026,0.039370079,100,117,127
96,2/4/2026,0.712598443,149,96,161
96,2/5/2026,0.165354326,89,110,110
96,2/6/2026,0.007874016,224,232,214
96,2/7/2026,0.003937008,521,779,595
96,2/8/2026,0,259,261,221
96,2/9/2026,0,71,63,77
96,2/10/2026,0,81,84,77
96,2/11/2026,0.043307092,161,118,161
96,2/12/2026,0,96,69,107
96,2/13/2026,0,403,272,262
96,2/14/2026,0,1059,1116,629
96,2/15/2026,0.669291377,569,582,348
96,2/16/2026,0.023622049,201,321,214
96,2/17/2026,0,81,82,110
96,2/18/2026,0,155,117,175
96,2/19/2026,0.031496063,96,84,127
96,2/20/2026,0.377952784,270,227,264
96,2/21/2026,0.913385808,893,804,727
96,2/22/2026,0.114173226,447,406,330
96,2/23/2026,0,67,129,82
96,2/24/2026,0,59,92,82
96,2/25/2026,0,155,107,175
96,2/26/2026,0.314960629,91,114,119
96,2/27/2026,0.877952814,259,294,264
96,2/28/2026,0.003937008,852,608,692
96,3/1/2026,0,363,376,319
96,3/2/2026,0,67,72,82
96,3/3/2026,0,65,97,82
96,3/4/2026,0,155,126,175
96,3/5/2026,0,91,144,110
97,2/4/2026,0,91,100,135
97,2/5/2026,0,65,74,82
97,2/6/2026,0,182,165,227
97,2/7/2026,0,532,506,641
97,2/8/2026,0,168,188,227
97,2/9/2026,0,71,33,82
97,2/10/2026,0.090551183,58,65,82
97,2/11/2026,0.145669296,110,100,145
97,2/12/2026,0,76,100,110
97,2/13/2026,0,348,234,287
97,2/14/2026,0.228346467,1110,978,783
97,2/15/2026,1.956692934,385,339,393
97,2/16/2026,0,149,171,208
97,2/17/2026,0,58,55,99
97,2/18/2026,0,110,87,161
97,2/19/2026,0.003937008,71,88,110
97,2/20/2026,0,232,255,296
97,2/21/2026,0.047244098,893,811,864
97,2/22/2026,0,321,387,348
97,2/23/2026,0,71,123,82
97,2/24/2026,0,58,59,82
97,2/25/2026,0.015748031,118,115,158
97,2/26/2026,0.015748031,80,82,110
97,2/27/2026,0,242,225,287
97,2/28/2026,0,852,776,846
97,3/1/2026,0,245,314,348
97,3/2/2026,0.141732275,77,54,82
97,3/3/2026,0.003937008,59,50,82
97,3/4/2026,0.003937008,109,80,151
97,3/5/2026,0.015748031,76,59,110
98,2/4/2026,0,120,120,194
98,2/5/2026,0,110,130,110
98,2/6/2026,0,270,238,310
98,2/7/2026,0,532,736,727
98,2/8/2026,0,201,362,309
98,2/9/2026,0,91,56,110
98,2/10/2026,0.003937008,80,91,110
98,2/11/2026,0,149,110,202
98,2/12/2026,0,120,174,130
98,2/13/2026,0,547,491,407
98,2/14/2026,0,1234,1023,783
98,2/15/2026,0,521,921,473
98,2/16/2026,0,224,732,325
98,2/17/2026,0,81,101,145
98,2/18/2026,0.169291317,148,117,226
98,2/19/2026,0.027559055,128,147,175
98,2/20/2026,0.279527545,373,376,409
98,2/21/2026,0.007874016,1110,781,929
98,2/22/2026,0,447,315,435
98,2/23/2026,0,91,69,110
98,2/24/2026,0,71,82,110
98,2/25/2026,0.003937008,149,100,214
98,2/26/2026,0,120,101,145
98,2/27/2026,0,363,330,393
98,2/28/2026,0.031496063,1006,641,929
98,3/1/2026,0,348,483,418
98,3/2/2026,0,91,69,110
98,3/3/2026,0.003937008,76,99,110
98,3/4/2026,0,149,113,208
98,3/5/2026,0.129921272,127,84,158
99,2/4/2026,0,110,70,145
99,2/5/2026,0,81,75,98
99,2/6/2026,0,196,160,227
99,2/7/2026,0,447,478,601
99,2/8/2026,0,242,234,264
99,2/9/2026,0,71,63,82
99,2/10/2026,0,77,70,82
99,2/11/2026,0,110,99,158
99,2/12/2026,0,89,72,110
99,2/13/2026,0,348,240,287
99,2/14/2026,0,852,804,641
99,2/15/2026,0.216535434,447,486,407
99,2/16/2026,0.322834641,290,395,239
99,2/17/2026,0,89,122,101
99,2/18/2026,0.003937008,118,95,161
99,2/19/2026,0.149606302,95,60,127
99,2/20/2026,0.795275569,245,173,309
99,2/21/2026,0,645,617,734
99,2/22/2026,0.287401557,385,279,407
99,2/23/2026,0.023622043,71,112,82
99,2/24/2026,0,71,89,82
99,2/25/2026,0.011811025,110,86,161
99,2/26/2026,0.106299214,89,164,110
99,2/27/2026,0,250,196,287
99,2/28/2026,0,663,694,727
99,3/1/2026,0,348,480,393
99,3/2/2026,0,76,59,82
99,3/3/2026,0.157480329,77,83,82
99,3/4/2026,0.196850374,96,134,159
99,3/5/2026,0.18110238,89,98,110
100,2/4/2026,0,168,161,194
100,2/5/2026,0,109,110,110
100,2/6/2026,0,270,332,262
100,2/7/2026,0,696,796,690
100,2/8/2026,0,192,288,264
100,2/9/2026,0,91,90,82
100,2/10/2026,0,81,77,82
100,2/11/2026,0,201,137,194
100,2/12/2026,0,109,169,110
100,2/13/2026,0,451,380,348
100,2/14/2026,0,1267,1135,783
100,2/15/2026,0,569,647,435
100,2/16/2026,0,209,351,296
100,2/17/2026,0,96,113,145
100,2/18/2026,0.094488204,217,178,214
100,2/19/2026,0.114173226,128,143,151
100,2/20/2026,0.413385868,297,303,348
100,2/21/2026,0,1110,926,917
100,2/22/2026,0,451,482,409
100,2/23/2026,0,96,168,110
100,2/24/2026,0,80,156,110
100,2/25/2026,0,224,198,208
100,2/26/2026,0,110,147,135
100,2/27/2026,0,321,366,348
100,2/28/2026,0,1011,972,879
100,3/1/2026,0,383,574,403
100,3/2/2026,0,91,104,110
100,3/3/2026,0.031496067,76,68,110
100,3/4/2026,0.003937008,196,192,208
100,3/5/2026,0.728346467,118,146,135
101,2/4/2026,0,96,85,135
101,2/5/2026,0,77,52,82
101,2/6/2026,0,217,214,237
101,2/7/2026,0,447,632,601
101,2/8/2026,0,161,129,226
101,2/9/2026,0,91,51,64
101,2/10/2026,0,65,36,64
101,2/11/2026,0,118,87,135
101,2/12/2026,0,81,120,82
101,2/13/2026,0,415,315,287
101,2/14/2026,1.177165389,1152,976,727
101,2/15/2026,0.003937008,383,348,348
101,2/16/2026,0,174,244,192
101,2/17/2026,0,71,63,82
101,2/18/2026,0.007874016,138,55,158
101,2/19/2026,0.011811025,89,59,110
101,2/20/2026,0,250,206,287
101,2/21/2026,0,825,620,747
101,2/22/2026,0,297,362,330
101,2/23/2026,0,91,84,77
101,2/24/2026,0,58,43,77
101,2/25/2026,0,127,144,145
101,2/26/2026,0.035433069,89,103,110
101,2/27/2026,0,259,248,282
101,2/28/2026,0.090551183,825,587,761
101,3/1/2026,0.448818892,290,336,330
101,3/2/2026,0.279527545,100,78,82
101,3/3/2026,0.082677171,59,35,77
101,3/4/2026,0.102362201,118,118,151
101,3/5/2026,0.003937008,77,75,110
102,2/4/2026,0,196,135,247
102,2/5/2026,0,127,73,161
102,2/6/2026,0,290,224,348
102,2/7/2026,0,611,660,727
102,2/8/2026,0,326,258,409
102,2/9/2026,0.015748031,118,133,135
102,2/10/2026,0.114173234,100,98,145
102,2/11/2026,0.629921317,192,196,262
102,2/12/2026,0.350393772,127,146,175
102,2/13/2026,0,447,298,435
102,2/14/2026,0.019685039,935,633,810
102,2/15/2026,0.413385838,669,636,629
102,2/16/2026,1.405511856,521,599,473
102,2/17/2026,0.783464551,155,231,202
102,2/18/2026,0.377952814,272,258,325
102,2/19/2026,0.78346473,164,217,214
102,2/20/2026,0,297,330,435
102,2/21/2026,0,825,548,929
102,2/22/2026,0,521,425,578
102,2/23/2026,0,127,18,158
102,2/24/2026,0.074803151,91,75,161
102,2/25/2026,0.125984237,196,140,287
102,2/26/2026,0,129,118,194
102,2/27/2026,0,321,258,409
102,2/28/2026,0,776,541,917
102,3/1/2026,0.011811025,512,454,557
102,3/2/2026,0.102362201,138,77,161
102,3/3/2026,0,110,89,158
102,3/4/2026,0.011811025,196,114,264
102,3/5/2026,0,128,111,192
103,2/4/2026,0,196,158,244
103,2/5/2026,0,155,100,161
103,2/6/2026,0.003937008,331,307,377
103,2/7/2026,0,669,637,783
103,2/8/2026,0,321,274,413
103,2/9/2026,0,115,82,145
103,2/10/2026,0,106,105,145
103,2/11/2026,1.287401676,281,238,264
103,2/12/2026,0.003937008,155,126,179
103,2/13/2026,0,590,427,439
103,2/14/2026,0,1267,860,917
103,2/15/2026,0,696,603,641
103,2/16/2026,0.622047246,481,764,439
103,2/17/2026,0.456692964,192,268,227
103,2/18/2026,0.330708683,297,355,330
103,2/19/2026,0.125984251,182,291,208
103,2/20/2026,0.192913368,479,481,505
103,2/21/2026,0,1059,812,1005
103,2/22/2026,0,569,508,601
103,2/23/2026,0,128,92,145
103,2/24/2026,0,106,113,145
103,2/25/2026,0,245,184,276
103,2/26/2026,0,149,116,186
103,2/27/2026,0,447,373,435
103,2/28/2026,0,1006,678,974
103,3/1/2026,0,481,416,578
103,3/2/2026,0,128,101,145
103,3/3/2026,0,100,103,145
103,3/4/2026,0.007874016,242,213,264
103,3/5/2026,0,149,150,179
104,2/4/2026,0.515748024,95,80,145
104,2/5/2026,0.149606287,89,202,101
104,2/6/2026,0,192,207,247
104,2/7/2026,0,521,721,692
104,2/8/2026,0,196,306,262
104,2/9/2026,0,81,50,77
104,2/10/2026,0,67,61,77
104,2/11/2026,0.070866145,100,93,145
104,2/12/2026,0,91,176,107
104,2/13/2026,0,290,307,296
104,2/14/2026,0,1183,970,777
104,2/15/2026,0.732283473,385,437,413
104,2/16/2026,0.023622049,174,228,214
104,2/17/2026,0,65,69,82
104,2/18/2026,0,110,100,161
104,2/19/2026,0.047244098,96,155,110
104,2/20/2026,0.236220479,217,276,309
104,2/21/2026,1.086614251,1006,807,879
104,2/22/2026,0.066929139,332,447,403
104,2/23/2026,0,77,119,77
104,2/24/2026,0,58,68,77
104,2/25/2026,0,106,131,151
104,2/26/2026,0.429133862,91,146,110
104,2/27/2026,0.948818922,224,314,296
104,2/28/2026,0,926,883,864
104,3/1/2026,0,270,393,393
104,3/2/2026,0,89,90,77
104,3/3/2026,0,65,79,77
104,3/4/2026,0,106,108,145
104,3/5/2026,0,91,74,110
105,2/4/2026,0,96,117,127
105,2/5/2026,0,71,41,82
105,2/6/2026,0,162,142,194
105,2/7/2026,0,332,272,377
105,2/8/2026,0,149,106,194
105,2/9/2026,0,59,51,64
105,2/10/2026,0,59,49,64
105,2/11/2026,0,110,61,135
105,2/12/2026,0,81,81,82
105,2/13/2026,0.232283473,270,234,221
105,2/14/2026,0.090551183,628,476,413
105,2/15/2026,0,283,244,264
105,2/16/2026,0,161,91,179
105,2/17/2026,0.358267784,77,61,82
105,2/18/2026,0,127,88,145
105,2/19/2026,0.157480314,100,76,110
105,2/20/2026,0.007874016,196,131,221
105,2/21/2026,0,451,367,473
105,2/22/2026,0,217,210,262
105,2/23/2026,0,59,70,64
105,2/24/2026,0,59,57,64
105,2/25/2026,0,118,145,135
105,2/26/2026,0,89,186,101
105,2/27/2026,0,196,231,214
105,2/28/2026,0,424,360,461
105,3/1/2026,0,174,213,262
105,3/2/2026,0,58,62,64
105,3/3/2026,0,58,62,64
105,3/4/2026,0,106,125,135
105,3/5/2026,0,77,66,101
106,2/4/2026,0.444881916,81,83,158
106,2/5/2026,0,71,81,101
106,2/6/2026,0,159,90,226
106,2/7/2026,0,332,157,592
106,2/8/2026,0,148,156,244
106,2/9/2026,0,71,69,82
106,2/10/2026,0,76,37,82
106,2/11/2026,0.216535434,96,77,161
106,2/12/2026,0.007874016,89,40,107
106,2/13/2026,0,281,84,287
106,2/14/2026,0.015748031,776,128,641
106,2/15/2026,0.704724431,297,127,403
106,2/16/2026,0,164,76,208
106,2/17/2026,0.003937008,71,122,110
106,2/18/2026,0.011811025,127,167,175
106,2/19/2026,0.035433073,118,144,127
106,2/20/2026,0.082677171,242,230,287
106,2/21/2026,0.086614177,645,494,727
106,2/22/2026,0.015748031,297,335,348
106,2/23/2026,0,80,87,82
106,2/24/2026,0,76,101,82
106,2/25/2026,0,118,99,161
106,2/26/2026,0.047244098,110,111,110
106,2/27/2026,0.641732275,224,217,287
106,2/28/2026,0.007874016,611,825,692
106,3/1/2026,0,242,342,348
106,3/2/2026,0,71,48,82
106,3/3/2026,0.003937008,76,54,82
106,3/4/2026,0.039370079,96,59,161
106,3/5/2026,0.051181111,89,94,110
107,2/4/2026,0.385826796,138,84,296
107,2/5/2026,0.318897665,110,97,214
107,2/6/2026,0,224,234,393
107,2/7/2026,0.019685039,645,776,974
107,2/8/2026,0,201,255,407
107,2/9/2026,0,91,58,179
107,2/10/2026,0,91,80,179
107,2/11/2026,0.062992133,149,111,309
107,2/12/2026,0,110,105,227
107,2/13/2026,0,479,423,439
107,2/14/2026,0,1267,1205,1044
107,2/15/2026,0.224409446,569,787,629
107,2/16/2026,0.244094491,331,317,557
107,2/17/2026,0,100,168,214
107,2/18/2026,0,164,276,348
107,2/19/2026,0.023622049,110,169,239
107,2/20/2026,0.011811025,272,275,439
107,2/21/2026,1.003937006,1267,850,1298
107,2/22/2026,0.480315,415,456,578
107,2/23/2026,0,77,126,186
107,2/24/2026,0,67,127,186
107,2/25/2026,0,148,182,319
107,2/26/2026,0.011811025,106,130,227
107,2/27/2026,1.716535449,348,411,505
107,2/28/2026,0.019685039,1006,1024,1167
107,3/1/2026,0,321,516,534
107,3/2/2026,0,106,132,186
107,3/3/2026,0,109,116,186
107,3/4/2026,0,168,186,319
107,3/5/2026,0,127,123,227
108,2/4/2026,0.287401557,77,34,127
108,2/5/2026,0,58,70,77
108,2/6/2026,0,148,167,179
108,2/7/2026,0,259,442,377
108,2/8/2026,0,167,152,186
108,2/9/2026,0,59,47,50
108,2/10/2026,0,58,27,50
108,2/11/2026,0.188976392,89,41,127
108,2/12/2026,0,59,45,77
108,2/13/2026,0,224,156,208
108,2/14/2026,0,776,569,407
108,2/15/2026,0.870078743,363,351,262
108,2/16/2026,0.015748031,168,188,175
108,2/17/2026,0,71,108,77
108,2/18/2026,0.007874016,106,98,135
108,2/19/2026,0.062992133,76,95,101
108,2/20/2026,0.098425195,174,126,214
108,2/21/2026,0.251968503,590,503,473
108,2/22/2026,0.019685039,250,261,247
108,2/23/2026,0,59,36,56
108,2/24/2026,0,58,51,56
108,2/25/2026,0.031496063,91,54,127
108,2/26/2026,0.602362275,71,52,82
108,2/27/2026,0.40157485,174,140,214
108,2/28/2026,0,547,404,461
108,3/1/2026,0,201,221,239
108,3/2/2026,0,59,35,56
108,3/3/2026,0,58,31,56
108,3/4/2026,0,81,52,127
108,3/5/2026,0.023622049,58,51,82
109,2/4/2026,0,106,93,127
109,2/5/2026,0,71,140,82
109,2/6/2026,0,168,157,208
109,2/7/2026,0,373,343,409
109,2/8/2026,0,174,153,208
109,2/9/2026,0,67,123,57
109,2/10/2026,0,59,59,57
109,2/11/2026,0,118,67,135
109,2/12/2026,0,76,54,82
109,2/13/2026,0,259,175,237
109,2/14/2026,0.023622049,727,692,464
109,2/15/2026,0.003937008,348,364,287
109,2/16/2026,0,148,89,175
109,2/17/2026,0,58,62,81
109,2/18/2026,0,127,60,135
109,2/19/2026,0,81,78,110
109,2/20/2026,0,196,208,239
109,2/21/2026,0.015748031,521,415,534
109,2/22/2026,0,287,327,276
109,2/23/2026,0,71,69,64
109,2/24/2026,0,59,50,64
109,2/25/2026,0,127,97,135
109,2/26/2026,0,89,66,99
109,2/27/2026,0,209,238,237
109,2/28/2026,0.007874016,521,463,534
109,3/1/2026,0,245,353,264
109,3/2/2026,0,67,46,64
109,3/3/2026,0,59,54,64
109,3/4/2026,0.003937008,118,51,135
109,3/5/2026,0.003937008,76,70,92
110,2/4/2026,0.023622049,174,141,239
110,2/5/2026,0.019685039,164,146,158
110,2/6/2026,0,290,321,325
110,2/7/2026,0,521,685,641
110,2/8/2026,0,242,301,319
110,2/9/2026,0.003937008,109,125,135
110,2/10/2026,0,95,121,135
110,2/11/2026,0.007874017,174,162,247
110,2/12/2026,0,161,196,161
110,2/13/2026,0,479,351,407
110,2/14/2026,0.011811023,1006,908,727
110,2/15/2026,0.011811025,547,552,505
110,2/16/2026,0,224,385,348
110,2/17/2026,0,91,99,175
110,2/18/2026,0,174,165,264
110,2/19/2026,0,155,119,192
110,2/20/2026,0,297,330,413
110,2/21/2026,0,852,652,810
110,2/22/2026,0,424,464,439
110,2/23/2026,0,110,131,145
110,2/24/2026,0,96,145,145
110,2/25/2026,0,196,228,264
110,2/26/2026,0,155,213,179
110,2/27/2026,0,341,452,407
110,2/28/2026,0,825,691,810
110,3/1/2026,0,403,467,435
110,3/2/2026,0,118,178,145
110,3/3/2026,0,110,116,145
110,3/4/2026,0,209,244,262
110,3/5/2026,0,168,230,179
111,2/4/2026,0.074803151,100,142,135
111,2/5/2026,0.015748031,71,62,82
111,2/6/2026,0.015748031,201,179,247
111,2/7/2026,0,481,721,629
111,2/8/2026,0,253,333,262
111,2/9/2026,0,64,63,77
111,2/10/2026,0,67,62,77
111,2/11/2026,0.015748031,110,96,145
111,2/12/2026,0,71,103,99
111,2/13/2026,0,415,299,296
111,2/14/2026,0,1110,965,690
111,2/15/2026,1.059055209,645,543,413
111,2/16/2026,0.082677163,174,226,214
111,2/17/2026,0,67,125,82
111,2/18/2026,0.003937008,118,164,158
111,2/19/2026,0.070866145,89,116,127
111,2/20/2026,0.019685039,259,336,309
111,2/21/2026,0.106299214,926,769,783
111,2/22/2026,0.145669296,447,429,403
111,2/23/2026,0,67,98,77
111,2/24/2026,0,59,61,77
111,2/25/2026,0,110,122,145
111,2/26/2026,0.877952814,91,102,110
111,2/27/2026,0.287401557,290,295,296
111,2/28/2026,0,852,804,772
111,3/1/2026,0,348,426,393
111,3/2/2026,0,67,65,77
111,3/3/2026,0.019685039,71,164,77
111,3/4/2026,0,110,100,145
111,3/5/2026,0,77,94,110
112,2/4/2026,0,201,160,276
112,2/5/2026,0,196,128,192
112,2/6/2026,0,451,362,435
112,2/7/2026,0,825,772,974
112,2/8/2026,0,348,341,557
112,2/9/2026,0,149,102,161
112,2/10/2026,0.031496063,128,125,161
112,2/11/2026,1.287401438,196,174,309
112,2/12/2026,0.003937008,209,127,208
112,2/13/2026,0,669,375,505
112,2/14/2026,0,1267,991,1057
112,2/15/2026,0,926,884,810
112,2/16/2026,1.389763951,399,477,534
112,2/17/2026,0.389763772,127,75,214
112,2/18/2026,0.40157485,182,205,348
112,2/19/2026,0.503937066,217,157,239
112,2/20/2026,0,515,379,513
112,2/21/2026,0,1234,960,1165
112,2/22/2026,0,751,679,674
112,2/23/2026,0,149,114,161
112,2/24/2026,0,127,131,161
112,2/25/2026,0,196,183,309
112,2/26/2026,0,221,52,208
112,2/27/2026,0,569,463,505
112,2/28/2026,0,1110,873,1165
112,3/1/2026,0,696,637,674
112,3/2/2026,0,149,89,161
112,3/3/2026,0,127,151,161
112,3/4/2026,0,182,206,296
112,3/5/2026,0,201,149,208
113,2/4/2026,0.51968509,110,177,202
113,2/5/2026,0,100,91,127
113,2/6/2026,0,217,216,264
113,2/7/2026,0.11023622,451,513,629
113,2/8/2026,0.122047253,302,416,393
113,2/9/2026,0.157480314,89,84,110
113,2/10/2026,0.066929139,76,98,110
113,2/11/2026,0.019685039,120,121,208
113,2/12/2026,0.165354341,100,99,135
113,2/13/2026,0.035433073,385,213,348
113,2/14/2026,0.346456677,776,657,727
113,2/15/2026,0.263779491,619,534,578
113,2/16/2026,0.027559057,217,267,325
113,2/17/2026,0.023622049,59,55,145
113,2/18/2026,0.031496063,138,85,214
113,2/19/2026,0,110,96,161
113,2/20/2026,0,250,243,348
113,2/21/2026,0,590,595,778
113,2/22/2026,0,481,409,534
113,2/23/2026,0,106,71,110
113,2/24/2026,0.078740157,59,73,110
113,2/25/2026,0.011811025,138,172,214
113,2/26/2026,0.011811025,110,60,145
113,2/27/2026,0.023622049,270,256,348
113,2/28/2026,0.003937008,590,555,777
113,3/1/2026,0,447,551,534
113,3/2/2026,0.019685039,110,177,110
113,3/3/2026,0,71,82,110
113,3/4/2026,0.299212605,127,153,214
113,3/5/2026,0.102362216,110,94,158
114,2/4/2026,0,168,160,264
114,2/5/2026,0,148,170,186
114,2/6/2026,0,403,451,473
114,2/7/2026,0,935,898,1165
114,2/8/2026,0,403,333,641
114,2/9/2026,0,109,134,161
114,2/10/2026,0,110,112,161
114,2/11/2026,0.003937008,213,159,296
114,2/12/2026,0,161,165,214
114,2/13/2026,0,727,612,601
114,2/14/2026,0,1561,1528,1320
114,2/15/2026,0,1110,1276,974
114,2/16/2026,0,447,780,601
114,2/17/2026,0,164,326,227
114,2/18/2026,0.106299207,297,243,348
114,2/19/2026,0.047244098,196,266,262
114,2/20/2026,0.299212575,513,511,629
114,2/21/2026,0.003937008,1370,1155,1483
114,2/22/2026,0.015748031,852,213,810
114,2/23/2026,0,109,,175
114,2/24/2026,0,110,193,175
114,2/25/2026,0,242,165,296
114,2/26/2026,0.031496063,161,134,208
114,2/27/2026,0,515,412,557
114,2/28/2026,0,1267,1319,1483
114,3/1/2026,0,751,775,783
114,3/2/2026,0,91,102,175
114,3/3/2026,0.145669311,109,119,175
114,3/4/2026,0.224409446,224,208,309
114,3/5/2026,0.385826826,149,169,214
115,2/4/2026,0,168,115,208
115,2/5/2026,0,127,101,135
115,2/6/2026,0,332,286,348
115,2/7/2026,0.389763772,825,950,974
115,2/8/2026,0.314960629,332,319,439
115,2/9/2026,0.57874012,106,109,127
115,2/10/2026,0.047244098,91,98,115
115,2/11/2026,0,155,154,214
115,2/12/2026,0,110,106,135
115,2/13/2026,0.137795284,547,387,447
115,2/14/2026,0.350393683,1506,1097,1102
115,2/15/2026,0,825,791,641
115,2/16/2026,0.062992126,297,449,413
115,2/17/2026,0.007874016,148,278,194
115,2/18/2026,0.106299207,217,357,296
115,2/19/2026,0.031496067,149,286,192
115,2/20/2026,0,348,567,439
115,2/21/2026,0.224409446,1267,1193,1272
115,2/22/2026,0.208661407,696,651,629
115,2/23/2026,0.740157545,91,128,135
115,2/24/2026,0.023622049,89,148,127
115,2/25/2026,0.011811025,149,221,237
115,2/26/2026,0,109,193,161
115,2/27/2026,0.015748031,383,292,413
115,2/28/2026,0,1110,994,1167
115,3/1/2026,0,521,619,601
115,3/2/2026,0,96,109,127
115,3/3/2026,0.074803151,96,88,135
115,3/4/2026,0.622047305,149,145,239
115,3/5/2026,0.066929132,118,132,161
116,2/4/2026,0,196,169,194
116,2/5/2026,0,110,106,110
116,2/6/2026,0,287,297,276
116,2/7/2026,0,590,978,810
116,2/8/2026,0,373,441,348
116,2/9/2026,0,91,85,107
116,2/10/2026,0,110,98,107
116,2/11/2026,0,217,159,202
116,2/12/2026,0,110,211,127
116,2/13/2026,0,547,372,377
116,2/14/2026,0,1267,1431,974
116,2/15/2026,0.188976392,696,789,557
116,2/16/2026,0.370078743,253,645,330
116,2/17/2026,0,89,170,135
116,2/18/2026,0.031496063,196,199,214
116,2/19/2026,0.102362201,127,169,161
116,2/20/2026,0.515748084,348,413,377
116,2/21/2026,0,1234,1136,1068
116,2/22/2026,0.271653533,547,389,534
116,2/23/2026,0.015748028,81,150,110
116,2/24/2026,0,89,130,110
116,2/25/2026,0.015748031,201,198,214
116,2/26/2026,0.0511811,110,175,145
116,2/27/2026,0,363,414,348
116,2/28/2026,0,1110,1114,1068
116,3/1/2026,0,512,689,505
116,3/2/2026,0,89,107,110
116,3/3/2026,0.157480314,106,108,110
116,3/4/2026,0.192913368,217,211,214
116,3/5/2026,0.035433069,110,154,135
117,2/4/2026,0,138,98,145
117,2/5/2026,0,81,81,99
117,2/6/2026,0,196,281,262
117,2/7/2026,0,521,679,629
117,2/8/2026,0.043307088,253,217,262
117,2/9/2026,0,89,89,82
117,2/10/2026,0,91,63,82
117,2/11/2026,0,152,117,159
117,2/12/2026,0,91,100,110
117,2/13/2026,0,447,321,347
117,2/14/2026,0.854330778,1110,996,727
117,2/15/2026,0.074803151,547,486,409
117,2/16/2026,0,155,230,214
117,2/17/2026,0,71,69,110
117,2/18/2026,0,149,77,179
117,2/19/2026,0,95,68,135
117,2/20/2026,0,283,281,341
117,2/21/2026,0.007874016,880,746,772
117,2/22/2026,0,403,439,377
117,2/23/2026,0,91,95,95
117,2/24/2026,0,65,97,95
117,2/25/2026,0,149,141,175
117,2/26/2026,0,91,116,119
117,2/27/2026,0,297,252,330
117,2/28/2026,0,852,650,761
117,3/1/2026,0.137795284,383,419,393
117,3/2/2026,0.637795329,100,124,110
117,3/3/2026,0.007874016,71,74,98
117,3/4/2026,0.236220479,148,128,175
117,3/5/2026,3.03149581,106,109,127
118,2/4/2026,0,110,125,214
118,2/5/2026,0,109,85,151
118,2/6/2026,0,281,258,348
118,2/7/2026,0,727,621,974
118,2/8/2026,0,332,287,461
118,2/9/2026,0,77,33,135
118,2/10/2026,0,89,67,135
118,2/11/2026,0.007874016,120,79,226
118,2/12/2026,0,110,145,161
118,2/13/2026,0,481,270,461
118,2/14/2026,0,1267,965,1150
118,2/15/2026,0,727,752,690
118,2/16/2026,0.007874016,383,485,461
118,2/17/2026,0,127,163,194
118,2/18/2026,0.062992126,174,127,296
118,2/19/2026,0.066929139,118,109,194
118,2/20/2026,0.34251973,341,211,505
118,2/21/2026,0,1110,841,1298
118,2/22/2026,0.074803144,532,144,674
118,2/23/2026,0,80,,145
118,2/24/2026,0,81,150,145
118,2/25/2026,0,138,111,247
118,2/26/2026,0.011811025,118,110,179
118,2/27/2026,0,332,328,439
118,2/28/2026,0,1050,813,1272
118,3/1/2026,0.027559057,481,538,629
118,3/2/2026,0,77,118,145
118,3/3/2026,0.177165359,96,67,161
118,3/4/2026,0.232283458,149,170,262
118,3/5/2026,0.36220479,127,78,194
119,2/4/2026,0,91,125,127
119,2/5/2026,0,76,109,82
119,2/6/2026,0,155,206,214
119,2/7/2026,0,547,558,629
119,2/8/2026,0,192,219,214
119,2/9/2026,0,81,42,77
119,2/10/2026,0.011811025,67,40,77
119,2/11/2026,0.291338563,91,80,135
119,2/12/2026,0,89,52,101
119,2/13/2026,0,290,280,262
119,2/14/2026,0.070866145,1006,857,690
119,2/15/2026,2.07874012,399,523,377
119,2/16/2026,0,164,238,192
119,2/17/2026,0,67,46,82
119,2/18/2026,0.007874016,110,57,145
119,2/19/2026,0.007874016,89,85,110
119,2/20/2026,0,217,205,264
119,2/21/2026,0.023622049,825,838,783
119,2/22/2026,0,348,407,348
119,2/23/2026,0,89,90,81
119,2/24/2026,0,59,76,81
119,2/25/2026,0.003937008,106,111,145
119,2/26/2026,0.220472425,89,116,110
119,2/27/2026,0,224,235,262
119,2/28/2026,0,825,833,777
119,3/1/2026,0,281,417,347
119,3/2/2026,0.055118114,81,57,82
119,3/3/2026,0.003937008,67,73,81
119,3/4/2026,0.019685039,91,80,135
119,3/5/2026,0.078740157,77,88,110
120,2/4/2026,0,283,279,348
120,2/5/2026,0.338582695,192,177,214
120,2/6/2026,0,447,438,505
120,2/7/2026,0,1110,1187,1217
120,2/8/2026,0,403,436,629
120,2/9/2026,0,182,170,186
120,2/10/2026,0,155,141,186
120,2/11/2026,0,272,238,377
120,2/12/2026,0.047244098,201,223,239
120,2/13/2026,0,727,658,601
120,2/14/2026,0,1572,1422,1363
120,2/15/2026,0,1050,1029,947
120,2/16/2026,0.846456766,521,556,578
120,2/17/2026,0,127,154,247
120,2/18/2026,0,290,236,413
120,2/19/2026,0,174,248,264
120,2/20/2026,0,479,481,601
120,2/21/2026,0,1561,1131,1483
120,2/22/2026,0.248031512,926,1016,810
120,2/23/2026,0,182,243,192
120,2/24/2026,0,127,189,192
120,2/25/2026,0,290,306,377
120,2/26/2026,0,182,236,221
120,2/27/2026,0.385826826,590,558,641
120,2/28/2026,1.035433173,1563,1276,1483
120,3/1/2026,0.035433073,727,878,761
120,3/2/2026,0.015748031,192,317,192
120,3/3/2026,0.019685039,127,141,192
120,3/4/2026,0.047244098,270,216,377
120,3/5/2026,0.291338593,196,235,237
121,2/4/2026,0,80,82,127
121,2/5/2026,0,59,50,77
121,2/6/2026,0.003937008,168,159,194
121,2/7/2026,0,447,380,473
121,2/8/2026,0,164,126,208
121,2/9/2026,0,58,39,54
121,2/10/2026,0,58,35,54
121,2/11/2026,0,91,71,127
121,2/12/2026,0,59,62,82
121,2/13/2026,0,250,198,221
121,2/14/2026,0,825,724,534
121,2/15/2026,0,290,276,309
121,2/16/2026,0,148,73,175
121,2/17/2026,0,58,55,77
121,2/18/2026,0.09055119,96,71,135
121,2/19/2026,0,67,63,107
121,2/20/2026,0.255905509,196,208,239
121,2/21/2026,0,611,536,629
121,2/22/2026,0,259,269,296
121,2/23/2026,0,58,69,57
121,2/24/2026,0,58,56,57
121,2/25/2026,0,91,79,135
121,2/26/2026,0,67,126,82
121,2/27/2026,0,196,259,221
121,2/28/2026,0,611,472,601
121,3/1/2026,0,221,326,287
121,3/2/2026,0,58,63,57
121,3/3/2026,0.003937008,58,72,57
121,3/4/2026,0,81,91,127
121,3/5/2026,0.027559057,58,55,82
122,2/4/2026,0,196,149,247
122,2/5/2026,0,174,122,161
122,2/6/2026,0.003937008,348,306,377
122,2/7/2026,0,696,660,783
122,2/8/2026,0,348,323,439
122,2/9/2026,0,149,216,145
122,2/10/2026,0,127,126,145
122,2/11/2026,0.366141796,232,181,276
122,2/12/2026,0,196,200,186
122,2/13/2026,0,569,330,439
122,2/14/2026,0,1267,944,879
122,2/15/2026,0.003937008,719,725,641
122,2/16/2026,1.133858204,515,581,473
122,2/17/2026,0.40157488,168,154,214
122,2/18/2026,0.783464551,253,187,325
122,2/19/2026,0.244094491,201,238,214
122,2/20/2026,0,385,382,461
122,2/21/2026,0,1110,787,974
122,2/22/2026,0,611,520,601
122,2/23/2026,0,148,94,151
122,2/24/2026,0,110,116,151
122,2/25/2026,0,224,199,264
122,2/26/2026,0,174,161,186
122,2/27/2026,0,447,350,435
122,2/28/2026,0,1006,749,974
122,3/1/2026,0,547,518,595
122,3/2/2026,0,148,131,151
122,3/3/2026,0,115,104,151
122,3/4/2026,0,217,182,264
122,3/5/2026,0,174,183,186
124,2/4/2026,0,138,160,161
124,2/5/2026,0,149,112,110
124,2/6/2026,0,242,320,287
124,2/7/2026,0,555,632,629
124,2/8/2026,0,196,188,264
124,2/9/2026,0.035433076,96,116,98
124,2/10/2026,0,81,99,98
124,2/11/2026,0.082677163,127,39,175
124,2/12/2026,0.866141737,138,142,119
124,2/13/2026,0.110236228,521,453,348
124,2/14/2026,0,1110,1057,674
124,2/15/2026,0,415,497,407
124,2/16/2026,0,192,295,262
124,2/17/2026,0.078740157,89,97,135
124,2/18/2026,0.027559057,148,98,194
124,2/19/2026,0,149,158,145
124,2/20/2026,0,363,353,348
124,2/21/2026,0,935,692,759
124,2/22/2026,0,332,371,393
124,2/23/2026,0,95,93,110
124,2/24/2026,0,77,168,110
124,2/25/2026,0.909448862,138,162,192
124,2/26/2026,0.22047244,149,213,135
124,2/27/2026,0,415,389,348
124,2/28/2026,0,1006,705,756
124,3/1/2026,0.007874016,290,400,377
124,3/2/2026,0.748031497,100,112,110
124,3/3/2026,0.370078743,81,104,110
124,3/4/2026,0,127,117,179
124,3/5/2026,0.153543279,149,125,135
125,2/4/2026,0,118,149,179
125,2/5/2026,0,110,122,110
125,2/6/2026,0,302,293,309
125,2/7/2026,0,590,676,777
125,2/8/2026,0,245,333,348
125,2/9/2026,0,89,122,110
125,2/10/2026,0,106,114,110
125,2/11/2026,0.011811025,148,112,194
125,2/12/2026,0,127,119,127
125,2/13/2026,0,569,464,403
125,2/14/2026,0,1267,1110,864
125,2/15/2026,0,611,804,578
125,2/16/2026,0,348,642,348
125,2/17/2026,0,149,340,161
125,2/18/2026,0.078740157,192,163,239
125,2/19/2026,0.015748031,155,172,161
125,2/20/2026,0.507874072,403,359,407
125,2/21/2026,0.023622049,1209,986,974
125,2/22/2026,0.019685039,481,246,513
125,2/23/2026,0.003937006,89,34,110
125,2/24/2026,0,89,268,110
125,2/25/2026,0,149,260,208
125,2/26/2026,0,127,121,145
125,2/27/2026,0,383,327,377
125,2/28/2026,0,1011,1028,974
125,3/1/2026,0,403,685,505
125,3/2/2026,0,89,142,110
125,3/3/2026,0.173228338,96,117,119
125,3/4/2026,0.303149611,148,174,208
125,3/5/2026,0.334645629,127,125,158
126,2/4/2026,0,182,165,226
126,2/5/2026,0,127,114,145
126,2/6/2026,0.011811023,383,363,393
126,2/7/2026,0,852,819,974
126,2/8/2026,0,348,346,439
126,2/9/2026,0,149,91,135
126,2/10/2026,0,106,101,135
126,2/11/2026,0,174,144,247
126,2/12/2026,0,127,157,175
126,2/13/2026,0,653,470,473
126,2/14/2026,0,1267,1434,1068
126,2/15/2026,0,751,727,690
126,2/16/2026,0,287,430,409
126,2/17/2026,0,110,153,194
126,2/18/2026,0.448818922,167,155,319
126,2/19/2026,0,138,151,208
126,2/20/2026,0.295275599,424,333,505
126,2/21/2026,0,1168,937,1272
126,2/22/2026,0,619,608,641
126,2/23/2026,0,155,106,145
126,2/24/2026,0,96,125,145
126,2/25/2026,0,196,148,262
126,2/26/2026,0,148,180,179
126,2/27/2026,0,481,490,464
126,2/28/2026,0,1011,1027,1272
126,3/1/2026,0,481,703,629
126,3/2/2026,0,149,163,145
126,3/3/2026,0.015748031,110,127,145
126,3/4/2026,0.09055119,182,153,262
126,3/5/2026,0.228346437,149,140,186
127,2/4/2026,0,138,117,214
127,2/5/2026,0,110,93,127
127,2/6/2026,0,283,210,319
127,2/7/2026,0,521,564,674
127,2/8/2026,0,321,204,393
127,2/9/2026,0,110,101,110
127,2/10/2026,0.007874016,89,96,110
127,2/11/2026,0.763779521,155,148,239
127,2/12/2026,0,110,106,135
127,2/13/2026,0,481,316,407
127,2/14/2026,0,1006,602,734
127,2/15/2026,0.003937008,686,602,534
127,2/16/2026,1.429134011,348,458,377
127,2/17/2026,0.145669267,100,107,175
127,2/18/2026,0.358267725,168,187,264
127,2/19/2026,0.34251973,127,176,194
127,2/20/2026,0,302,273,393
127,2/21/2026,0,852,566,810
127,2/22/2026,0,515,465,534
127,2/23/2026,0,118,73,127
127,2/24/2026,0,81,61,127
127,2/25/2026,0,161,158,239
127,2/26/2026,0,110,113,158
127,2/27/2026,0,348,270,393
127,2/28/2026,0,825,561,810
127,3/1/2026,0,451,531,505
127,3/2/2026,0,120,61,127
127,3/3/2026,0,91,50,127
127,3/4/2026,0,155,147,237
127,3/5/2026,0,109,93,158
128,2/4/2026,0.240157485,106,111,192
128,2/5/2026,0,93,94,110
128,2/6/2026,0,259,320,325
128,2/7/2026,0,751,934,974
128,2/8/2026,0,196,335,348
128,2/9/2026,0.027559055,91,66,107
128,2/10/2026,0,76,53,107
128,2/11/2026,0.118110217,110,98,194
128,2/12/2026,0,96,125,127
128,2/13/2026,0,481,351,413
128,2/14/2026,0,1379,1481,1068
128,2/15/2026,0.657480359,611,634,595
128,2/16/2026,0,217,367,309
128,2/17/2026,0,81,95,135
128,2/18/2026,0.023622049,128,119,208
128,2/19/2026,0.094488196,100,168,161
128,2/20/2026,0.066929132,321,299,413
128,2/21/2026,0.161417335,1234,1170,1272
128,2/22/2026,0,481,571,534
128,2/23/2026,0,109,98,110
128,2/24/2026,0,71,129,110
128,2/25/2026,0,128,192,202
128,2/26/2026,0.165354326,100,185,145
128,2/27/2026,0.318897635,348,399,409
128,2/28/2026,0,1146,1352,1272
128,3/1/2026,0,403,531,505
128,3/2/2026,0,100,80,110
128,3/3/2026,0,65,86,110
128,3/4/2026,0,110,145,194
128,3/5/2026,0,91,93,135
129,2/4/2026,0,174,116,214
129,2/5/2026,0,118,103,135
129,2/6/2026,0,321,225,348
129,2/7/2026,0,696,993,974
129,2/8/2026,0,373,328,413
129,2/9/2026,0,91,92,110
129,2/10/2026,0,120,82,110
129,2/11/2026,0,196,142,221
129,2/12/2026,0,118,135,135
129,2/13/2026,0,569,384,435
129,2/14/2026,0,1350,1190,1044
129,2/15/2026,0.259842515,852,868,629
129,2/16/2026,0.330708653,424,527,461
129,2/17/2026,0,115,248,194
129,2/18/2026,0,182,158,287
129,2/19/2026,0.314960629,128,127,214
129,2/20/2026,0.720472515,385,267,473
129,2/21/2026,0,1267,1026,1217
129,2/22/2026,0.251968503,619,401,601
129,2/23/2026,0,81,159,135
129,2/24/2026,0,91,85,135
129,2/25/2026,0,201,145,247
129,2/26/2026,0.043307088,127,132,161
129,2/27/2026,0,399,260,413
129,2/28/2026,0,1234,926,1167
129,3/1/2026,0,481,575,557
129,3/2/2026,0,81,71,135
129,3/3/2026,0.153543323,118,75,145
129,3/4/2026,0.204724401,221,152,262
129,3/5/2026,0.027559057,127,85,161
130,2/4/2026,0,127,127,194
130,2/5/2026,0,110,86,110
130,2/6/2026,0,221,169,264
130,2/7/2026,0,415,394,629
130,2/8/2026,0,242,196,325
130,2/9/2026,0,89,104,110
130,2/10/2026,0,91,121,110
130,2/11/2026,0.007874016,148,152,208
130,2/12/2026,0,128,110,127
130,2/13/2026,0,447,275,348
130,2/14/2026,0,896,712,690
130,2/15/2026,0,547,531,473
130,2/16/2026,0,363,444,377
130,2/17/2026,0,196,443,194
130,2/18/2026,0.074803151,383,573,296
130,2/19/2026,0.039370079,259,464,214
130,2/20/2026,0.350393742,383,500,348
130,2/21/2026,0,776,616,778
130,2/22/2026,0.074803151,479,112,439
130,2/23/2026,0,148,3,110
130,2/24/2026,0,138,53,110
130,2/25/2026,0,232,67,214
130,2/26/2026,0.039370079,168,87,145
130,2/27/2026,0,332,233,348
130,2/28/2026,0,696,563,777
130,3/1/2026,0.003937008,383,437,435
130,3/2/2026,0,81,76,110
130,3/3/2026,0.165354326,93,62,118
130,3/4/2026,0.224409446,164,94,214
130,3/5/2026,0.452755898,128,106,145
131,2/4/2026,0.003937008,96,85,127
131,2/5/2026,0,71,60,82
131,2/6/2026,0.003937004,174,233,208
131,2/7/2026,0,383,612,534
131,2/8/2026,0,174,167,214
131,2/9/2026,0,58,60,57
131,2/10/2026,0,59,59,57
131,2/11/2026,0.003937008,110,100,127
131,2/12/2026,0,77,88,82
131,2/13/2026,0,332,242,239
131,2/14/2026,0.047244098,926,760,629
131,2/15/2026,0.437007844,339,344,325
131,2/16/2026,0,149,177,175
131,2/17/2026,0,59,84,81
131,2/18/2026,0.003937008,110,69,135
131,2/19/2026,0.015748031,77,72,110
131,2/20/2026,0.106299207,224,160,239
131,2/21/2026,0.015748031,706,665,641
131,2/22/2026,0.003937008,270,288,309
131,2/23/2026,0,58,79,64
131,2/24/2026,0,58,75,64
131,2/25/2026,0.011811025,109,82,135
131,2/26/2026,0.066929132,77,76,99
131,2/27/2026,0,232,205,237
131,2/28/2026,0,696,731,641
131,3/1/2026,0,224,352,296
131,3/2/2026,0.338582695,65,59,64
131,3/3/2026,0.11811024,59,64,64
131,3/4/2026,0.574803114,110,112,135
131,3/5/2026,0.799212635,89,92,101
132,2/4/2026,0,155,146,186
132,2/5/2026,0,106,147,110
132,2/6/2026,0,290,246,296
132,2/7/2026,0,685,876,783
132,2/8/2026,0,242,381,319
132,2/9/2026,0,91,115,101
132,2/10/2026,0,96,96,101
132,2/11/2026,0.003937008,161,125,194
132,2/12/2026,0,109,159,127
132,2/13/2026,0,569,482,393
132,2/14/2026,0,1267,1275,864
132,2/15/2026,0.122047253,611,713,505
132,2/16/2026,0.11023622,250,403,319
132,2/17/2026,0,106,82,135
132,2/18/2026,0.05905512,174,134,214
132,2/19/2026,0.090551183,127,158,159
132,2/20/2026,0.503937006,385,339,403
132,2/21/2026,0,1267,1082,1005
132,2/22/2026,0.16141732,515,317,473
132,2/23/2026,0.003937009,89,106,110
132,2/24/2026,0,89,114,110
132,2/25/2026,0,167,210,208
132,2/26/2026,0,110,152,135
132,2/27/2026,0,385,358,377
132,2/28/2026,0,1110,929,974
132,3/1/2026,0.003937008,416,601,435
132,3/2/2026,0,91,118,110
132,3/3/2026,0.287401587,100,99,110
132,3/4/2026,0.157480314,168,193,214
132,3/5/2026,0.248031512,118,183,145
133,2/4/2026,0,110,95,161
133,2/5/2026,0,96,98,110
133,2/6/2026,0,201,250,214
133,2/7/2026,0,403,420,473
133,2/8/2026,0,174,154,214
133,2/9/2026,0,110,83,82
133,2/10/2026,0.003937008,89,66,82
133,2/11/2026,0.007874016,127,128,175
133,2/12/2026,0.003937008,109,103,110
133,2/13/2026,0.043307088,383,263,264
133,2/14/2026,0.122047253,825,667,557
133,2/15/2026,0.078740157,415,412,330
133,2/16/2026,0,242,138,247
133,2/17/2026,0,91,104,110
133,2/18/2026,0.003937008,149,117,186
133,2/19/2026,0,118,105,135
133,2/20/2026,0.023622049,259,245,264
133,2/21/2026,0.047244098,619,545,629
133,2/22/2026,0,297,452,310
133,2/23/2026,0,115,89,101
133,2/24/2026,0,80,99,101
133,2/25/2026,0,133,180,179
133,2/26/2026,0,110,111,127
133,2/27/2026,0.003937008,259,263,262
133,2/28/2026,0,590,568,601
133,3/1/2026,0,253,325,309
133,3/2/2026,0.011811025,118,85,101
133,3/3/2026,0.003937008,81,92,101
133,3/4/2026,0.019685039,127,115,179
133,3/5/2026,0.011811025,109,101,127
134,2/4/2026,0,167,133,175
134,2/5/2026,0,100,67,110
134,2/6/2026,0,290,255,296
134,2/7/2026,0,669,832,814
134,2/8/2026,0,224,307,287
134,2/9/2026,0,59,68,82
134,2/10/2026,0,91,80,82
134,2/11/2026,0.003937008,167,168,179
134,2/12/2026,0,91,114,110
134,2/13/2026,0,547,407,348
134,2/14/2026,0,1267,1257,929
134,2/15/2026,0.019685039,547,655,464
134,2/16/2026,0.007874017,217,298,282
134,2/17/2026,0,95,111,127
134,2/18/2026,0.023622049,168,170,194
134,2/19/2026,0.066929139,106,33,145
134,2/20/2026,0.55905515,348,301,348
134,2/21/2026,0,1267,904,1028
134,2/22/2026,0.11811024,451,559,435
134,2/23/2026,0,58,91,110
134,2/24/2026,0,77,122,110
134,2/25/2026,0,164,137,194
134,2/26/2026,0.043307085,96,110,135
134,2/27/2026,0,373,297,348
134,2/28/2026,0,1110,869,1028
134,3/1/2026,0,383,615,413
134,3/2/2026,0,59,106,110
134,3/3/2026,0.169291332,91,79,110
134,3/4/2026,0.208661407,167,165,194
134,3/5/2026,0.181102365,106,105,135
135,2/4/2026,0,118,97,179
135,2/5/2026,0.185039371,77,82,110
135,2/6/2026,0,168,181,208
135,2/7/2026,0,415,555,447
135,2/8/2026,0,174,183,214
135,2/9/2026,0,100,81,82
135,2/10/2026,0,71,43,82
135,2/11/2026,0,133,69,186
135,2/12/2026,0.003937008,77,95,110
135,2/13/2026,0,348,181,247
135,2/14/2026,0,751,631,513
135,2/15/2026,0.047244098,479,357,330
135,2/16/2026,0.606299222,242,315,264
135,2/17/2026,0,89,77,127
135,2/18/2026,0,149,124,194
135,2/19/2026,0,89,90,135
135,2/20/2026,0,221,190,262
135,2/21/2026,0,547,446,601
135,2/22/2026,0.039370079,348,366,330
135,2/23/2026,0,100,136,107
135,2/24/2026,0,67,80,107
135,2/25/2026,0,138,155,194
135,2/26/2026,0,81,72,127
135,2/27/2026,0.181102365,242,280,264
135,2/28/2026,1.326771736,611,530,629
135,3/1/2026,0,283,347,319
135,3/2/2026,0,106,60,107
135,3/3/2026,0.019685039,71,74,107
135,3/4/2026,0.051181108,128,103,194
135,3/5/2026,0.11811024,89,81,127
136,2/4/2026,0,168,139,247
136,2/5/2026,0.342519671,149,156,179
136,2/6/2026,0,321,295,377
136,2/7/2026,0,696,809,879
136,2/8/2026,0,331,304,461
136,2/9/2026,0,127,120,135
136,2/10/2026,0,115,95,135
136,2/11/2026,0,174,161,262
136,2/12/2026,0,149,129,175
136,2/13/2026,0.007874016,569,312,439
136,2/14/2026,0,1267,1035,974
136,2/15/2026,0,776,714,690
136,2/16/2026,0.188976362,281,372,435
136,2/17/2026,0,96,130,194
136,2/18/2026,0.003937008,168,188,309
136,2/19/2026,0,149,147,202
136,2/20/2026,0,348,314,461
136,2/21/2026,0,1110,756,1068
136,2/22/2026,0.066929139,628,612,601
136,2/23/2026,0,127,218,145
136,2/24/2026,0,96,147,145
136,2/25/2026,0,174,226,264
136,2/26/2026,0.003937008,149,120,192
136,2/27/2026,0.015748031,385,262,435
136,2/28/2026,0.267716497,1110,829,1102
136,3/1/2026,0.251968503,611,533,629
136,3/2/2026,0.011811025,138,133,145
136,3/3/2026,0.023622049,110,124,151
136,3/4/2026,0.019685039,174,190,264
136,3/5/2026,0.153543308,155,143,194
137,2/4/2026,0.570866287,100,90,175
137,2/5/2026,0.011811023,76,84,110
137,2/6/2026,0.082677163,167,177,214
137,2/7/2026,0,243,507,473
137,2/8/2026,0,155,192,214
137,2/9/2026,0,71,52,82
137,2/10/2026,0,71,36,82
137,2/11/2026,0.208661407,118,78,175
137,2/12/2026,0,89,81,110
137,2/13/2026,0,290,254,262
137,2/14/2026,0,852,660,534
137,2/15/2026,0.625984192,447,597,325
137,2/16/2026,0.070866138,174,174,262
137,2/17/2026,0,76,84,127
137,2/18/2026,0.019685039,127,118,192
137,2/19/2026,0.330708683,115,130,135
137,2/20/2026,0.035433073,217,220,262
137,2/21/2026,0.090551168,619,489,629
137,2/22/2026,0.023622049,287,332,309
137,2/23/2026,0,77,99,101
137,2/24/2026,0,59,97,101
137,2/25/2026,0,110,101,179
137,2/26/2026,1.173228383,115,111,135
137,2/27/2026,0,201,277,247
137,2/28/2026,0,569,558,629
137,3/1/2026,0,224,287,296
137,3/2/2026,0.070866145,89,93,101
137,3/3/2026,0,67,52,101
137,3/4/2026,0,106,96,179
137,3/5/2026,0.003937008,81,70,127
138,2/4/2026,0.043307088,110,122,135
138,2/5/2026,0.003937008,71,95,82
138,2/6/2026,0.003937009,192,217,237
138,2/7/2026,0,451,636,629
138,2/8/2026,0,201,270,247
138,2/9/2026,0,67,57,77
138,2/10/2026,0,59,58,77
138,2/11/2026,0,110,100,135
138,2/12/2026,0,77,91,92
138,2/13/2026,0,383,266,296
138,2/14/2026,0,1006,1023,692
138,2/15/2026,1.035433054,447,374,393
138,2/16/2026,0.216535434,217,136,208
138,2/17/2026,0,65,66,82
138,2/18/2026,0,118,116,145
138,2/19/2026,0.011811025,89,80,110
138,2/20/2026,0.468503922,253,241,309
138,2/21/2026,0.090551183,825,854,783
138,2/22/2026,0.275590539,383,432,377
138,2/23/2026,0,67,77,77
138,2/24/2026,0,58,66,77
138,2/25/2026,0,115,132,145
138,2/26/2026,0.484252036,91,108,110
138,2/27/2026,0.031496067,253,308,296
138,2/28/2026,0,805,759,783
138,3/1/2026,0.003937008,297,360,348
138,3/2/2026,0.035433073,67,93,77
138,3/3/2026,0.031496067,59,85,77
138,3/4/2026,0,109,99,145
138,3/5/2026,0,71,106,110
140,2/4/2026,0.374015749,127,128,214
140,2/5/2026,0,98,118,135
140,2/6/2026,0,253,306,348
140,2/7/2026,0,645,1165,1041
140,2/8/2026,0,250,455,435
140,2/9/2026,0,100,59,110
140,2/10/2026,0,76,51,110
140,2/11/2026,0.216535434,149,84,214
140,2/12/2026,0,100,89,145
140,2/13/2026,0,547,359,461
140,2/14/2026,0.003937008,1561,1442,1217
140,2/15/2026,1.326771736,727,784,641
140,2/16/2026,0,253,510,393
140,2/17/2026,0,118,345,208
140,2/18/2026,0.019685039,250,467,325
140,2/19/2026,0.047244098,174,440,237
140,2/20/2026,0.389763772,373,686,435
140,2/21/2026,0.338582695,1561,1347,1320
140,2/22/2026,0,569,717,629
140,2/23/2026,0,110,117,127
140,2/24/2026,0,67,114,127
140,2/25/2026,0,155,193,239
140,2/26/2026,0.389763772,110,157,175
140,2/27/2026,1.240157604,348,460,435
140,2/28/2026,0.011811025,1379,1462,1320
140,3/1/2026,0,479,815,601
140,3/2/2026,0,106,153,127
140,3/3/2026,0,80,112,127
140,3/4/2026,0,161,156,237
140,3/5/2026,0.007874016,109,109,161
141,2/4/2026,0,195,137,214
141,2/5/2026,0,118,95,135
141,2/6/2026,0,341,257,377
141,2/7/2026,0,751,769,947
141,2/8/2026,0,385,439,435
141,2/9/2026,0,100,63,119
141,2/10/2026,0,110,90,119
141,2/11/2026,0,217,114,214
141,2/12/2026,0,118,97,145
141,2/13/2026,0,569,366,439
141,2/14/2026,0,1267,1239,1028
141,2/15/2026,0.22047244,825,779,641
141,2/16/2026,0.263779551,348,572,435
141,2/17/2026,0,110,310,194
141,2/18/2026,0,217,108,264
141,2/19/2026,0.181102365,120,78,195
141,2/20/2026,0.594488204,373,329,473
141,2/21/2026,0,1110,917,1165
141,2/22/2026,0.216535434,619,310,601
141,2/23/2026,0.011811022,89,171,135
141,2/24/2026,0,91,87,135
141,2/25/2026,0,224,155,239
141,2/26/2026,0.05905512,120,122,175
141,2/27/2026,0,383,395,435
141,2/28/2026,0,1110,928,1165
141,3/1/2026,0.003937008,521,577,601
141,3/2/2026,0,91,70,135
141,3/3/2026,0.192913413,100,91,151
141,3/4/2026,0.208661392,221,131,247
141,3/5/2026,0.003937008,110,130,175
142,2/4/2026,0.153543308,127,92,202
142,2/5/2026,0,91,75,127
142,2/6/2026,0,245,227,309
142,2/7/2026,0,481,682,759
142,2/8/2026,0,161,256,325
142,2/9/2026,0,100,93,110
142,2/10/2026,0,76,107,110
142,2/11/2026,0.082677171,155,168,208
142,2/12/2026,0,100,139,135
142,2/13/2026,0.003937008,451,367,393
142,2/14/2026,0.2401575,1350,954,814
142,2/15/2026,0.606299222,547,555,505
142,2/16/2026,0,217,253,309
142,2/17/2026,0,65,75,135
142,2/18/2026,0.015748031,161,131,221
142,2/19/2026,0.007874016,95,106,161
142,2/20/2026,0.106299199,290,269,393
142,2/21/2026,0.023622049,1110,878,947
142,2/22/2026,0,383,415,435
142,2/23/2026,0,96,73,110
142,2/24/2026,0,59,95,110
142,2/25/2026,0,167,134,214
142,2/26/2026,0,96,82,145
142,2/27/2026,0,297,312,377
142,2/28/2026,0,1006,707,921
142,3/1/2026,0,341,476,418
142,3/2/2026,0,110,56,110
142,3/3/2026,0.023622049,71,74,110
142,3/4/2026,0.169291347,161,197,214
142,3/5/2026,0.047244102,91,59,145
143,2/4/2026,0,127,142,208
143,2/5/2026,0,106,87,135
143,2/6/2026,0,259,265,325
143,2/7/2026,0.003937008,619,618,947
143,2/8/2026,0,332,460,435
143,2/9/2026,0,89,135,119
143,2/10/2026,0,100,73,119
143,2/11/2026,0.003937008,138,111,214
143,2/12/2026,0,109,89,145
143,2/13/2026,0,547,254,435
143,2/14/2026,0,1350,1207,1044
143,2/15/2026,0,825,889,674
143,2/16/2026,0,479,778,461
143,2/17/2026,0,224,499,247
143,2/18/2026,0.086614177,385,657,348
143,2/19/2026,0,224,705,221
143,2/20/2026,0.007874016,447,562,435
143,2/21/2026,0.035433076,1267,1037,1217
143,2/22/2026,0,696,541,629
143,2/23/2026,0,149,1,135
143,2/24/2026,0,138,267,135
143,2/25/2026,0.003937008,217,135,227
143,2/26/2026,0,149,165,161
143,2/27/2026,0,383,324,413
143,2/28/2026,0,1209,1111,1167
143,3/1/2026,0,547,613,629
143,3/2/2026,0,95,99,135
143,3/3/2026,0.011811022,96,64,135
143,3/4/2026,0.326771677,155,146,241
143,3/5/2026,0.003937008,109,86,161
144,2/4/2026,0.177165344,91,68,145
144,2/5/2026,0,71,77,82
144,2/6/2026,0,192,198,262
144,2/7/2026,0,479,636,629
144,2/8/2026,0,127,217,262
144,2/9/2026,0,89,22,77
144,2/10/2026,0,59,58,77
144,2/11/2026,0.318897665,106,88,158
144,2/12/2026,0,89,81,101
144,2/13/2026,0,403,354,347
144,2/14/2026,0,1110,1115,690
144,2/15/2026,0.751968443,447,522,407
144,2/16/2026,0,167,248,208
144,2/17/2026,0,58,57,101
144,2/18/2026,0,106,70,161
144,2/19/2026,0.118110232,89,93,127
144,2/20/2026,0.078740157,250,257,347
144,2/21/2026,0.484251946,1006,757,783
144,2/22/2026,0,297,321,377
144,2/23/2026,0,81,46,82
144,2/24/2026,0,58,56,82
144,2/25/2026,0,106,70,158
144,2/26/2026,0.51968503,91,88,110
144,2/27/2026,0.2401575,270,234,348
144,2/28/2026,0,929,774,778
144,3/1/2026,0,245,335,377
144,3/2/2026,0.003937008,89,51,82
144,3/3/2026,0,58,65,82
144,3/4/2026,0,100,70,158
144,3/5/2026,0.019685039,81,62,110
145,2/4/2026,0,91,100,135
145,2/5/2026,0,67,76,82
145,2/6/2026,0,192,196,227
145,2/7/2026,0,451,593,629
145,2/8/2026,0,118,184,214
145,2/9/2026,0,76,65,82
145,2/10/2026,0,67,49,82
145,2/11/2026,0,110,86,145
145,2/12/2026,0,77,146,110
145,2/13/2026,0.011811025,348,313,296
145,2/14/2026,0.696850419,1234,876,761
145,2/15/2026,0.007874016,431,421,348
145,2/16/2026,0,155,162,194
145,2/17/2026,0,71,68,107
145,2/18/2026,0,120,92,175
145,2/19/2026,0,80,62,135
145,2/20/2026,0,253,253,310
145,2/21/2026,0,896,842,795
145,2/22/2026,0,348,422,348
145,2/23/2026,0,77,68,82
145,2/24/2026,0,59,69,82
145,2/25/2026,0,118,109,158
145,2/26/2026,0.031496063,80,109,110
145,2/27/2026,0,270,283,296
145,2/28/2026,0.212598428,852,774,783
145,3/1/2026,0.779527605,326,412,330
145,3/2/2026,0,71,54,82
145,3/3/2026,0,59,48,82
145,3/4/2026,0.007874016,100,116,158
145,3/5/2026,0,71,72,110
146,2/4/2026,0,192,175,194
146,2/5/2026,0,127,105,110
146,2/6/2026,0,332,239,319
146,2/7/2026,0.007874017,727,918,947
146,2/8/2026,0,245,286,319
146,2/9/2026,0,91,142,110
146,2/10/2026,0,110,80,110
146,2/11/2026,0,221,173,208
146,2/12/2026,0,127,143,127
146,2/13/2026,0,590,558,413
146,2/14/2026,0,1350,1290,1028
146,2/15/2026,0.035433073,590,606,534
146,2/16/2026,0,217,369,325
146,2/17/2026,0,106,88,151
146,2/18/2026,0.169291347,221,127,239
146,2/19/2026,0.007874016,149,118,175
146,2/20/2026,0.665354371,399,338,409
146,2/21/2026,0,1234,1121,1167
146,2/22/2026,0.003937008,451,534,473
146,2/23/2026,0,77,107,110
146,2/24/2026,0,91,137,110
146,2/25/2026,0,224,193,214
146,2/26/2026,0,128,194,145
146,2/27/2026,0,415,415,407
146,2/28/2026,0,1110,1099,1167
146,3/1/2026,0,403,623,439
146,3/2/2026,0,71,82,110
146,3/3/2026,0.385826796,98,122,117
146,3/4/2026,0.094488196,221,196,214
146,3/5/2026,0.877952814,127,113,151
147,2/4/2026,0,155,178,221
147,2/5/2026,0,110,104,135
147,2/6/2026,0,297,281,330
147,2/7/2026,0,776,714,846
147,2/8/2026,0,245,369,348
147,2/9/2026,0,81,89,110
147,2/10/2026,0,91,129,110
147,2/11/2026,0,161,175,239
147,2/12/2026,0,110,126,145
147,2/13/2026,0,555,269,409
147,2/14/2026,0,1267,1137,974
147,2/15/2026,0,663,815,595
147,2/16/2026,0,259,315,377
147,2/17/2026,0,128,141,194
147,2/18/2026,0,281,267,309
147,2/19/2026,0,174,237,195
147,2/20/2026,0,447,205,418
147,2/21/2026,0,1234,840,1102
147,2/22/2026,0,611,595,534
147,2/23/2026,0,127,114,135
147,2/24/2026,0,127,711,135
147,2/25/2026,0,250,848,262
147,2/26/2026,0,167,901,175
147,2/27/2026,0,451,957,409
147,2/28/2026,0,1110,1137,1068
147,3/1/2026,0,521,685,513
147,3/2/2026,0,96,125,135
147,3/3/2026,0,96,51,135
147,3/4/2026,0.027559057,174,182,247
147,3/5/2026,0,128,118,161
148,2/4/2026,0,182,147,214
148,2/5/2026,0,155,110,145
148,2/6/2026,0,323,277,330
148,2/7/2026,0,725,653,783
148,2/8/2026,0,348,308,413
148,2/9/2026,0,149,207,127
148,2/10/2026,0.062992126,110,107,135
148,2/11/2026,1.460630178,174,199,239
148,2/12/2026,0.043307088,167,159,158
148,2/13/2026,0,547,361,409
148,2/14/2026,0,1267,1020,879
148,2/15/2026,0,727,761,629
148,2/16/2026,1.279527545,383,595,348
148,2/17/2026,0.681102335,118,125,179
148,2/18/2026,0.279527545,209,194,264
148,2/19/2026,0.433070898,201,235,194
148,2/20/2026,0,348,356,407
148,2/21/2026,0,1110,809,1028
148,2/22/2026,0,590,545,601
148,2/23/2026,0,149,133,135
148,2/24/2026,0.007874016,106,132,135
148,2/25/2026,0.011811025,174,189,244
148,2/26/2026,0,161,174,175
148,2/27/2026,0,363,356,407
148,2/28/2026,0,1006,675,1009
148,3/1/2026,0,515,553,578
148,3/2/2026,0,138,140,135
148,3/3/2026,0,96,114,135
148,3/4/2026,0,161,179,239
148,3/5/2026,0,149,123,175
150,2/4/2026,0,127,117,194
150,2/5/2026,0,106,88,110
150,2/6/2026,0,281,271,309
150,2/7/2026,0.448818892,685,729,690
150,2/8/2026,0.165354326,272,207,330
150,2/9/2026,0.177165359,71,67,110
150,2/10/2026,0,77,72,110
150,2/11/2026,0,148,150,208
150,2/12/2026,0,109,118,127
150,2/13/2026,0.110236228,479,335,393
150,2/14/2026,0.314960629,1110,782,772
150,2/15/2026,0,611,478,473
150,2/16/2026,0.019685039,259,370,348
150,2/17/2026,0.007874016,118,172,161
150,2/18/2026,0.031496063,201,256,239
150,2/19/2026,0.031496063,167,161,175
150,2/20/2026,0,331,402,393
150,2/21/2026,0.122047253,896,785,810
150,2/22/2026,0.271653563,447,427,447
150,2/23/2026,0.700787544,77,105,110
150,2/24/2026,0,81,83,110
150,2/25/2026,0,149,105,214
150,2/26/2026,0,110,125,145
150,2/27/2026,0.059055127,348,305,393
150,2/28/2026,0,825,638,810
150,3/1/2026,0,348,501,418
150,3/2/2026,0,67,95,110
150,3/3/2026,0.047244098,71,86,110
150,3/4/2026,1.035433173,128,153,214
150,3/5/2026,0.263779491,109,177,145
151,2/4/2026,0,161,185,221
151,2/5/2026,0,138,121,135
151,2/6/2026,0,348,388,348
151,2/7/2026,0,805,794,974
151,2/8/2026,0,332,391,413
151,2/9/2026,0,89,122,127
151,2/10/2026,0,120,86,127
151,2/11/2026,0.11023622,196,207,247
151,2/12/2026,0,155,187,151
151,2/13/2026,0,619,549,464
151,2/14/2026,0,1475,1351,1068
151,2/15/2026,0.031496063,686,908,674
151,2/16/2026,0.114173219,383,610,461
151,2/17/2026,0,138,149,208
151,2/18/2026,0.015748031,196,176,309
151,2/19/2026,0.035433069,155,151,194
151,2/20/2026,0.649606287,447,486,505
151,2/21/2026,0,1267,1066,1272
151,2/22/2026,0.149606302,569,244,629
151,2/23/2026,0.003937008,71,63,135
151,2/24/2026,0,96,218,135
151,2/25/2026,0,196,247,262
151,2/26/2026,0.011811025,138,207,175
151,2/27/2026,0,447,480,439
151,2/28/2026,0,1196,1112,1268
151,3/1/2026,0,515,821,601
151,3/2/2026,0,67,134,135
151,3/3/2026,0.169291332,110,136,151
151,3/4/2026,0.106299199,196,212,264
151,3/5/2026,0.125984251,138,212,179
152,2/4/2026,0,96,77,135
152,2/5/2026,0,81,75,82
152,2/6/2026,0,168,97,208
152,2/7/2026,0,348,321,413
152,2/8/2026,0,224,151,214
152,2/9/2026,0,71,58,77
152,2/10/2026,0.015748031,71,65,77
152,2/11/2026,0.972440839,118,84,135
152,2/12/2026,0.059055123,81,3,82
152,2/13/2026,0,242,,239
152,2/14/2026,0.007874016,669,107,461
152,2/15/2026,0.22047244,451,401,309
152,2/16/2026,1.535433054,283,304,208
152,2/17/2026,0.53937006,106,124,101
152,2/18/2026,0.125984251,149,221,158
152,2/19/2026,0.610236168,110,197,110
152,2/20/2026,0,192,230,247
152,2/21/2026,0,479,376,534
152,2/22/2026,0,348,295,309
152,2/23/2026,0,71,49,77
152,2/24/2026,0.027559057,65,92,77
152,2/25/2026,0.409448862,120,101,145
152,2/26/2026,0,81,95,110
152,2/27/2026,0,182,147,239
152,2/28/2026,0,451,325,534
152,3/1/2026,0,297,242,296
152,3/2/2026,0.023622049,76,30,77
152,3/3/2026,0,67,82,77
152,3/4/2026,0,109,89,145
152,3/5/2026,0,77,84,110
153,2/4/2026,0,253,269,282
153,2/5/2026,0,201,198,194
153,2/6/2026,0,481,481,473
153,2/7/2026,0,929,921,974
153,2/8/2026,0,479,336,557
153,2/9/2026,0,155,181,175
153,2/10/2026,0.039370079,149,126,175
153,2/11/2026,0.409448922,281,228,309
153,2/12/2026,0.003937008,217,187,214
153,2/13/2026,0,696,465,534
153,2/14/2026,0,1350,1256,1068
153,2/15/2026,0.031496067,1110,989,810
153,2/16/2026,0.956692874,451,634,557
153,2/17/2026,0.429133952,138,4,237
153,2/18/2026,0.216535434,332,12,348
153,2/19/2026,0.255905539,221,289,247
153,2/20/2026,0,515,533,534
153,2/21/2026,0,1267,897,1167
153,2/22/2026,0,825,799,674
153,2/23/2026,0,149,140,175
153,2/24/2026,0,127,167,175
153,2/25/2026,0,287,265,319
153,2/26/2026,0,201,205,214
153,2/27/2026,0,569,489,534
153,2/28/2026,0,1185,1037,1165
153,3/1/2026,0,719,718,674
153,3/2/2026,0,149,144,175
153,3/3/2026,0,120,59,175
153,3/4/2026,0,270,219,309
153,3/5/2026,0,192,151,214
156,2/4/2026,0,155,110,194
156,2/5/2026,0,106,116,110
156,2/6/2026,0,253,297,287
156,2/7/2026,0,569,942,864
156,2/8/2026,0,224,329,319
156,2/9/2026,0,110,63,110
156,2/10/2026,0,81,82,110
156,2/11/2026,0,164,134,208
156,2/12/2026,0,127,127,127
156,2/13/2026,0,515,342,377
156,2/14/2026,0.003937008,1267,1278,974
156,2/15/2026,0.681102335,547,675,513
156,2/16/2026,0,242,304,325
156,2/17/2026,0,81,109,145
156,2/18/2026,0.039370079,161,94,237
156,2/19/2026,0.122047246,127,122,175
156,2/20/2026,0.44094488,348,319,377
156,2/21/2026,0,1234,1038,1068
156,2/22/2026,0,479,639,461
156,2/23/2026,0,106,111,110
156,2/24/2026,0,71,83,110
156,2/25/2026,0.003937008,168,192,214
156,2/26/2026,0,127,148,145
156,2/27/2026,0,363,324,348
156,2/28/2026,0,1110,940,1068
156,3/1/2026,0,385,580,435
156,3/2/2026,0.023622053,110,83,110
156,3/3/2026,1.055118084,77,167,119
156,3/4/2026,1.381889582,155,160,214
156,3/5/2026,0.838582754,127,179,145
157,2/4/2026,0,168,127,237
157,2/5/2026,0,148,88,158
157,2/6/2026,0,383,307,409
157,2/7/2026,0,893,759,974
157,2/8/2026,0,415,335,534
157,2/9/2026,0,149,103,135
157,2/10/2026,0.015748031,110,111,135
157,2/11/2026,0.448818922,167,144,262
157,2/12/2026,0.062992126,128,152,175
157,2/13/2026,0,619,485,473
157,2/14/2026,0,1350,1182,1068
157,2/15/2026,0.677165329,1006,970,810
157,2/16/2026,1.740157485,512,763,534
157,2/17/2026,0.685039282,149,178,239
157,2/18/2026,0.161417305,192,209,325
157,2/19/2026,0.492125988,155,213,214
157,2/20/2026,0,363,389,473
157,2/21/2026,0,1183,923,1167
157,2/22/2026,0,685,531,641
157,2/23/2026,0,138,96,145
157,2/24/2026,0.019685039,91,87,145
157,2/25/2026,0.074803151,164,162,264
157,2/26/2026,0,120,144,179
157,2/27/2026,0,399,337,464
157,2/28/2026,0,1050,867,1165
157,3/1/2026,0,645,698,641
157,3/2/2026,0.019685039,149,89,145
157,3/3/2026,0,106,76,145
157,3/4/2026,0,161,140,262
157,3/5/2026,0,127,133,179
158,2/4/2026,0,242,188,296
158,2/5/2026,0,182,161,192
158,2/6/2026,0,521,401,473
158,2/7/2026,0.484251976,1183,1071,1167
158,2/8/2026,0.125984251,444,346,578
158,2/9/2026,0.019685039,127,154,175
158,2/10/2026,0,127,135,175
158,2/11/2026,0,259,247,319
158,2/12/2026,0,192,196,214
158,2/13/2026,0.11811024,776,525,601
158,2/14/2026,0.307086617,1562,1494,1320
158,2/15/2026,0,1006,960,814
158,2/16/2026,0.051181108,341,650,595
158,2/17/2026,0.039370079,149,328,239
158,2/18/2026,0.031496063,332,502,377
158,2/19/2026,0.007874016,217,374,262
158,2/20/2026,0,564,599,601
158,2/21/2026,0.094488181,1561,1153,1430
158,2/22/2026,0.216535434,852,749,692
158,2/23/2026,0.488189012,127,183,179
158,2/24/2026,0,127,169,175
158,2/25/2026,0,290,281,325
158,2/26/2026,0,196,211,214
158,2/27/2026,0,590,458,534
158,2/28/2026,0,1350,1136,1320
158,3/1/2026,0,669,738,690
158,3/2/2026,0,118,153,175
158,3/3/2026,0.039370079,118,150,175
158,3/4/2026,0.641732335,287,358,319
158,3/5/2026,0.173228353,196,265,214
159,2/4/2026,0.271653533,155,159,214
159,2/5/2026,0.007874016,110,108,127
159,2/6/2026,0,253,251,330
159,2/7/2026,0,645,980,879
159,2/8/2026,0,217,369,348
159,2/9/2026,0,110,89,110
159,2/10/2026,0,91,81,110
159,2/11/2026,0.36220476,168,162,214
159,2/12/2026,0,127,115,135
159,2/13/2026,0,481,405,409
159,2/14/2026,0,1350,1277,974
159,2/15/2026,0.799212635,645,716,557
159,2/16/2026,0,242,319,348
159,2/17/2026,0,96,102,161
159,2/18/2026,0,174,173,247
159,2/19/2026,0.20078738,149,154,194
159,2/20/2026,0.043307088,321,339,407
159,2/21/2026,0.590551198,1267,948,1102
159,2/22/2026,0.015748031,451,591,473
159,2/23/2026,0,110,138,110
159,2/24/2026,0,80,93,110
159,2/25/2026,0.023622049,168,190,221
159,2/26/2026,0.850393832,138,222,161
159,2/27/2026,0.051181108,341,308,403
159,2/28/2026,0,1110,929,1068
159,3/1/2026,0,385,505,464
159,3/2/2026,0.015748031,110,117,110
159,3/3/2026,0,89,136,110
159,3/4/2026,0,164,175,214
159,3/5/2026,0,120,106,145
160,2/4/2026,0,155,197,194
160,2/5/2026,0,149,107,118
160,2/6/2026,0,290,222,319
160,2/7/2026,0,696,879,923
160,2/8/2026,0,302,339,377
160,2/9/2026,0,95,64,110
160,2/10/2026,0,106,82,110
160,2/11/2026,0.011811025,174,122,208
160,2/12/2026,0,155,148,135
160,2/13/2026,0,569,463,413
160,2/14/2026,0,1267,1244,1028
160,2/15/2026,0.007874016,619,772,629
160,2/16/2026,0,270,458,348
160,2/17/2026,0,120,148,158
160,2/18/2026,0.070866138,192,171,239
160,2/19/2026,0.114173219,174,152,175
160,2/20/2026,0.259842515,373,327,413
160,2/21/2026,0,1234,965,1167
160,2/22/2026,0.05905512,521,193,557
160,2/23/2026,0,93,173,110
160,2/24/2026,0,91,133,110
160,2/25/2026,0,182,202,214
160,2/26/2026,0,155,160,145
160,2/27/2026,0,403,366,403
160,2/28/2026,0,1110,951,1167
160,3/1/2026,0,447,688,534
160,3/2/2026,0,91,135,110
160,3/3/2026,0.133858278,95,169,135
160,3/4/2026,0.145669281,174,209,237
160,3/5/2026,0.511811078,167,158,161
161,2/4/2026,0,149,107,161
161,2/5/2026,0,100,96,110
161,2/6/2026,0,270,263,262
161,2/7/2026,0,611,660,641
161,2/8/2026,0,221,180,262
161,2/9/2026,0,65,81,82
161,2/10/2026,0,67,55,82
161,2/11/2026,0,138,115,175
161,2/12/2026,0,91,79,110
161,2/13/2026,0,416,333,348
161,2/14/2026,0,1011,947,759
161,2/15/2026,0,424,410,409
161,2/16/2026,0.098425195,164,123,262
161,2/17/2026,0,67,73,127
161,2/18/2026,0.523622036,149,115,194
161,2/19/2026,0.035433073,109,132,135
161,2/20/2026,0.425196916,297,320,348
161,2/21/2026,0,896,788,814
161,2/22/2026,0,385,416,403
161,2/23/2026,0,71,94,110
161,2/24/2026,0,71,65,110
161,2/25/2026,0,155,154,186
161,2/26/2026,0,110,116,127
161,2/27/2026,0,297,368,330
161,2/28/2026,0,852,864,810
161,3/1/2026,0,332,449,377
161,3/2/2026,0,67,128,110
161,3/3/2026,0,71,78,110
161,3/4/2026,0,138,125,186
161,3/5/2026,0.031496063,109,133,127
162,2/4/2026,0,89,53,127
162,2/5/2026,0,71,59,82
162,2/6/2026,0,174,192,208
162,2/7/2026,0,481,543,534
162,2/8/2026,0,148,132,214
162,2/9/2026,0,71,40,57
162,2/10/2026,0,58,33,57
162,2/11/2026,0,93,67,127
162,2/12/2026,0,71,53,82
162,2/13/2026,0,281,301,244
162,2/14/2026,0.003937008,896,682,601
162,2/15/2026,0,297,265,319
162,2/16/2026,0,168,137,175
162,2/17/2026,0,71,48,81
162,2/18/2026,0.0511811,120,76,135
162,2/19/2026,0,81,96,110
162,2/20/2026,0,209,187,247
162,2/21/2026,0,719,471,674
162,2/22/2026,0,253,276,309
162,2/23/2026,0,76,45,64
162,2/24/2026,0,58,63,64
162,2/25/2026,0,106,103,135
162,2/26/2026,0,77,110,99
162,2/27/2026,0,217,234,244
162,2/28/2026,0,715,580,646
162,3/1/2026,0,201,338,296
162,3/2/2026,0,71,73,64
162,3/3/2026,0.082677163,58,62,64
162,3/4/2026,0,91,96,127
162,3/5/2026,0,71,99,92
163,2/4/2026,0,138,163,244
163,2/5/2026,0,155,135,175
163,2/6/2026,0,259,157,319
163,2/7/2026,0,512,506,772
163,2/8/2026,0,321,281,413
163,2/9/2026,0,127,101,135
163,2/10/2026,0,118,81,135
163,2/11/2026,0.003937008,174,138,262
163,2/12/2026,0,174,86,179
163,2/13/2026,0,521,286,413
163,2/14/2026,0,1050,905,864
163,2/15/2026,0,727,699,641
163,2/16/2026,0,447,576,464
163,2/17/2026,0,217,446,262
163,2/18/2026,0.055118114,348,622,348
163,2/19/2026,0.031496063,259,508,262
163,2/20/2026,0.326771706,383,541,435
163,2/21/2026,0,1006,833,1005
163,2/22/2026,0.074803151,611,149,629
163,2/23/2026,0,164,4,161
163,2/24/2026,0,155,113,161
163,2/25/2026,0,281,154,264
163,2/26/2026,0.031496063,201,159,194
163,2/27/2026,0,385,413,409
163,2/28/2026,0,896,1016,974
163,3/1/2026,0.003937008,532,586,601
163,3/2/2026,0,128,140,161
163,3/3/2026,0.145669296,128,170,161
163,3/4/2026,0.232283458,217,359,264
163,3/5/2026,0.523622036,168,190,202
164,2/4/2026,0,127,120,161
164,2/5/2026,0,106,92,110
164,2/6/2026,0,201,178,214
164,2/7/2026,0,447,424,473
164,2/8/2026,0,242,192,239
164,2/9/2026,0,89,156,92
164,2/10/2026,0.011811025,89,52,92
164,2/11/2026,0.094488174,127,83,175
164,2/12/2026,0,110,92,110
164,2/13/2026,0,348,222,247
164,2/14/2026,0,825,564,534
164,2/15/2026,0,447,406,348
164,2/16/2026,0.472440958,224,241,247
164,2/17/2026,0.106299207,89,86,127
164,2/18/2026,1.066929221,155,110,186
164,2/19/2026,0.531496048,127,98,135
164,2/20/2026,0.208661422,250,222,262
164,2/21/2026,0,569,474,629
164,2/22/2026,0,348,333,348
164,2/23/2026,0,89,87,99
164,2/24/2026,0,80,93,99
164,2/25/2026,0,138,134,175
164,2/26/2026,0.003937008,110,125,127
164,2/27/2026,0,242,219,247
164,2/28/2026,0,547,424,629
164,3/1/2026,0,320,360,347
164,3/2/2026,0.003937008,89,71,99
164,3/3/2026,0,81,84,99
164,3/4/2026,0,127,124,175
164,3/5/2026,0,109,85,127
165,2/4/2026,0,161,128,208
165,2/5/2026,0.173228353,127,128,127
165,2/6/2026,0,283,263,287
165,2/7/2026,0,696,709,692
165,2/8/2026,0,224,272,309
165,2/9/2026,0,110,89,110
165,2/10/2026,0,89,86,110
165,2/11/2026,0,167,145,214
165,2/12/2026,0.007874016,127,123,135
165,2/13/2026,0,448,289,348
165,2/14/2026,0,1267,867,759
165,2/15/2026,0.094488181,521,462,461
165,2/16/2026,0.035433076,209,283,309
165,2/17/2026,0,89,117,135
165,2/18/2026,0.007874016,174,92,227
165,2/19/2026,0.003937008,138,192,161
165,2/20/2026,0,297,290,348
165,2/21/2026,0,1011,722,846
165,2/22/2026,0.043307088,385,455,413
165,2/23/2026,0,110,123,110
165,2/24/2026,0,80,123,110
165,2/25/2026,0,174,177,227
165,2/26/2026,0,127,159,145
165,2/27/2026,0.42125985,331,302,348
165,2/28/2026,0.007874016,1006,854,814
165,3/1/2026,0,332,381,413
165,3/2/2026,0,110,92,110
165,3/3/2026,0,80,84,110
165,3/4/2026,0,167,177,221
165,3/5/2026,0,127,122,145
166,2/4/2026,0,148,126,208
166,2/5/2026,0,149,100,135
166,2/6/2026,0,290,290,287
166,2/7/2026,0,547,600,674
166,2/8/2026,0,283,285,347
166,2/9/2026,0,127,85,119
166,2/10/2026,0,110,92,119
166,2/11/2026,0.003937008,168,142,214
166,2/12/2026,0,155,196,145
166,2/13/2026,0,521,366,377
166,2/14/2026,0,929,800,722
166,2/15/2026,0,645,532,505
166,2/16/2026,0,348,319,348
166,2/17/2026,0,168,297,186
166,2/18/2026,0.055118114,348,418,264
166,2/19/2026,0.031496063,253,403,208
166,2/20/2026,0.326771706,403,503,377
166,2/21/2026,0,825,844,810
166,2/22/2026,0.074803151,547,206,464
166,2/23/2026,0,167,,127
166,2/24/2026,0,148,157,127
166,2/25/2026,0,253,139,227
166,2/26/2026,0.031496063,167,170,161
166,2/27/2026,0,383,322,348
166,2/28/2026,0,776,835,783
166,3/1/2026,0.003937008,451,498,461
166,3/2/2026,0,127,141,127
166,3/3/2026,0.145669296,106,76,135
166,3/4/2026,0.232283458,201,198,237
166,3/5/2026,0.523622036,149,163,175
167,2/4/2026,0.633858263,224,221,330
167,2/5/2026,0.019685039,174,166,208
167,2/6/2026,0.011811025,348,308,413
167,2/7/2026,0.039370079,663,595,947
167,2/8/2026,0.314960599,481,559,641
167,2/9/2026,0.106299207,174,145,194
167,2/10/2026,0.035433073,138,108,192
167,2/11/2026,0.007874016,217,157,348
167,2/12/2026,0.208661422,192,142,239
167,2/13/2026,0.047244098,547,378,473
167,2/14/2026,0.295275599,1183,873,1102
167,2/15/2026,0.468503922,896,874,929
167,2/16/2026,0.066929139,481,393,557
167,2/17/2026,0,110,111,221
167,2/18/2026,0.003937008,201,161,348
167,2/19/2026,0,174,145,247
167,2/20/2026,0,348,294,494
167,2/21/2026,0.003937008,929,731,1165
167,2/22/2026,0.003937008,727,618,734
167,2/23/2026,0,174,140,194
167,2/24/2026,0.023622049,120,122,194
167,2/25/2026,0.007874016,217,218,348
167,2/26/2026,0.023622049,192,199,237
167,2/27/2026,0.066929139,403,367,473
167,2/28/2026,0.003937008,896,822,1102
167,3/1/2026,0.003937008,669,749,734
167,3/2/2026,0.035433073,201,242,194
167,3/3/2026,0,138,137,194
167,3/4/2026,0.12204726,201,174,348
167,3/5/2026,0.086614177,192,143,239
168,2/4/2026,0.437007844,109,145,194
168,2/5/2026,0.393700868,96,104,127
168,2/6/2026,0,221,253,282
168,2/7/2026,0,481,786,777
168,2/8/2026,0,149,303,287
168,2/9/2026,0,91,80,101
168,2/10/2026,0,77,53,101
168,2/11/2026,0.16141732,120,118,194
168,2/12/2026,0,110,167,119
168,2/13/2026,0,447,367,348
168,2/14/2026,0,1110,964,810
168,2/15/2026,0.748031557,481,540,461
168,2/16/2026,0.019685039,217,306,319
168,2/17/2026,0,89,77,135
168,2/18/2026,0.003937008,138,138,208
168,2/19/2026,0.003937008,118,116,145
168,2/20/2026,0.070866138,287,343,348
168,2/21/2026,0.606299222,1006,926,974
168,2/22/2026,0.007874016,348,421,413
168,2/23/2026,0,89,82,110
168,2/24/2026,0,67,115,110
168,2/25/2026,0,127,128,202
168,2/26/2026,0.263779521,115,142,145
168,2/27/2026,1.141732335,290,347,348
168,2/28/2026,0.007874016,896,941,947
168,3/1/2026,0,297,479,409
168,3/2/2026,0,89,72,110
168,3/3/2026,0,71,96,110
168,3/4/2026,0,118,182,202
168,3/5/2026,0.003937008,106,134,135
169,2/4/2026,0.114173234,174,108,208
169,2/5/2026,0.023622049,106,105,119
169,2/6/2026,0.003937008,242,303,319
169,2/7/2026,0,611,896,917
169,2/8/2026,0,250,233,348
169,2/9/2026,0,100,78,110
169,2/10/2026,0,106,68,110
169,2/11/2026,0.007874016,182,145,214
169,2/12/2026,0,110,114,127
169,2/13/2026,0,512,368,407
169,2/14/2026,0,1350,1164,1028
169,2/15/2026,0.696850419,727,682,557
169,2/16/2026,0.303149611,283,214,393
169,2/17/2026,0,106,134,175
169,2/18/2026,0,174,126,262
169,2/19/2026,0.062992133,110,125,175
169,2/20/2026,0.177165359,331,326,407
169,2/21/2026,0.11023622,1234,948,1165
169,2/22/2026,0.350393742,481,495,505
169,2/23/2026,0,91,92,110
169,2/24/2026,0,89,123,110
169,2/25/2026,0,182,193,221
169,2/26/2026,1.01968503,120,149,151
169,2/27/2026,0.098425195,348,435,403
169,2/28/2026,0,1110,937,1109
169,3/1/2026,0,403,460,461
169,3/2/2026,0.015748031,96,103,110
169,3/3/2026,0.015748031,95,227,110
169,3/4/2026,0,174,138,214
169,3/5/2026,0,106,180,145
170,2/4/2026,0,96,63,175
170,2/5/2026,0,89,60,110
170,2/6/2026,0,192,189,276
170,2/7/2026,0,515,469,629
170,2/8/2026,0.015748031,168,163,264
170,2/9/2026,0,106,63,101
170,2/10/2026,0,106,52,101
170,2/11/2026,0,118,119,179
170,2/12/2026,0,100,133,127
170,2/13/2026,0,383,295,348
170,2/14/2026,0.688976407,1179,889,777
170,2/15/2026,0,348,388,439
170,2/16/2026,0,182,184,287
170,2/17/2026,0,89,57,135
170,2/18/2026,0,120,82,194
170,2/19/2026,0,91,88,145
170,2/20/2026,0,259,263,348
170,2/21/2026,0,852,755,810
170,2/22/2026,0,283,422,409
170,2/23/2026,0,91,84,110
170,2/24/2026,0,89,77,110
170,2/25/2026,0,118,133,194
170,2/26/2026,0,96,124,135
170,2/27/2026,0,281,238,348
170,2/28/2026,0,852,790,783
170,3/1/2026,0,242,342,407
170,3/2/2026,0,96,94,110
170,3/3/2026,0,91,65,110
170,3/4/2026,0,118,117,194
170,3/5/2026,0.011811025,96,82,135
177,2/4/2026,0,127,74,175
177,2/5/2026,0,91,57,110
177,2/6/2026,0,253,212,309
177,2/7/2026,0,645,693,772
177,2/8/2026,0,192,172,319
177,2/9/2026,0,71,49,101
177,2/10/2026,0,77,65,101
177,2/11/2026,0,127,105,179
177,2/12/2026,0,91,54,110
177,2/13/2026,0,479,314,403
177,2/14/2026,0,1234,901,846
177,2/15/2026,0,415,325,534
177,2/16/2026,0,196,134,296
177,2/17/2026,0,81,36,135
177,2/18/2026,0,149,68,195
177,2/19/2026,0,100,161,145
177,2/20/2026,0,297,321,393
177,2/21/2026,0,935,829,974
177,2/22/2026,0,348,304,461
177,2/23/2026,0,71,71,110
177,2/24/2026,0,67,65,110
177,2/25/2026,0,138,140,194
177,2/26/2026,0,96,166,135
177,2/27/2026,0,331,344,393
177,2/28/2026,0,929,806,974
177,3/1/2026,0,290,428,435
177,3/2/2026,0,71,57,110
177,3/3/2026,0.188976347,89,62,110
177,3/4/2026,0.003937008,127,86,194
177,3/5/2026,0.003937008,93,104,135
179,2/4/2026,0,100,75,135
179,2/5/2026,0,71,28,82
179,2/6/2026,0.003937008,155,149,194
179,2/7/2026,0,321,256,377
179,2/8/2026,0,127,115,194
179,2/9/2026,0,65,41,64
179,2/10/2026,0,67,44,64
179,2/11/2026,0,120,69,135
179,2/12/2026,0,79,42,82
179,2/13/2026,0.015748031,250,181,214
179,2/14/2026,0,547,341,409
179,2/15/2026,0,270,244,264
179,2/16/2026,0,174,217,179
179,2/17/2026,0.224409431,77,19,82
179,2/18/2026,0.003937008,127,84,151
179,2/19/2026,0,81,71,110
179,2/20/2026,0.035433073,182,165,226
179,2/21/2026,0,415,285,473
179,2/22/2026,0,201,142,262
179,2/23/2026,0,65,51,74
179,2/24/2026,0,59,55,74
179,2/25/2026,0,127,82,145
179,2/26/2026,0,81,55,107
179,2/27/2026,0,174,159,214
179,2/28/2026,0,403,254,473
179,3/1/2026,0,174,251,247
179,3/2/2026,0,59,49,74
179,3/3/2026,0,59,41,74
179,3/4/2026,0,118,63,145
179,3/5/2026,0,71,79,101
189,2/4/2026,0.082677171,242,283,175
189,2/5/2026,0.192913368,149,236,113
189,2/6/2026,0,383,424,309
189,2/7/2026,0,825,1226,772
189,2/8/2026,0,348,432,319
189,2/9/2026,0,192,473,101
189,2/10/2026,0,120,202,101
189,2/11/2026,0.137795284,250,251,193
189,2/12/2026,0.043307088,161,242,110
189,2/13/2026,0,628,677,403
189,2/14/2026,0,1267,1193,846
189,2/15/2026,0.551181138,929,1078,534
189,2/16/2026,0.114173234,447,726,309
189,2/17/2026,0,138,219,135
189,2/18/2026,0.003937008,337,280,195
189,2/19/2026,0.027559057,167,240,145
189,2/20/2026,0,479,369,393
189,2/21/2026,0.035433073,1234,1275,974
189,2/22/2026,0.377952784,893,817,464
189,2/23/2026,0,221,204,110
189,2/24/2026,0,110,182,110
189,2/25/2026,0,321,330,194
189,2/26/2026,0,164,199,135
189,2/27/2026,1.051180959,547,481,403
189,2/28/2026,0.039370079,1110,907,974
189,3/1/2026,0,663,675,435
189,3/2/2026,0.015748031,224,209,110
189,3/3/2026,0.003937008,118,136,110
189,3/4/2026,0.007874016,297,275,194
189,3/5/2026,0.062992126,168,170,135
