Loc Number,Date,Precipitation,Predicted Purchased Cards,Unique Purchased Cards
4,2/4/2026,0.192913368,192.3618421,111
4,2/5/2026,0,109.8155198,56
4,2/6/2026,0,296.3813559,270
4,2/7/2026,0,846.2641509,964
4,2/8/2026,0,329.976378,263
4,2/9/2026,0,101,110
4,2/10/2026,0,101,61
4,2/11/2026,0.137795284,194.2274678,100
4,2/12/2026,0,126.5437882,138
4,2/13/2026,0,377.4006969,328
4,2/14/2026,0,974.0987654,1331
4,2/15/2026,0.692913413,533.7429467,678
4,2/16/2026,0.011811025,308.6872727,283
4,2/17/2026,0,134.5725699,227
4,2/18/2026,0.007874016,214.1163793,329
4,2/19/2026,0.051181108,160.9544554,267
4,2/20/2026,0.094488196,377.4006969,497
4,2/21/2026,0.472440958,1056.5,1130
4,2/22/2026,0.003937008,464.2833333,584
4,2/23/2026,0,109.8155198,127
4,2/24/2026,0,109.8155198,127
4,2/25/2026,0.003937008,208.2268908,145
4,2/26/2026,0.88188982,144.875,135
4,2/27/2026,1.185039639,377.4006969,345
4,2/28/2026,0,1043.925926,1023
4,3/1/2026,0,439.2601626,490
4,3/2/2026,0,109.8155198,135
4,3/3/2026,0,109.8155198,75
4,3/4/2026,0,202.2571429,131
4,3/5/2026,0.015748031,134.5725699,106
5,2/4/2026,0,185.9294118,148
5,2/5/2026,0,126.5437882,110
5,2/6/2026,0,325.104,217
5,2/7/2026,0,761.4489796,584
5,2/8/2026,0,308.6872727,226
5,2/9/2026,0,109.792,72
5,2/10/2026,0,109.792,81
5,2/11/2026,0.023622049,194.2274678,158
5,2/12/2026,0,134.5725699,186
5,2/13/2026,0,409.4651163,359
5,2/14/2026,0,879.2439024,1148
5,2/15/2026,0.035433073,533.7429467,472
5,2/16/2026,0.066929132,310.0405405,252
5,2/17/2026,0,134.5725699,105
5,2/18/2026,0.015748031,214.1163793,147
5,2/19/2026,0.066929139,160.9544554,125
5,2/20/2026,0.622047246,413.3858268,372
5,2/21/2026,0,1005.025,1010
5,2/22/2026,0.137795284,472.6632124,145
5,2/23/2026,0,109.8155198,64
5,2/24/2026,0,109.8155198,118
5,2/25/2026,0,208.2268908,201
5,2/26/2026,0.003937008,144.875,200
5,2/27/2026,0,406.9115646,471
5,2/28/2026,0,974.0987654,1141
5,3/1/2026,0,439.2601626,462
5,3/2/2026,0,109.8155198,115
5,3/3/2026,0.133858278,112.9412373,128
5,3/4/2026,0.244094491,208.2268908,162
5,3/5/2026,0.248031482,158.1783439,132
8,2/4/2026,0,282.147541,181
8,2/5/2026,0.094488196,208.2268908,169
8,2/6/2026,0,406.9115646,305
8,2/7/2026,0,974.0987654,785
8,2/8/2026,0,533.7429467,360
8,2/9/2026,0,175.1505576,115
8,2/10/2026,0,175.1505576,111
8,2/11/2026,0.007874016,308.6872727,185
8,2/12/2026,0,214.1163793,207
8,2/13/2026,0.051181108,460.9315068,317
8,2/14/2026,0.011811025,1043.925926,1016
8,2/15/2026,0.031496067,761.4489796,717
8,2/16/2026,0.086614169,533.7429467,428
8,2/17/2026,0.019685039,208.2805755,106
8,2/18/2026,0.023622049,346.67,204
8,2/19/2026,0.015748031,236.9805825,198
8,2/20/2026,0,460.9315068,340
8,2/21/2026,0.007874016,1167.421053,718
8,2/22/2026,0,641.4963504,573
8,2/23/2026,0.023622049,179.1344538,217
8,2/24/2026,0,179.1344538,205
8,2/25/2026,0,318.7317073,248
8,2/26/2026,0.015748031,214.1163793,182
8,2/27/2026,0.007874016,439.2601626,376
8,2/28/2026,0.429133862,1271.785714,1158
8,3/1/2026,0.14173229,641.4963504,559
8,3/2/2026,0.05905512,179.1344538,48
8,3/3/2026,0.169291332,185.9294118,138
8,3/4/2026,0.208661392,318.7317073,367
8,3/5/2026,0.078740165,214.1163793,156
10,2/4/2026,0,406.9115646,280
10,2/5/2026,0,308.6872727,252
10,2/6/2026,0.007874016,641.4963504,498
10,2/7/2026,0,1271.785714,1199
10,2/8/2026,0,777.0588235,471
10,2/9/2026,0,244.0131579,436
10,2/10/2026,0,244.0131579,199
10,2/11/2026,1.271653533,409.4651163,365
10,2/12/2026,0.003937008,308.6872727,223
10,2/13/2026,0,727.0666667,612
10,2/14/2026,0,1430.2,1724
10,2/15/2026,0,1027.7,1190
10,2/16/2026,0.893700838,600.75,772
10,2/17/2026,0.637795389,347.687188,257
10,2/18/2026,0.55905515,490.5384615,350
10,2/19/2026,0.429133862,347.687188,305
10,2/20/2026,0.031496063,727.0666667,686
10,2/21/2026,0,1482.75,1381
10,2/22/2026,0,947.4925373,983
10,2/23/2026,0,247.0916335,244
10,2/24/2026,0,247.0916335,257
10,2/25/2026,0,413.3858268,376
10,2/26/2026,0,329.976378,333
10,2/27/2026,0,691.8602151,642
10,2/28/2026,0,1482.75,1456
10,3/1/2026,0,929.4210526,1044
10,3/2/2026,0,247.0916335,220
10,3/3/2026,0,247.0916335,219
10,3/4/2026,0,413.3858268,367
10,3/5/2026,0,325.104,241
11,2/4/2026,0,194.2274678,169
11,2/5/2026,0,109.8155198,90
11,2/6/2026,0,310.0405405,248
11,2/7/2026,0,974.0987654,1033
11,2/8/2026,0,346.67,358
11,2/9/2026,0,109.792,117
11,2/10/2026,0,109.792,61
11,2/11/2026,0,208.2268908,169
11,2/12/2026,0,126.5437882,155
11,2/13/2026,0,406.9115646,478
11,2/14/2026,0,1068.395833,1383
11,2/15/2026,0.527559102,577.8163265,802
11,2/16/2026,0,325.104,391
11,2/17/2026,0,134.5725699,84
11,2/18/2026,0.039370079,214.1163793,137
11,2/19/2026,0.035433073,160.9544554,148
11,2/20/2026,0.074803151,406.9115646,407
11,2/21/2026,0,1271.785714,1205
11,2/22/2026,0.003937008,533.7429467,524
11,2/23/2026,0,109.8155198,47
11,2/24/2026,0,109.8155198,146
11,2/25/2026,0.019685039,214.1163793,185
11,2/26/2026,0,144.875,175
11,2/27/2026,0,402.7702703,360
11,2/28/2026,0,1271.785714,1182
11,3/1/2026,0.015748031,472.6632124,592
11,3/2/2026,0.043307088,109.8155198,122
11,3/3/2026,0.677165329,117.1072221,135
11,3/4/2026,0.712598443,214.1163793,170
11,3/5/2026,1.074803233,151.2089552,141
12,2/4/2026,0.007874017,286.8571429,203
12,2/5/2026,0,192.3618421,173
12,2/6/2026,0,472.6632124,495
12,2/7/2026,0,1165.06383,1068
12,2/8/2026,0,513.1666667,310
12,2/9/2026,0,175.1505576,194
12,2/10/2026,0,175.1505576,121
12,2/11/2026,0,318.7317073,238
12,2/12/2026,0,208.2805755,131
12,2/13/2026,0.007874016,557.0555556,622
12,2/14/2026,0.027559057,1320.05,1367
12,2/15/2026,0,782.8181818,737
12,2/16/2026,0,504.9354839,442
12,2/17/2026,0.023622049,194.2274678,200
12,2/18/2026,0,329.976378,219
12,2/19/2026,0,220.8461538,203
12,2/20/2026,0,577.8163265,593
12,2/21/2026,0,1430.2,1197
12,2/22/2026,0,674.3894737,719
12,2/23/2026,0,175.1505576,173
12,2/24/2026,0,175.1505576,135
12,2/25/2026,0.003937008,325.104,259
12,2/26/2026,0,208.2805755,219
12,2/27/2026,0,557.0555556,555
12,2/28/2026,0,1430.2,1136
12,3/1/2026,0,641.4963504,671
12,3/2/2026,0,175.1505576,160
12,3/3/2026,0.039370079,175.1505576,112
12,3/4/2026,0.035433076,318.7317073,277
12,3/5/2026,0,208.2805755,258
13,2/4/2026,0,238.7488789,193
13,2/5/2026,0,151.2089552,145
13,2/6/2026,0,347.687188,403
13,2/7/2026,0,974.0987654,1040
13,2/8/2026,0,393.3469388,383
13,2/9/2026,0,134.5725699,76
13,2/10/2026,0,134.5725699,67
13,2/11/2026,0,262.2347561,202
13,2/12/2026,0,160.9544554,164
13,2/13/2026,0,464.2833333,510
13,2/14/2026,0,1102.105263,1642
13,2/15/2026,0,641.4963504,803
13,2/16/2026,0,460.9315068,603
13,2/17/2026,0.078740157,296.3813559,333
13,2/18/2026,0.031496059,393.3469388,444
13,2/19/2026,0,247.0916335,357
13,2/20/2026,0.196850374,472.6632124,540
13,2/21/2026,0.007874014,1297.740741,1245
13,2/22/2026,0,600.75,667
13,2/23/2026,0,144.875,106
13,2/24/2026,0,144.875,141
13,2/25/2026,0.007874021,275.8613861,254
13,2/26/2026,0.003937006,185.9294118,179
13,2/27/2026,0,439.2601626,440
13,2/28/2026,0.019685039,1271.785714,1266
13,3/1/2026,0,557.0555556,776
13,3/2/2026,0,144.875,137
13,3/3/2026,0,144.875,118
13,3/4/2026,0.027559057,275.8613861,320
13,3/5/2026,0.09055119,192.3618421,173
14,2/4/2026,0,347.687188,214
14,2/5/2026,0,238.7488789,166
14,2/6/2026,0,557.0555556,422
14,2/7/2026,0,1068.395833,921
14,2/8/2026,0,641.4963504,366
14,2/9/2026,0,202.2571429,156
14,2/10/2026,0,202.2571429,154
14,2/11/2026,0.692913473,347.687188,296
14,2/12/2026,0.003937008,262.2347561,190
14,2/13/2026,0,628.7835821,466
14,2/14/2026,0,1271.785714,1419
14,2/15/2026,0,947.4925373,1050
14,2/16/2026,0.846456647,628.7835821,835
14,2/17/2026,0.771653593,329.976378,247
14,2/18/2026,0.437007904,439.2601626,436
14,2/19/2026,0.287401557,325.104,305
14,2/20/2026,0.007874016,641.4963504,549
14,2/21/2026,0,1320.05,1072
14,2/22/2026,0,777.5111111,639
14,2/23/2026,0,208.2268908,109
14,2/24/2026,0,208.2268908,149
14,2/25/2026,0,347.687188,201
14,2/26/2026,0,262.2347561,206
14,2/27/2026,0,628.7835821,424
14,2/28/2026,0,1320.05,949
14,3/1/2026,0,777.0588235,708
14,3/2/2026,0,208.2268908,114
14,3/3/2026,0,208.2268908,167
14,3/4/2026,0,347.687188,238
14,3/5/2026,0,262.2347561,153
15,2/4/2026,0,214.1163793,183
15,2/5/2026,0,151.2089552,102
15,2/6/2026,0,347.687188,304
15,2/7/2026,0,947.4925373,823
15,2/8/2026,0,504.9354839,357
15,2/9/2026,0,134.5725699,108
15,2/10/2026,0,134.5725699,102
15,2/11/2026,0.145669296,247.0916335,181
15,2/12/2026,0,160.9544554,122
15,2/13/2026,0,439.2601626,360
15,2/14/2026,0,1068.395833,1182
15,2/15/2026,0,727.0666667,883
15,2/16/2026,0,472.6632124,749
15,2/17/2026,0,214.1163793,527
15,2/18/2026,0.09055119,347.687188,643
15,2/19/2026,0.062992126,262.2347561,528
15,2/20/2026,0.295275569,464.2833333,557
15,2/21/2026,0.007874016,1216.5,1160
15,2/22/2026,0.035433076,674.3894737,193
15,2/23/2026,0,158.1783439,
15,2/24/2026,0,158.1783439,186
15,2/25/2026,0,247.0916335,157
15,2/26/2026,0.027559055,192.1877081,90
15,2/27/2026,0,413.3858268,295
15,2/28/2026,0,1167.421053,1094
15,3/1/2026,0,641.4963504,652
15,3/2/2026,0,158.1783439,61
15,3/3/2026,0.129921257,175.1505576,75
15,3/4/2026,0.354330719,264.10625,230
15,3/5/2026,0.488189042,194.2274678,114
16,2/4/2026,0,377.4006969,297
16,2/5/2026,0,247.0916335,199
16,2/6/2026,0,557.0555556,429
16,2/7/2026,0,1154.480963,977
16,2/8/2026,0,641.4963504,389
16,2/9/2026,0,202.2571429,266
16,2/10/2026,0,202.2571429,161
16,2/11/2026,0.724409461,393.3469388,373
16,2/12/2026,0,264.2101911,220
16,2/13/2026,0,628.7835821,570
16,2/14/2026,0,1271.785714,1317
16,2/15/2026,0,947.4925373,1036
16,2/16/2026,0.877952635,600.6805556,801
16,2/17/2026,0.350393772,275.8613861,238
16,2/18/2026,0.570866168,434.5722222,331
16,2/19/2026,0.248031482,318.7317073,381
16,2/20/2026,0.003937008,628.7835821,541
16,2/21/2026,0,1430.2,1095
16,2/22/2026,0,782.8181818,866
16,2/23/2026,0,208.2268908,153
16,2/24/2026,0,208.2268908,188
16,2/25/2026,0,402.7702703,317
16,2/26/2026,0,264.2101911,270
16,2/27/2026,0,628.7835821,545
16,2/28/2026,0,1377.461538,1006
16,3/1/2026,0,777.5111111,841
16,3/2/2026,0,208.2268908,162
16,3/3/2026,0,208.2268908,208
16,3/4/2026,0,393.3469388,302
16,3/5/2026,0,264.2101911,246
17,2/4/2026,0,144.875,179
17,2/5/2026,0,99.52829313,124
17,2/6/2026,0,238.7488789,234
17,2/7/2026,0,641.4963504,849
17,2/8/2026,0,247.0916335,385
17,2/9/2026,0,81.78779841,75
17,2/10/2026,0,81.78779841,86
17,2/11/2026,0,160.9544554,169
17,2/12/2026,0,109.792,145
17,2/13/2026,0,318.7317073,453
17,2/14/2026,0,733.862069,1268
17,2/15/2026,0.413385838,377.4006969,667
17,2/16/2026,0,220.8461538,438
17,2/17/2026,0,109.8155198,87
17,2/18/2026,0.019685039,179.1344538,154
17,2/19/2026,0.023622049,134.5725699,151
17,2/20/2026,0.854330778,325.104,335
17,2/21/2026,0,810.3402062,1044
17,2/22/2026,0,377.4006969,353
17,2/23/2026,0,97.7826087,122
17,2/24/2026,0,97.7826087,96
17,2/25/2026,0.023622049,175.1505576,169
17,2/26/2026,0,126.5437882,183
17,2/27/2026,0,318.7317073,296
17,2/28/2026,0,810.3402062,820
17,3/1/2026,0,347.687188,560
17,3/2/2026,0,97.7826087,123
17,3/3/2026,0.185039371,101,75
17,3/4/2026,0.405511856,175.1505576,130
17,3/5/2026,0.704724491,126.5437882,80
18,2/4/2026,0,247.0916335,175
18,2/5/2026,0,158.1783439,125
18,2/6/2026,0,329.976378,271
18,2/7/2026,0,777.0588235,642
18,2/8/2026,0,329.976378,279
18,2/9/2026,0,126.5437882,89
18,2/10/2026,0,126.5437882,91
18,2/11/2026,0.019685039,262.2347561,165
18,2/12/2026,0,160.9544554,114
18,2/13/2026,0.015748031,409.4651163,297
18,2/14/2026,1.224409461,974.0987654,1245
18,2/15/2026,0,557.0555556,602
18,2/16/2026,0,347.687188,285
18,2/17/2026,0,175.1505576,119
18,2/18/2026,0.003937008,286.8571429,197
18,2/19/2026,0.003937008,194.2274678,205
18,2/20/2026,0.003937008,434.5722222,258
18,2/21/2026,0,1027.7,802
18,2/22/2026,0,504.9354839,556
18,2/23/2026,0,134.5725699,131
18,2/24/2026,0,134.5725699,137
18,2/25/2026,0,275.8613861,233
18,2/26/2026,0,179.1344538,203
18,2/27/2026,0,406.9115646,365
18,2/28/2026,0,1005.025,816
18,3/1/2026,0.007874016,472.6632124,569
18,3/2/2026,0.043307088,134.5725699,106
18,3/3/2026,0.023622049,134.5725699,108
18,3/4/2026,0.055118114,264.2101911,237
18,3/5/2026,0.125984251,192.3618421,187
20,2/4/2026,0,236.9805825,153
20,2/5/2026,0,144.875,133
20,2/6/2026,0,377.4006969,392
20,2/7/2026,0,1041.227273,1218
20,2/8/2026,0,406.9115646,393
20,2/9/2026,0,126.5437882,112
20,2/10/2026,0,126.5437882,130
20,2/11/2026,0,247.0916335,188
20,2/12/2026,0,160.9544554,180
20,2/13/2026,0,460.9315068,614
20,2/14/2026,0.543307126,1271.785714,1603
20,2/15/2026,0.55905515,641.4963504,909
20,2/16/2026,0,402.7702703,494
20,2/17/2026,0,185.9294118,96
20,2/18/2026,0,296.3813559,207
20,2/19/2026,0.795275629,214.1163793,192
20,2/20/2026,0,464.2833333,465
20,2/21/2026,0,1320.05,1320
20,2/22/2026,0,600.6805556,846
20,2/23/2026,0,144.875,164
20,2/24/2026,0,144.875,176
20,2/25/2026,0,264.10625,270
20,2/26/2026,0.003937008,179.1344538,248
20,2/27/2026,0,439.2601626,436
20,2/28/2026,0.007874016,1297.740741,1382
20,3/1/2026,0,577.8163265,838
20,3/2/2026,0.196850389,160.9544554,154
20,3/3/2026,0.897637844,160.9544554,235
20,3/4/2026,0.566929102,264.2101911,227
20,3/5/2026,1.858267784,192.3618421,170
21,2/4/2026,0,195.173913,123
21,2/5/2026,0,109.8155198,89
21,2/6/2026,0,286.8571429,162
21,2/7/2026,0,674.3894737,532
21,2/8/2026,0,296.3813559,200
21,2/9/2026,0,107.4480519,43
21,2/10/2026,0.019685039,107.4480519,49
21,2/11/2026,0.125984251,214.1163793,143
21,2/12/2026,0,126.5437882,100
21,2/13/2026,0.007874016,347.687188,240
21,2/14/2026,1.09842515,810.3402062,928
21,2/15/2026,0.003937008,472.6632124,448
21,2/16/2026,0,308.6872727,235
21,2/17/2026,0.003937008,134.5725699,87
21,2/18/2026,0,220.8461538,107
21,2/19/2026,0.019685039,158.1783439,132
21,2/20/2026,0.007874016,347.687188,214
21,2/21/2026,0,846.2641509,583
21,2/22/2026,0,417.9166667,351
21,2/23/2026,0,109.8155198,61
21,2/24/2026,0,109.8155198,80
21,2/25/2026,0,214.1163793,133
21,2/26/2026,0,134.5725699,103
21,2/27/2026,0,347.687188,224
21,2/28/2026,0,846.2641509,536
21,3/1/2026,0.015748031,413.3858268,313
21,3/2/2026,0.019685039,109.8155198,57
21,3/3/2026,0.027559057,109.8155198,44
21,3/4/2026,0.055118121,214.1163793,153
21,3/5/2026,0.547244072,144.875,91
22,2/4/2026,0,247.0916335,225
22,2/5/2026,0.42125988,175.1505576,123
22,2/6/2026,0,393.3469388,396
22,2/7/2026,0,1056.5,1069
22,2/8/2026,0,439.2601626,334
22,2/9/2026,0,144.875,102
22,2/10/2026,0.023622049,144.875,113
22,2/11/2026,0.023622049,262.2347561,150
22,2/12/2026,0,175.1505576,173
22,2/13/2026,0,460.9315068,503
22,2/14/2026,0,1167.421053,1475
22,2/15/2026,0.267716557,691.8602151,874
22,2/16/2026,0.027559057,434.5722222,538
22,2/17/2026,0,208.2268908,118
22,2/18/2026,0,318.7317073,157
22,2/19/2026,0,208.2805755,140
22,2/20/2026,0,464.2833333,384
22,2/21/2026,0,1320.05,1206
22,2/22/2026,0.086614177,600.6805556,800
22,2/23/2026,0,160.9544554,181
22,2/24/2026,0,160.9544554,159
22,2/25/2026,0,296.3813559,281
22,2/26/2026,0,194.2274678,225
22,2/27/2026,0.086614177,460.9315068,500
22,2/28/2026,0,1297.740741,1534
22,3/1/2026,0,591.8529412,810
22,3/2/2026,0,160.9544554,145
22,3/3/2026,0,160.9544554,151
22,3/4/2026,0.007874016,286.8571429,268
22,3/5/2026,0,194.2274678,178
23,2/4/2026,0,264.2101911,179
23,2/5/2026,0,179.1344538,129
23,2/6/2026,0,413.3858268,392
23,2/7/2026,0,1068.395833,686
23,2/8/2026,0,533.7429467,381
23,2/9/2026,0,158.1783439,115
23,2/10/2026,0,158.1783439,92
23,2/11/2026,0.007874017,296.3813559,176
23,2/12/2026,0,214.1163793,181
23,2/13/2026,0,533.7429467,395
23,2/14/2026,0,1271.785714,1410
23,2/15/2026,0,777.5111111,1097
23,2/16/2026,0,600.75,822
23,2/17/2026,0,329.976378,528
23,2/18/2026,0.153543308,460.9315068,905
23,2/19/2026,0.027559057,347.687188,815
23,2/20/2026,0.070866153,591.8529412,863
23,2/21/2026,0.070866138,1377.461538,1290
23,2/22/2026,0,691.8602151,414
23,2/23/2026,0.003937008,158.1783439,
23,2/24/2026,0,158.1783439,65
23,2/25/2026,0.007874017,308.6872727,231
23,2/26/2026,0,194.2274678,288
23,2/27/2026,0,472.6632124,523
23,2/28/2026,0,1377.461538,1326
23,3/1/2026,0,674.3894737,870
23,3/2/2026,0,158.1783439,148
23,3/3/2026,0.090551183,160.9544554,174
23,3/4/2026,0.397637814,308.6872727,271
23,3/5/2026,0.078740157,194.2274678,169
24,2/4/2026,0,264.2101911,163
24,2/5/2026,0,179.1344538,135
24,2/6/2026,0,434.5722222,301
24,2/7/2026,0,1068.395833,784
24,2/8/2026,0,628.7835821,362
24,2/9/2026,0.003937008,160.9544554,110
24,2/10/2026,0.094488196,175.1505576,97
24,2/11/2026,0.279527545,308.6872727,202
24,2/12/2026,0.082677163,208.2268908,119
24,2/13/2026,0,513.1666667,380
24,2/14/2026,0,1271.785714,1196
24,2/15/2026,0.082677163,929.4210526,1067
24,2/16/2026,2.35433054,628.7835821,776
24,2/17/2026,0.937007844,264.2101911,284
24,2/18/2026,0.476377934,402.7702703,577
24,2/19/2026,0.696850419,264.10625,533
24,2/20/2026,0.003937008,533.7429467,580
24,2/21/2026,0,1320.05,1087
24,2/22/2026,0,761.4489796,608
24,2/23/2026,0,175.1505576,111
24,2/24/2026,0.039370079,175.1505576,104
24,2/25/2026,0.011811025,308.6872727,149
24,2/26/2026,0.019685039,208.2268908,162
24,2/27/2026,0,504.9354839,327
24,2/28/2026,0,1320.05,965
24,3/1/2026,0,733.862069,589
24,3/2/2026,0,175.1505576,125
24,3/3/2026,0.003937008,175.1505576,93
24,3/4/2026,0.003937008,308.6872727,208
24,3/5/2026,0,208.2268908,108
25,2/4/2026,0,214.1163793,121
25,2/5/2026,0,134.5725699,96
25,2/6/2026,0,377.4006969,340
25,2/7/2026,0,929.4210526,792
25,2/8/2026,0,413.3858268,214
25,2/9/2026,0,126.5437882,113
25,2/10/2026,0,126.5437882,95
25,2/11/2026,0,236.9805825,155
25,2/12/2026,0,158.1783439,139
25,2/13/2026,0.003937008,460.9315068,462
25,2/14/2026,0.055118114,1068.395833,1415
25,2/15/2026,0,674.3894737,632
25,2/16/2026,0,377.4006969,321
25,2/17/2026,0.023622049,175.1505576,181
25,2/18/2026,0.003937008,262.2347561,137
25,2/19/2026,0.003937008,179.1344538,135
25,2/20/2026,0,504.9354839,426
25,2/21/2026,0,1271.785714,1007
25,2/22/2026,0,628.7835821,578
25,2/23/2026,0,134.5725699,134
25,2/24/2026,0,134.5725699,136
25,2/25/2026,0.015748031,247.0916335,203
25,2/26/2026,0,175.1505576,180
25,2/27/2026,0,464.2833333,440
25,2/28/2026,0,1216.5,897
25,3/1/2026,0,600.6805556,553
25,3/2/2026,0,134.5725699,102
25,3/3/2026,0.074803151,144.875,83
25,3/4/2026,0.035433073,247.0916335,170
25,3/5/2026,0,175.1505576,196
26,2/4/2026,0,220.8461538,196
26,2/5/2026,0,134.5725699,151
26,2/6/2026,0.003937008,347.687188,326
26,2/7/2026,0,1027.7,1106
26,2/8/2026,0,393.3469388,362
26,2/9/2026,0,126.5437882,138
26,2/10/2026,0,126.5437882,129
26,2/11/2026,0.007874016,238.7488789,182
26,2/12/2026,0,144.875,175
26,2/13/2026,0,439.2601626,450
26,2/14/2026,0,1167.421053,1636
26,2/15/2026,0.106299207,641.4963504,928
26,2/16/2026,0,347.687188,346
26,2/17/2026,0,175.1505576,145
26,2/18/2026,0.11811024,286.8571429,262
26,2/19/2026,0.192913398,194.2274678,188
26,2/20/2026,0.275590539,460.9315068,491
26,2/21/2026,0,1320.05,1419
26,2/22/2026,0,600.75,628
26,2/23/2026,0,134.5725699,173
26,2/24/2026,0,134.5725699,202
26,2/25/2026,0.015748031,262.2347561,250
26,2/26/2026,0,175.1505576,237
26,2/27/2026,0,434.5722222,446
26,2/28/2026,0,1314.492288,1452
26,3/1/2026,0,591.8529412,922
26,3/2/2026,0,134.5725699,132
26,3/3/2026,0.685039341,134.5725699,158
26,3/4/2026,0.20078738,262.2347561,228
26,3/5/2026,0.669291377,175.1505576,187
27,2/4/2026,0,472.6632124,301
27,2/5/2026,0,318.7317073,30
27,2/6/2026,0,641.4963504,553
27,2/7/2026,0,1271.785714,1215
27,2/8/2026,0,777.0588235,395
27,2/9/2026,0,262.2347561,211
27,2/10/2026,0,262.2347561,197
27,2/11/2026,0.188976392,472.6632124,381
27,2/12/2026,0,329.976378,273
27,2/13/2026,0,727.0666667,698
27,2/14/2026,0,1430.2,1311
27,2/15/2026,0,1027.7,1055
27,2/16/2026,0.748031497,628.7835821,1007
27,2/17/2026,0.657480359,393.3469388,296
27,2/18/2026,0.287401617,600.6805556,429
27,2/19/2026,0.05511811,377.4006969,365
27,2/20/2026,0.287401557,777.0588235,560
27,2/21/2026,0,1482.75,1139
27,2/22/2026,0,947.4925373,698
27,2/23/2026,0,262.2347561,213
27,2/24/2026,0,262.2347561,206
27,2/25/2026,0,504.9354839,393
27,2/26/2026,0,346.67,247
27,2/27/2026,0,691.8602151,591
27,2/28/2026,0,1482.75,1015
27,3/1/2026,0,929.4210526,802
27,3/2/2026,0,262.2347561,216
27,3/3/2026,0,262.2347561,156
27,3/4/2026,0,504.9354839,311
27,3/5/2026,0,346.67,243
28,2/4/2026,0,264.2101911,174
28,2/5/2026,0.070866145,194.2274678,198
28,2/6/2026,0,472.6632124,379
28,2/7/2026,0,1271.785714,1114
28,2/8/2026,0,727.0666667,504
28,2/9/2026,0,160.9544554,86
28,2/10/2026,0,160.9544554,100
28,2/11/2026,0.05511811,286.8571429,182
28,2/12/2026,0,208.2268908,151
28,2/13/2026,0.043307088,557.0555556,452
28,2/14/2026,0.011811025,1377.461538,1302
28,2/15/2026,0.129921272,1005.025,972
28,2/16/2026,0.039370079,557.0555556,459
28,2/17/2026,0.023622049,208.2268908,124
28,2/18/2026,0.031496067,329.976378,183
28,2/19/2026,0.007874016,238.7488789,170
28,2/20/2026,0,552,370
28,2/21/2026,0,1482.75,1165
28,2/22/2026,0,846.2641509,832
28,2/23/2026,0.007874016,175.1505576,135
28,2/24/2026,0,175.1505576,175
28,2/25/2026,0,296.3813559,174
28,2/26/2026,0.015748031,208.2268908,179
28,2/27/2026,0.035433073,533.7429467,440
28,2/28/2026,0.094488181,1482.75,1330
28,3/1/2026,0.129921257,879.2439024,1007
28,3/2/2026,0.027559057,175.1505576,158
28,3/3/2026,0.110236228,175.1505576,131
28,3/4/2026,0.133858249,308.6872727,208
28,3/5/2026,0.157480285,214.1163793,163
29,2/4/2026,0,220.9548924,105
29,2/5/2026,0,134.5725699,69
29,2/6/2026,0,308.6872727,199
29,2/7/2026,0,777.0588235,716
29,2/8/2026,0,318.7317073,260
29,2/9/2026,0,109.8155198,63
29,2/10/2026,0,109.8155198,65
29,2/11/2026,0.031496067,238.7488789,145
29,2/12/2026,0,144.875,122
29,2/13/2026,0,406.9115646,356
29,2/14/2026,0.783464551,879.2439024,1111
29,2/15/2026,0.114173226,504.9354839,590
29,2/16/2026,0,393.3469388,390
29,2/17/2026,0,192.3618421,83
29,2/18/2026,0,308.6872727,113
29,2/19/2026,0,192.3618421,96
29,2/20/2026,0,406.9115646,228
29,2/21/2026,0,947.4925373,832
29,2/22/2026,0,439.2601626,441
29,2/23/2026,0,134.5725699,77
29,2/24/2026,0,134.5725699,88
29,2/25/2026,0,262.2347561,139
29,2/26/2026,0,175.1505576,123
29,2/27/2026,0,402.7702703,286
29,2/28/2026,0.011811025,947.4925373,676
29,3/1/2026,0,434.5722222,482
29,3/2/2026,0.011811025,134.5725699,88
29,3/3/2026,0,134.5725699,74
29,3/4/2026,0.031496067,262.2347561,147
29,3/5/2026,0.413385868,175.1505576,88
31,2/4/2026,0,214.1163793,210
31,2/5/2026,0,126.5437882,140
31,2/6/2026,0.011811025,325.104,254
31,2/7/2026,0,974.0987654,957
31,2/8/2026,0,329.976378,416
31,2/9/2026,0,109.8155198,137
31,2/10/2026,0,109.8155198,80
31,2/11/2026,0.011811025,220.8461538,198
31,2/12/2026,0,134.5725699,123
31,2/13/2026,0,417.9166667,591
31,2/14/2026,0,1056.5,1483
31,2/15/2026,0,557.0555556,857
31,2/16/2026,0,346.67,448
31,2/17/2026,0,175.1505576,146
31,2/18/2026,0.204724431,275.8613861,236
31,2/19/2026,0.035433069,179.1344538,144
31,2/20/2026,0.129921257,417.9166667,340
31,2/21/2026,0,1271.785714,1052
31,2/22/2026,0,533.7429467,590
31,2/23/2026,0.003937008,118.9402985,152
31,2/24/2026,0,118.9402985,142
31,2/25/2026,0,247.0916335,235
31,2/26/2026,0,159.3125,198
31,2/27/2026,0,413.3858268,444
31,2/28/2026,0,1262.829555,1322
31,3/1/2026,0,472.6632124,781
31,3/2/2026,0,118.9402985,159
31,3/3/2026,0.078740165,126.5437882,144
31,3/4/2026,0.031496063,238.7488789,227
31,3/5/2026,0.641732335,160.9544554,136
32,2/4/2026,0,308.6872727,206
32,2/5/2026,0,192.3618421,158
32,2/6/2026,0,377.4006969,475
32,2/7/2026,0,947.4925373,994
32,2/8/2026,0,434.5722222,423
32,2/9/2026,0,160.9544554,158
32,2/10/2026,0,160.9544554,127
32,2/11/2026,0.07086613,329.976378,265
32,2/12/2026,0,238.7488789,179
32,2/13/2026,0,504.9354839,417
32,2/14/2026,0,1041.227273,1407
32,2/15/2026,0,674.3894737,1061
32,2/16/2026,0,594.6557377,905
32,2/17/2026,0,346.67,827
32,2/18/2026,0.078740157,533.7429467,1469
32,2/19/2026,0.039370079,377.4006969,1203
32,2/20/2026,0.393700778,557.0555556,1130
32,2/21/2026,0.031496067,1216.5,1395
32,2/22/2026,0.027559057,628.7835821,238
32,2/23/2026,0.003937009,160.9544554,
32,2/24/2026,0,160.9544554,177
32,2/25/2026,0.003937008,329.976378,240
32,2/26/2026,0.039370079,208.2268908,123
32,2/27/2026,0,439.2601626,494
32,2/28/2026,0,1167.421053,1342
32,3/1/2026,0,600.75,889
32,3/2/2026,0,160.9544554,140
32,3/3/2026,0.149606302,175.1505576,126
32,3/4/2026,0.244094491,329.976378,285
32,3/5/2026,0.523622096,214.1163793,139
33,2/4/2026,0,282.147541,178
33,2/5/2026,0,192.3618421,152
33,2/6/2026,0,504.9354839,326
33,2/7/2026,0,1165.06383,1101
33,2/8/2026,0,533.7429467,440
33,2/9/2026,0,175.1505576,134
33,2/10/2026,0.003937008,175.1505576,90
33,2/11/2026,0,308.6872727,206
33,2/12/2026,0,214.1163793,158
33,2/13/2026,0,591.8529412,497
33,2/14/2026,0,1297.740741,1221
33,2/15/2026,0,782.8181818,1102
33,2/16/2026,0.003937008,513.1666667,938
33,2/17/2026,0.007874017,214.1163793,177
33,2/18/2026,0.102362193,377.4006969,97
33,2/19/2026,0.015748031,282.147541,215
33,2/20/2026,0.307086647,641.4963504,403
33,2/21/2026,0.023622049,1482.75,1042
33,2/22/2026,0.015748031,691.8602151,609
33,2/23/2026,0,175.1505576,98
33,2/24/2026,0,175.1505576,117
33,2/25/2026,0.003937008,329.976378,177
33,2/26/2026,0,214.1163793,208
33,2/27/2026,0,557.0555556,535
33,2/28/2026,0.051181108,1482.75,1179
33,3/1/2026,0,674.3894737,601
33,3/2/2026,0,179.1344538,120
33,3/3/2026,0,179.1344538,128
33,3/4/2026,0,318.7317073,210
33,3/5/2026,0.078740157,214.1163793,179
34,2/4/2026,0,247.0916335,168
34,2/5/2026,0,160.9544554,121
34,2/6/2026,0,409.4651163,365
34,2/7/2026,0,916.65,729
34,2/8/2026,0,513.1666667,348
34,2/9/2026,0,134.5725699,204
34,2/10/2026,0.007874016,134.5725699,114
34,2/11/2026,1.271653414,264.2101911,142
34,2/12/2026,0.007874016,179.1344538,159
34,2/13/2026,0,464.2833333,395
34,2/14/2026,0,1027.7,1055
34,2/15/2026,0,733.862069,816
34,2/16/2026,1.244094491,533.7429467,623
34,2/17/2026,0.57874018,214.1163793,175
34,2/18/2026,0.527559042,329.976378,226
34,2/19/2026,0.515748084,214.1163793,191
34,2/20/2026,0.011811025,472.6632124,385
34,2/21/2026,0,1102.105263,795
34,2/22/2026,0,641.4963504,664
34,2/23/2026,0,144.875,122
34,2/24/2026,0,144.875,115
34,2/25/2026,0,264.2101911,185
34,2/26/2026,0,179.1344538,161
34,2/27/2026,0,460.9315068,345
34,2/28/2026,0,1102.105263,775
34,3/1/2026,0,628.7835821,596
34,3/2/2026,0,144.875,95
34,3/3/2026,0,144.875,121
34,3/4/2026,0,264.10625,191
34,3/5/2026,0,179.1344538,112
35,2/4/2026,0,264.10625,272
35,2/5/2026,0,185.9294118,140
35,2/6/2026,0,460.9315068,485
35,2/7/2026,0,1216.5,1396
35,2/8/2026,0,628.7835821,632
35,2/9/2026,0,175.1505576,191
35,2/10/2026,0,175.1505576,189
35,2/11/2026,0,296.3813559,204
35,2/12/2026,0,214.1163793,228
35,2/13/2026,0,591.8529412,585
35,2/14/2026,0,1430.2,1927
35,2/15/2026,0.204724401,974.0987654,1210
35,2/16/2026,0.362204731,600.75,857
35,2/17/2026,0,214.1163793,246
35,2/18/2026,0,346.67,193
35,2/19/2026,0.125984251,262.2347561,234
35,2/20/2026,0.507874012,628.7835821,529
35,2/21/2026,0,1482.75,1653
35,2/22/2026,0.279527575,846.2641509,651
35,2/23/2026,0.011811025,175.1505576,302
35,2/24/2026,0,175.1505576,179
35,2/25/2026,0.015748031,296.3813559,261
35,2/26/2026,0.062992126,208.2805755,231
35,2/27/2026,0,533.7429467,591
35,2/28/2026,0,1482.75,1702
35,3/1/2026,0.003937008,782.8181818,972
35,3/2/2026,0,175.1505576,152
35,3/3/2026,0.16141732,179.1344538,181
35,3/4/2026,0.181102335,308.6872727,274
35,3/5/2026,0.051181108,208.2268908,235
36,2/4/2026,0.043307088,179.1344538,191
36,2/5/2026,0.003937008,109.8155198,136
36,2/6/2026,0.007874016,275.8613861,243
36,2/7/2026,0,782.8181818,907
36,2/8/2026,0,347.687188,444
36,2/9/2026,0,107.4480519,118
36,2/10/2026,0,107.4480519,99
36,2/11/2026,0.023622049,194.2274678,139
36,2/12/2026,0,126.5437882,150
36,2/13/2026,0,347.687188,344
36,2/14/2026,0,929.4210526,1283
36,2/15/2026,1.07874012,577.8163265,632
36,2/16/2026,0.185039371,329.976378,322
36,2/17/2026,0,134.5725699,114
36,2/18/2026,0,208.2805755,171
36,2/19/2026,0.011811025,158.1783439,135
36,2/20/2026,0.165354326,377.4006969,312
36,2/21/2026,0.078740157,1027.7,1131
36,2/22/2026,0.59842515,533.7429467,625
36,2/23/2026,0,109.8155198,144
36,2/24/2026,0,109.8155198,130
36,2/25/2026,0,208.2268908,182
36,2/26/2026,1.122047305,151.2089552,177
36,2/27/2026,0.165354341,377.4006969,406
36,2/28/2026,0.007874016,1027.7,1262
36,3/1/2026,0,472.6632124,643
36,3/2/2026,0,109.8155198,167
36,3/3/2026,0.007874016,109.8155198,157
36,3/4/2026,0,195.173913,153
36,3/5/2026,0,134.5725699,131
38,2/4/2026,0.094488196,160.9544554,95
38,2/5/2026,0,107.4480519,106
38,2/6/2026,0,262.2347561,256
38,2/7/2026,0,674.3894737,601
38,2/8/2026,0,318.7317073,299
38,2/9/2026,0,81.78779841,72
38,2/10/2026,0,81.78779841,45
38,2/11/2026,0.149606302,175.1505576,97
38,2/12/2026,0,109.8155198,90
38,2/13/2026,0,347.687188,235
38,2/14/2026,0,810.3402062,896
38,2/15/2026,1.196850419,533.7429467,600
38,2/16/2026,0,247.0916335,325
38,2/17/2026,0,109.8155198,120
38,2/18/2026,0.16141732,179.1344538,111
38,2/19/2026,0.255905479,134.5725699,93
38,2/20/2026,0.098425195,347.687188,270
38,2/21/2026,0,947.4925373,799
38,2/22/2026,0,504.9354839,200
38,2/23/2026,0,81.78779841,79
38,2/24/2026,0,81.78779841,105
38,2/25/2026,0,179.1344538,117
38,2/26/2026,0.783464551,118.9402985,116
38,2/27/2026,0,347.687188,204
38,2/28/2026,0,929.4210526,720
38,3/1/2026,0,460.9315068,419
38,3/2/2026,0.039370082,81.78779841,61
38,3/3/2026,0,81.78779841,64
38,3/4/2026,0.003937008,179.1344538,132
38,3/5/2026,0.023622049,118.9402985,96
39,2/4/2026,0.110236228,296.3813559,195
39,2/5/2026,0,194.2274678,166
39,2/6/2026,0,533.7429467,475
39,2/7/2026,0,1271.785714,1191
39,2/8/2026,0.003937008,674.3894737,457
39,2/9/2026,0,175.1505576,108
39,2/10/2026,0.011811025,175.1505576,129
39,2/11/2026,0.066929139,308.6872727,247
39,2/12/2026,0,214.1163793,171
39,2/13/2026,0.015748031,628.7835821,622
39,2/14/2026,0.283464581,1482.75,1778
39,2/15/2026,0.858267725,974.0987654,1090
39,2/16/2026,0,533.7429467,482
39,2/17/2026,0,214.1163793,120
39,2/18/2026,0.019685039,347.687188,165
39,2/19/2026,0.007874016,238.7488789,195
39,2/20/2026,0.019685039,628.7835821,476
39,2/21/2026,0.023622049,1482.75,1322
39,2/22/2026,0,810.3402062,885
39,2/23/2026,0,175.1505576,143
39,2/24/2026,0,175.1505576,194
39,2/25/2026,0,318.7317073,275
39,2/26/2026,0.007874016,214.1163793,194
39,2/27/2026,0.003937008,628.7835821,693
39,2/28/2026,0,1482.75,1418
39,3/1/2026,0,795.3333333,954
39,3/2/2026,0,175.1505576,127
39,3/3/2026,0.039370079,175.1505576,133
39,3/4/2026,0.086614177,318.7317073,199
39,3/5/2026,0.043307092,214.1163793,161
42,2/4/2026,0.070866145,296.3813559,205
42,2/5/2026,0,202.2571429,164
42,2/6/2026,0,460.9315068,385
42,2/7/2026,0,1184.1,1281
42,2/8/2026,0,591.8529412,477
42,2/9/2026,0,183.8003516,128
42,2/10/2026,0,183.8003516,123
42,2/11/2026,0.074803151,318.7317073,154
42,2/12/2026,0,220.8461538,188
42,2/13/2026,0,557.0555556,566
42,2/14/2026,0.007874016,1430.2,1526
42,2/15/2026,1.700787425,947.4925373,1067
42,2/16/2026,0,557.0555556,463
42,2/17/2026,0,247.0916335,154
42,2/18/2026,0.236220479,393.3469388,179
42,2/19/2026,0.507874072,264.10625,155
42,2/20/2026,0.334645689,594.6557377,398
42,2/21/2026,0.023622049,1482.75,1498
42,2/22/2026,0,761.4489796,861
42,2/23/2026,0,192.3618421,184
42,2/24/2026,0,192.3618421,182
42,2/25/2026,0,325.104,207
42,2/26/2026,1.240157485,226.6818182,217
42,2/27/2026,0,533.7429467,532
42,2/28/2026,0,1482.75,1389
42,3/1/2026,0,733.862069,723
42,3/2/2026,0.062992133,192.3618421,145
42,3/3/2026,0.090551183,194.2274678,152
42,3/4/2026,0.011811025,318.7317073,188
42,3/5/2026,0.0511811,214.1163793,137
43,2/4/2026,0,214.1163793,120
43,2/5/2026,0,134.5725699,103
43,2/6/2026,0,296.3813559,254
43,2/7/2026,0,628.7835821,479
43,2/8/2026,0,310.0405405,214
43,2/9/2026,0,109.8155198,91
43,2/10/2026,0,109.8155198,75
43,2/11/2026,0,226.6818182,143
43,2/12/2026,0,134.5725699,102
43,2/13/2026,0.003937008,393.3469388,293
43,2/14/2026,0.035433069,727.0666667,699
43,2/15/2026,0,501.8221995,446
43,2/16/2026,0,377.4006969,391
43,2/17/2026,0.66535449,194.2274678,98
43,2/18/2026,0.035433073,275.8613861,221
43,2/19/2026,0.003937008,175.1505576,119
43,2/20/2026,0.035433073,393.3469388,296
43,2/21/2026,0,782.8181818,553
43,2/22/2026,0,439.2601626,391
43,2/23/2026,0,126.5437882,79
43,2/24/2026,0,126.5437882,103
43,2/25/2026,0,247.0916335,169
43,2/26/2026,0,160.9544554,125
43,2/27/2026,0,393.3469388,312
43,2/28/2026,0,777.5111111,509
43,3/1/2026,0,434.5722222,386
43,3/2/2026,0,126.5437882,94
43,3/3/2026,0,126.5437882,114
43,3/4/2026,0,247.0916335,166
43,3/5/2026,0,160.9544554,98
44,2/4/2026,0,347.687188,278
44,2/5/2026,0,226.6818182,187
44,2/6/2026,0,533.7429467,496
44,2/7/2026,0,1167.421053,1028
44,2/8/2026,0,646.25,435
44,2/9/2026,0,208.2268908,115
44,2/10/2026,0,208.2268908,134
44,2/11/2026,0.027559061,377.4006969,316
44,2/12/2026,0,296.3813559,149
44,2/13/2026,0,641.4963504,401
44,2/14/2026,0,1320.05,1673
44,2/15/2026,0,974.0987654,1204
44,2/16/2026,0.003937008,628.7835821,1158
44,2/17/2026,0,393.3469388,901
44,2/18/2026,0.082677163,557.0555556,1367
44,2/19/2026,0.027559057,393.3469388,1182
44,2/20/2026,0.350393742,727.0666667,1241
44,2/21/2026,0.011811025,1482.75,1392
44,2/22/2026,0.047244098,810.3402062,275
44,2/23/2026,0,214.1163793,
44,2/24/2026,0,214.1163793,255
44,2/25/2026,0,393.3469388,175
44,2/26/2026,0.039370079,264.2101911,198
44,2/27/2026,0,600.75,481
44,2/28/2026,0,1482.75,1481
44,3/1/2026,0.003937008,810.3402062,879
44,3/2/2026,0,214.1163793,160
44,3/3/2026,0.157480314,238.7488789,150
44,3/4/2026,0.228346452,393.3469388,430
44,3/5/2026,0.53937006,286.8571429,183
45,2/4/2026,0.267716527,238.7488789,187
45,2/5/2026,0,144.875,121
45,2/6/2026,0,406.9115646,316
45,2/7/2026,0,1027.7,1162
45,2/8/2026,0,533.7429467,524
45,2/9/2026,0,126.5437882,91
45,2/10/2026,0,126.5437882,92
45,2/11/2026,0.125984251,247.0916335,176
45,2/12/2026,0,158.1783439,223
45,2/13/2026,0,464.2833333,564
45,2/14/2026,0,1167.421053,1561
45,2/15/2026,0.720472395,761.4489796,939
45,2/16/2026,0,417.9166667,469
45,2/17/2026,0,214.1163793,149
45,2/18/2026,0.003937008,325.104,203
45,2/19/2026,0.055118121,208.2268908,176
45,2/20/2026,0.14173229,504.9354839,352
45,2/21/2026,0.712598443,1297.740741,1354
45,2/22/2026,0.007874016,641.4963504,836
45,2/23/2026,0,134.5725699,150
45,2/24/2026,0,134.5725699,126
45,2/25/2026,0.003937008,264.10625,201
45,2/26/2026,1.196850419,179.1344538,139
45,2/27/2026,0.637795329,472.6632124,378
45,2/28/2026,0.003937008,1271.785714,1133
45,3/1/2026,0,641.4963504,764
45,3/2/2026,0,134.5725699,101
45,3/3/2026,0,134.5725699,127
45,3/4/2026,0,262.2347561,228
45,3/5/2026,0,175.1505576,138
47,2/4/2026,0.003937008,194.2274678,168
47,2/5/2026,0,109.8155198,82
47,2/6/2026,0,308.6872727,316
47,2/7/2026,0,689.8461538,796
47,2/8/2026,0,264.2101911,194
47,2/9/2026,0,107.4480519,72
47,2/10/2026,0,107.4480519,68
47,2/11/2026,0,208.2268908,176
47,2/12/2026,0,126.5437882,140
47,2/13/2026,0,393.3469388,434
47,2/14/2026,0,777.0588235,1031
47,2/15/2026,0,439.2601626,581
47,2/16/2026,0,308.6872727,293
47,2/17/2026,0,134.5725699,93
47,2/18/2026,0,214.1163793,166
47,2/19/2026,0,151.2089552,89
47,2/20/2026,0,393.3469388,336
47,2/21/2026,0,864.0833333,907
47,2/22/2026,0,409.4651163,504
47,2/23/2026,0,109.8155198,121
47,2/24/2026,0,109.8155198,104
47,2/25/2026,0,214.1163793,174
47,2/26/2026,0.003937008,134.5725699,147
47,2/27/2026,0,393.3469388,340
47,2/28/2026,0,846.2641509,933
47,3/1/2026,0,406.9115646,613
47,3/2/2026,0,109.8155198,92
47,3/3/2026,0.019685039,109.8155198,79
47,3/4/2026,0.003937008,214.1163793,221
47,3/5/2026,0,134.5725699,116
49,2/4/2026,0,134.5725699,94
49,2/5/2026,0,81.78779841,81
49,2/6/2026,0,262.2347561,192
49,2/7/2026,0,628.7835821,642
49,2/8/2026,0,247.0916335,200
49,2/9/2026,0,80.72222222,84
49,2/10/2026,0,80.72222222,50
49,2/11/2026,0,144.875,127
49,2/12/2026,0,101,137
49,2/13/2026,0,329.976378,299
49,2/14/2026,0.842519581,733.862069,806
49,2/15/2026,0.019685039,406.9115646,509
49,2/16/2026,0,208.2805755,197
49,2/17/2026,0,107.4480519,48
49,2/18/2026,0,160.9544554,69
49,2/19/2026,0.003937008,118.9402985,108
49,2/20/2026,0,329.976378,237
49,2/21/2026,0,777.5111111,738
49,2/22/2026,0,377.4006969,356
49,2/23/2026,0,81.78779841,70
49,2/24/2026,0,81.78779841,51
49,2/25/2026,0,158.1783439,136
49,2/26/2026,0.003937008,109.8155198,99
49,2/27/2026,0,318.7317073,254
49,2/28/2026,0,777.0588235,883
49,3/1/2026,0.358267725,377.4006969,250
49,3/2/2026,0.456692964,81.78779841,56
49,3/3/2026,0.137795269,81.78779841,80
49,3/4/2026,0.086614184,158.1783439,97
49,3/5/2026,0.078740157,109.8155198,83
50,2/4/2026,0,377.4006969,249
50,2/5/2026,0,296.3813559,235
50,2/6/2026,0,594.6557377,567
50,2/7/2026,0,1068.395833,837
50,2/8/2026,0,557.0555556,430
50,2/9/2026,0,247.0916335,174
50,2/10/2026,0,247.0916335,184
50,2/11/2026,0.011811025,377.4006969,233
50,2/12/2026,0,318.7317073,284
50,2/13/2026,0,641.4963504,581
50,2/14/2026,0,1271.785714,1661
50,2/15/2026,0,813.875,924
50,2/16/2026,0,591.8529412,620
50,2/17/2026,0,347.687188,488
50,2/18/2026,0.066929139,472.6632124,577
50,2/19/2026,0.035433073,393.3469388,664
50,2/20/2026,0.326771677,674.3894737,829
50,2/21/2026,0.0511811,1377.461538,1182
50,2/22/2026,0.078740157,691.8602151,291
50,2/23/2026,0,264.10625,282
50,2/24/2026,0,264.10625,199
50,2/25/2026,0,402.7702703,314
50,2/26/2026,0.023622049,329.976378,334
50,2/27/2026,0,628.7835821,723
50,2/28/2026,0,1320.05,1478
50,3/1/2026,0.011811025,689.8461538,700
50,3/2/2026,0,262.2347561,258
50,3/3/2026,0.129921272,262.2347561,207
50,3/4/2026,0.216535434,377.4006969,335
50,3/5/2026,0.535433114,325.104,329
51,2/4/2026,0,194.2274678,182
51,2/5/2026,0,109.8155198,93
51,2/6/2026,0,329.976378,307
51,2/7/2026,0,879.2439024,772
51,2/8/2026,0,329.976378,250
51,2/9/2026,0.003937008,109.792,105
51,2/10/2026,0,109.792,97
51,2/11/2026,0,208.2268908,185
51,2/12/2026,0,134.5725699,143
51,2/13/2026,0,409.4651163,432
51,2/14/2026,0,974.0987654,1167
51,2/15/2026,0,533.7429467,656
51,2/16/2026,0,325.104,408
51,2/17/2026,0.019685039,134.5725699,156
51,2/18/2026,0.271653533,236.9805825,84
51,2/19/2026,0,160.9544554,103
51,2/20/2026,0,409.4651163,343
51,2/21/2026,0,1102.105263,1034
51,2/22/2026,0,464.2833333,532
51,2/23/2026,0,109.8155198,103
51,2/24/2026,0.011811025,109.8155198,117
51,2/25/2026,0,214.1163793,193
51,2/26/2026,0,144.875,196
51,2/27/2026,0,409.4651163,371
51,2/28/2026,0,1102.105263,1132
51,3/1/2026,0,439.2601626,663
51,3/2/2026,0,109.8155198,91
51,3/3/2026,0,109.8155198,133
51,3/4/2026,0,214.1163793,188
51,3/5/2026,0,144.875,169
52,2/4/2026,0,238.7488789,173
52,2/5/2026,0,158.1783439,148
52,2/6/2026,0.019685039,347.687188,326
52,2/7/2026,0,771.6206897,597
52,2/8/2026,0,393.3469388,267
52,2/9/2026,0,144.875,90
52,2/10/2026,0,144.875,128
52,2/11/2026,0,262.2347561,165
52,2/12/2026,0,175.1505576,148
52,2/13/2026,0.003937008,434.5722222,341
52,2/14/2026,0.003937008,846.2641509,1043
52,2/15/2026,0,628.7835821,575
52,2/16/2026,0,413.3858268,294
52,2/17/2026,0.314960629,236.9805825,151
52,2/18/2026,0.023622049,310.0405405,172
52,2/19/2026,0.003937008,214.1163793,217
52,2/20/2026,0.011811025,460.9315068,346
52,2/21/2026,0,974.0987654,747
52,2/22/2026,0,557.0555556,499
52,2/23/2026,0,160.9544554,143
52,2/24/2026,0,160.9544554,137
52,2/25/2026,0,286.8571429,278
52,2/26/2026,0,194.2274678,211
52,2/27/2026,0,434.5722222,414
52,2/28/2026,0,974.0987654,772
52,3/1/2026,0,533.7429467,509
52,3/2/2026,0,160.9544554,119
52,3/3/2026,0,160.9544554,135
52,3/4/2026,0,275.8613861,223
52,3/5/2026,0,194.2274678,188
53,2/4/2026,0,160.9544554,115
53,2/5/2026,0,107.4480519,62
53,2/6/2026,0,275.8613861,207
53,2/7/2026,0,727.0666667,719
53,2/8/2026,0,308.6872727,221
53,2/9/2026,0,81.78779841,53
53,2/10/2026,0,81.78779841,89
53,2/11/2026,0.003937008,175.1505576,119
53,2/12/2026,0,109.8155198,143
53,2/13/2026,0,347.687188,328
53,2/14/2026,0,810.3402062,962
53,2/15/2026,0.031496063,504.9354839,680
53,2/16/2026,0.015748031,262.2347561,532
53,2/17/2026,0,109.8155198,155
53,2/18/2026,0.043307088,179.1344538,94
53,2/19/2026,0.074803151,134.5725699,83
53,2/20/2026,0.527559042,377.4006969,232
53,2/21/2026,0,974.0987654,806
53,2/22/2026,0.114173226,464.2833333,168
53,2/23/2026,0,107.4480519,42
53,2/24/2026,0,107.4480519,67
53,2/25/2026,0,179.1344538,136
53,2/26/2026,0.086614169,126.5437882,106
53,2/27/2026,0,347.687188,360
53,2/28/2026,0,947.4925373,759
53,3/1/2026,0.003937008,413.3858268,426
53,3/2/2026,0,107.4480519,63
53,3/3/2026,0.16141732,109.792,72
53,3/4/2026,0.251968503,179.1344538,136
53,3/5/2026,0.16141732,126.5437882,83
54,2/4/2026,0,134.5725699,79
54,2/5/2026,0,81.78779841,58
54,2/6/2026,0,238.7488789,154
54,2/7/2026,0,628.7835821,466
54,2/8/2026,0,236.9805825,154
54,2/9/2026,0,76.81111111,30
54,2/10/2026,0,76.81111111,49
54,2/11/2026,0.070866145,144.875,81
54,2/12/2026,0,101,98
54,2/13/2026,0,286.8571429,221
54,2/14/2026,0.397637784,733.862069,738
54,2/15/2026,0.003937008,393.3469388,333
54,2/16/2026,0,194.2274678,151
54,2/17/2026,0,81.78779841,64
54,2/18/2026,0,158.1783439,64
54,2/19/2026,0,109.8155198,45
54,2/20/2026,0,296.3813559,219
54,2/21/2026,0.027559057,777.0588235,555
54,2/22/2026,0,377.4006969,386
54,2/23/2026,0,76.81111111,77
54,2/24/2026,0,76.81111111,68
54,2/25/2026,0,151.2089552,128
54,2/26/2026,0,109.8155198,80
54,2/27/2026,0,286.8571429,283
54,2/28/2026,0,761.4489796,489
54,3/1/2026,0,347.687188,285
54,3/2/2026,0,76.81111111,61
54,3/3/2026,0,76.81111111,59
54,3/4/2026,0.074803151,151.2089552,91
54,3/5/2026,0.122047231,109.8155198,65
55,2/4/2026,0.011811025,134.5725699,130
55,2/5/2026,0,81.78779841,69
55,2/6/2026,0,220.8461538,197
55,2/7/2026,0,628.7835821,734
55,2/8/2026,0,236.9805825,270
55,2/9/2026,0,76.81111111,66
55,2/10/2026,0,76.81111111,93
55,2/11/2026,0,144.875,124
55,2/12/2026,0,101,123
55,2/13/2026,0,264.2101911,287
55,2/14/2026,0,674.3894737,1030
55,2/15/2026,0.464566916,347.687188,556
55,2/16/2026,0.740157545,214.1163793,259
55,2/17/2026,0,81.78779841,106
55,2/18/2026,0,151.2089552,83
55,2/19/2026,0.354330689,118.9402985,135
55,2/20/2026,0.405511826,286.8571429,266
55,2/21/2026,0,733.862069,757
55,2/22/2026,0.287401587,347.687188,321
55,2/23/2026,0.019685039,80.72222222,83
55,2/24/2026,0,80.72222222,110
55,2/25/2026,0,144.875,124
55,2/26/2026,0.125984251,109.8155198,130
55,2/27/2026,0.003937008,264.2101911,291
55,2/28/2026,0,733.862069,796
55,3/1/2026,0,329.976378,319
55,3/2/2026,0.05511811,81.78779841,91
55,3/3/2026,0.169291347,81.78779841,80
55,3/4/2026,0,144.875,124
55,3/5/2026,0,109.8155198,121
56,2/4/2026,0,118.9402985,75
56,2/5/2026,0,76.81111111,27
56,2/6/2026,0,160.9544554,136
56,2/7/2026,0,329.976378,313
56,2/8/2026,0.05511811,160.9544554,103
56,2/9/2026,0,50.43478261,36
56,2/10/2026,0,50.43478261,38
56,2/11/2026,0,126.5437882,78
56,2/12/2026,0,76.81111111,77
56,2/13/2026,0.244094491,192.3618421,184
56,2/14/2026,0.496063054,402.7702703,520
56,2/15/2026,0.137795284,214.1163793,242
56,2/16/2026,0,175.1505576,136
56,2/17/2026,0,76.81111111,57
56,2/18/2026,0,134.5725699,57
56,2/19/2026,0,101,54
56,2/20/2026,0,192.3618421,119
56,2/21/2026,0.031496063,413.3858268,299
56,2/22/2026,0,214.1163793,234
56,2/23/2026,0,55.58333333,88
56,2/24/2026,0,55.58333333,72
56,2/25/2026,0,126.5437882,93
56,2/26/2026,0.023622049,81.78779841,48
56,2/27/2026,0,179.1344538,154
56,2/28/2026,0.039370079,413.3858268,427
56,3/1/2026,0.003937008,208.2805755,208
56,3/2/2026,0.031496063,55.58333333,50
56,3/3/2026,0,55.58333333,41
56,3/4/2026,1.712598443,126.5437882,91
56,3/5/2026,0.011811025,81.78779841,58
57,2/4/2026,0,185.9294118,116
57,2/5/2026,0,109.8155198,74
57,2/6/2026,0,296.3813559,269
57,2/7/2026,0,947.4925373,930
57,2/8/2026,0,318.7317073,286
57,2/9/2026,0,109.792,73
57,2/10/2026,0,109.792,79
57,2/11/2026,0,194.2274678,101
57,2/12/2026,0,126.5437882,87
57,2/13/2026,0,377.4006969,286
57,2/14/2026,0.003937008,1056.5,1302
57,2/15/2026,0.594488204,557.0555556,560
57,2/16/2026,0,296.3813559,296
57,2/17/2026,0,134.5725699,105
57,2/18/2026,0.074803151,220.8461538,103
57,2/19/2026,0.236220494,175.1505576,115
57,2/20/2026,0.342519671,377.4006969,321
57,2/21/2026,0,1271.785714,1099
57,2/22/2026,0,504.9354839,495
57,2/23/2026,0,109.8155198,97
57,2/24/2026,0,109.8155198,103
57,2/25/2026,0.003937008,208.2805755,144
57,2/26/2026,0,144.875,95
57,2/27/2026,0,347.687188,314
57,2/28/2026,0,1216.5,1081
57,3/1/2026,0,460.9315068,609
57,3/2/2026,0,109.8155198,137
57,3/3/2026,0.606299281,109.8155198,112
57,3/4/2026,0.96063,214.1163793,59
57,3/5/2026,0.685039461,144.875,6
58,2/4/2026,0,134.5725699,85
58,2/5/2026,0,81.78779841,55
58,2/6/2026,0,208.2805755,163
58,2/7/2026,0,557.0555556,557
58,2/8/2026,0,214.1163793,300
58,2/9/2026,0,74.20454545,74
58,2/10/2026,0,74.20454545,59
58,2/11/2026,0,134.5725699,76
58,2/12/2026,0,81.78779841,89
58,2/13/2026,0,244.0131579,297
58,2/14/2026,0,628.7835821,1016
58,2/15/2026,0.448818922,329.976378,532
58,2/16/2026,0,179.1344538,346
58,2/17/2026,0,81.78779841,102
58,2/18/2026,0.043307088,144.875,90
58,2/19/2026,0.019685039,109.8155198,90
58,2/20/2026,0.814960659,262.2347561,238
58,2/21/2026,0,689.8461538,812
58,2/22/2026,0.003937008,318.7317073,402
58,2/23/2026,0,74.20454545,82
58,2/24/2026,0,74.20454545,79
58,2/25/2026,0.043307088,134.5725699,108
58,2/26/2026,0,107.4480519,111
58,2/27/2026,0,244.0131579,216
58,2/28/2026,0,674.3894737,716
58,3/1/2026,0,308.6872727,411
58,3/2/2026,0,76.81111111,74
58,3/3/2026,0.314960629,80.72222222,60
58,3/4/2026,0.429133952,144.875,125
58,3/5/2026,0.988189161,109.792,107
59,2/4/2026,0,134.5725699,97
59,2/5/2026,0,81.78779841,98
59,2/6/2026,0.003937008,208.2805755,189
59,2/7/2026,0,533.7429467,584
59,2/8/2026,0,214.1163793,237
59,2/9/2026,0,76.81111111,53
59,2/10/2026,0,76.81111111,61
59,2/11/2026,0,144.875,113
59,2/12/2026,0,101,86
59,2/13/2026,0,244.0131579,284
59,2/14/2026,0,600.75,876
59,2/15/2026,0,325.104,411
59,2/16/2026,0,208.2805755,222
59,2/17/2026,0,81.78779841,124
59,2/18/2026,0.129921243,158.1783439,106
59,2/19/2026,0,109.8155198,107
59,2/20/2026,0.385826796,262.2347561,199
59,2/21/2026,0,674.3894737,689
59,2/22/2026,0,318.7317073,379
59,2/23/2026,0,81.78779841,119
59,2/24/2026,0,81.78779841,130
59,2/25/2026,0,151.2089552,197
59,2/26/2026,0,109.8155198,151
59,2/27/2026,0,244.0131579,384
59,2/28/2026,0,641.4963504,694
59,3/1/2026,0.003937008,308.6872727,450
59,3/2/2026,0,81.78779841,120
59,3/3/2026,0,81.78779841,84
59,3/4/2026,0,151.2089552,139
59,3/5/2026,0.015748031,109.8155198,108
60,2/4/2026,0,160.9544554,126
60,2/5/2026,0,109.792,65
60,2/6/2026,0,238.7488789,205
60,2/7/2026,0,600.6805556,463
60,2/8/2026,0,262.2347561,198
60,2/9/2026,0,81.78779841,118
60,2/10/2026,0.011811025,81.78779841,55
60,2/11/2026,1.062992215,175.1505576,106
60,2/12/2026,0.165354326,109.8155198,87
60,2/13/2026,0,325.104,225
60,2/14/2026,0,674.3894737,721
60,2/15/2026,0.051181108,406.9115646,475
60,2/16/2026,2.094487906,264.10625,385
60,2/17/2026,0.582677126,134.5725699,174
60,2/18/2026,0.192913368,194.2274678,272
60,2/19/2026,0.704724491,144.875,212
60,2/20/2026,0.031496063,318.7317073,276
60,2/21/2026,0,740.2895547,583
60,2/22/2026,0,377.4006969,358
60,2/23/2026,0,109.792,77
60,2/24/2026,0.236220479,109.8155198,74
60,2/25/2026,0.736220539,185.9294118,139
60,2/26/2026,0.003937008,126.5437882,117
60,2/27/2026,0,308.6872727,248
60,2/28/2026,0,733.862069,566
60,3/1/2026,0,377.4006969,410
60,3/2/2026,0.003937008,109.792,97
60,3/3/2026,0,109.792,71
60,3/4/2026,0.007874016,179.1344538,106
60,3/5/2026,0,126.5437882,109
61,2/4/2026,0,194.2274678,121
61,2/5/2026,0,109.8155198,80
61,2/6/2026,0,286.8571429,199
61,2/7/2026,0,771.6206897,437
61,2/8/2026,0,377.4006969,232
61,2/9/2026,0,109.792,66
61,2/10/2026,0,109.792,72
61,2/11/2026,0,208.2805755,122
61,2/12/2026,0,126.5437882,92
61,2/13/2026,0,402.7702703,227
61,2/14/2026,0,846.2641509,969
61,2/15/2026,0,600.6805556,629
61,2/16/2026,0,413.3858268,519
61,2/17/2026,0,236.9805825,435
61,2/18/2026,0.074803151,347.687188,656
61,2/19/2026,0,236.9805825,682
61,2/20/2026,0.011811021,393.3469388,459
61,2/21/2026,0.031496067,974.0987654,840
61,2/22/2026,0,557.0555556,363
61,2/23/2026,0,109.8155198,
61,2/24/2026,0,109.8155198,134
61,2/25/2026,0.003937008,214.1163793,206
61,2/26/2026,0,144.875,144
61,2/27/2026,0,377.4006969,323
61,2/28/2026,0,974.0987654,864
61,3/1/2026,0,533.7429467,463
61,3/2/2026,0,109.8155198,96
61,3/3/2026,0.011811022,109.8155198,96
61,3/4/2026,0.374015749,214.1163793,136
61,3/5/2026,0.007874016,144.875,121
62,2/4/2026,0,238.7488789,153
62,2/5/2026,0,158.1783439,115
62,2/6/2026,0,393.3469388,285
62,2/7/2026,0,1027.7,918
62,2/8/2026,0,460.9315068,318
62,2/9/2026,0,134.5725699,74
62,2/10/2026,0,134.5725699,91
62,2/11/2026,0.062992126,247.0916335,199
62,2/12/2026,0,175.1505576,195
62,2/13/2026,0.003937008,472.6632124,459
62,2/14/2026,0.413385808,1271.785714,1524
62,2/15/2026,0.11023622,691.8602151,860
62,2/16/2026,0,413.3858268,364
62,2/17/2026,0,195.173913,115
62,2/18/2026,0,308.6872727,185
62,2/19/2026,0,226.6818182,187
62,2/20/2026,0.003937008,513.1666667,438
62,2/21/2026,0.019685039,1320.05,1085
62,2/22/2026,0,628.7835821,776
62,2/23/2026,0,144.875,122
62,2/24/2026,0,144.875,142
62,2/25/2026,0,264.10625,218
62,2/26/2026,0,179.1344538,167
62,2/27/2026,0,472.6632124,445
62,2/28/2026,0,1297.740741,1128
62,3/1/2026,0,628.7835821,693
62,3/2/2026,0,144.875,130
62,3/3/2026,0.003937008,144.875,141
62,3/4/2026,0.062992126,262.2347561,207
62,3/5/2026,0.157480314,192.3618421,160
63,2/4/2026,0,194.2274678,146
63,2/5/2026,0,109.8155198,96
63,2/6/2026,0,275.8613861,272
63,2/7/2026,0.350393683,674.3894737,621
63,2/8/2026,1.074803233,347.687188,236
63,2/9/2026,0.181102365,109.8155198,96
63,2/10/2026,0.011811025,109.792,71
63,2/11/2026,0,208.2268908,134
63,2/12/2026,0,126.5437882,133
63,2/13/2026,0.011811025,377.4006969,310
63,2/14/2026,0.228346452,810.3402062,881
63,2/15/2026,0.236220434,533.7429467,654
63,2/16/2026,0.16141732,325.104,318
63,2/17/2026,0.122047223,144.875,88
63,2/18/2026,0.102362193,221.2258065,121
63,2/19/2026,0.177165344,160.9544554,149
63,2/20/2026,0.047244098,347.687188,308
63,2/21/2026,0.204724431,879.2439024,706
63,2/22/2026,0.570866168,504.9354839,488
63,2/23/2026,1.224409461,112.6666667,126
63,2/24/2026,0.614173293,112.6666667,147
63,2/25/2026,0.125984251,214.1163793,193
63,2/26/2026,0,144.875,177
63,2/27/2026,0,347.687188,340
63,2/28/2026,0,846.2641509,727
63,3/1/2026,0,460.9315068,470
63,3/2/2026,0.003937008,109.8155198,142
63,3/3/2026,0.015748031,109.8155198,114
63,3/4/2026,0.744094551,214.1163793,154
63,3/5/2026,0.228346452,151.2089552,115
64,2/4/2026,0,472.6632124,310
64,2/5/2026,0.228346467,308.6872727,321
64,2/6/2026,0,600.75,487
64,2/7/2026,0,1216.5,1016
64,2/8/2026,0,674.3894737,363
64,2/9/2026,0,254.6361213,148
64,2/10/2026,0,254.6361213,165
64,2/11/2026,0,472.6632124,337
64,2/12/2026,0.007874016,325.104,230
64,2/13/2026,0,641.4963504,538
64,2/14/2026,0,1377.461538,1381
64,2/15/2026,0.003937008,974.0987654,842
64,2/16/2026,0.448818922,628.7835821,534
64,2/17/2026,0,347.687188,267
64,2/18/2026,0,533.7429467,359
64,2/19/2026,0,347.687188,296
64,2/20/2026,0,641.4963504,467
64,2/21/2026,0,1482.75,1043
64,2/22/2026,0.137795284,865.2863603,803
64,2/23/2026,0,262.2347561,308
64,2/24/2026,0,262.2347561,332
64,2/25/2026,0,504.9354839,352
64,2/26/2026,0,346.67,282
64,2/27/2026,0.196850389,691.8602151,631
64,2/28/2026,0.653543413,1482.75,1208
64,3/1/2026,0.007874016,782.8181818,671
64,3/2/2026,0,262.2347561,202
64,3/3/2026,0.05511811,262.2347561,206
64,3/4/2026,0,504.9354839,323
64,3/5/2026,0.011811025,329.976378,239
66,2/4/2026,0,118.9402985,47
66,2/5/2026,0,76.81111111,49
66,2/6/2026,0,179.1344538,150
66,2/7/2026,0,377.4006969,321
66,2/8/2026,0.011811025,179.1344538,79
66,2/9/2026,0,50.43478261,41
66,2/10/2026,0,50.43478261,65
66,2/11/2026,0,126.5437882,60
66,2/12/2026,0,76.81111111,63
66,2/13/2026,0,208.2268908,178
66,2/14/2026,0.437007844,439.2601626,590
66,2/15/2026,0.035433076,247.0916335,277
66,2/16/2026,0,175.1505576,104
66,2/17/2026,0,76.81111111,45
66,2/18/2026,0,134.5725699,66
66,2/19/2026,0,101,68
66,2/20/2026,0,208.2805755,184
66,2/21/2026,0,472.6632124,483
66,2/22/2026,0,244.0131579,226
66,2/23/2026,0,55.58333333,42
66,2/24/2026,0,55.58333333,51
66,2/25/2026,0,126.5437882,92
66,2/26/2026,0,81.78779841,124
66,2/27/2026,0,208.2268908,165
66,2/28/2026,0,460.9315068,381
66,3/1/2026,0.039370079,244.0131579,235
66,3/2/2026,0.007874016,55.58333333,55
66,3/3/2026,0.015748031,55.58333333,72
66,3/4/2026,0.098425195,126.5437882,58
66,3/5/2026,0.145669296,81.78779841,50
67,2/4/2026,0,220.8461538,159
67,2/5/2026,0,158.1783439,145
67,2/6/2026,0.015748033,347.687188,292
67,2/7/2026,0,974.0987654,936
67,2/8/2026,0,413.3858268,327
67,2/9/2026,0,134.5725699,135
67,2/10/2026,0,134.5725699,116
67,2/11/2026,0,238.7488789,148
67,2/12/2026,0,160.9544554,153
67,2/13/2026,0,460.9315068,346
67,2/14/2026,0,1102.105263,1497
67,2/15/2026,0,646.25,759
67,2/16/2026,0,413.3858268,431
67,2/17/2026,0,208.2268908,147
67,2/18/2026,0.346456677,296.3813559,156
67,2/19/2026,0.011811025,214.1163793,147
67,2/20/2026,0.086614177,472.6632124,365
67,2/21/2026,0,1297.740741,1008
67,2/22/2026,0,628.7835821,622
67,2/23/2026,0,158.1783439,134
67,2/24/2026,0,158.1783439,141
67,2/25/2026,0,262.2347561,257
67,2/26/2026,0,192.3618421,306
67,2/27/2026,0,439.2601626,545
67,2/28/2026,0,1271.785714,1219
67,3/1/2026,0,600.75,784
67,3/2/2026,0,158.1783439,243
67,3/3/2026,0.003937008,158.1783439,105
67,3/4/2026,0.078740157,262.2347561,186
67,3/5/2026,0.035433073,192.3618421,201
68,2/4/2026,0,118.9402985,89
68,2/5/2026,0,76.81111111,49
68,2/6/2026,0,179.1344538,148
68,2/7/2026,0,377.4006969,371
68,2/8/2026,0.019685039,179.1344538,109
68,2/9/2026,0.204724386,64.14049587,75
68,2/10/2026,0,50.43478261,62
68,2/11/2026,0.094488181,126.5437882,90
68,2/12/2026,0.003937008,76.81111111,50
68,2/13/2026,0,208.2268908,251
68,2/14/2026,0,406.9115646,705
68,2/15/2026,0,262.2347561,279
68,2/16/2026,0,175.1505576,217
68,2/17/2026,0.236220464,81.78779841,62
68,2/18/2026,0.007874016,134.5725699,97
68,2/19/2026,0,101,78
68,2/20/2026,0,208.2805755,228
68,2/21/2026,0,464.2833333,486
68,2/22/2026,0,244.0131579,262
68,2/23/2026,0,55.58333333,57
68,2/24/2026,0.551181078,64.14049587,74
68,2/25/2026,0.09842521,126.5437882,127
68,2/26/2026,0,81.78779841,99
68,2/27/2026,0,208.2268908,243
68,2/28/2026,0,460.9315068,482
68,3/1/2026,0.043307088,244.0131579,257
68,3/2/2026,0.145669281,55.58333333,86
68,3/3/2026,0.003937008,55.58333333,71
68,3/4/2026,0.05905512,126.5437882,155
68,3/5/2026,0.188976347,81.78779841,72
69,2/4/2026,0.039370079,262.2347561,174
69,2/5/2026,0.023622051,175.1505576,157
69,2/6/2026,0,402.7702703,341
69,2/7/2026,0.003937008,1056.5,1090
69,2/8/2026,0,460.9315068,445
69,2/9/2026,0,151.2089552,104
69,2/10/2026,0,151.2089552,125
69,2/11/2026,0.035433073,264.2101911,220
69,2/12/2026,0,179.1344538,179
69,2/13/2026,0,472.6632124,447
69,2/14/2026,0,1271.785714,1550
69,2/15/2026,0.212598413,691.8602151,963
69,2/16/2026,0.952755868,533.7429467,618
69,2/17/2026,0,194.2274678,128
69,2/18/2026,0,308.6872727,188
69,2/19/2026,0.303149581,238.7488789,225
69,2/20/2026,0.826771736,533.7429467,415
69,2/21/2026,0.019685039,1377.461538,1285
69,2/22/2026,1.181102276,689.8461538,585
69,2/23/2026,0.082677163,160.9544554,196
69,2/24/2026,0,160.9544554,190
69,2/25/2026,0,296.3813559,236
69,2/26/2026,0.57874018,208.2805755,245
69,2/27/2026,0.043307088,460.9315068,470
69,2/28/2026,0,1320.05,1467
69,3/1/2026,0,628.7835821,751
69,3/2/2026,0.031496067,160.9544554,199
69,3/3/2026,0.082677171,175.1505576,197
69,3/4/2026,0,286.8571429,236
69,3/5/2026,0,194.2274678,232
70,2/4/2026,0,247.0916335,212
70,2/5/2026,0,160.9544554,153
70,2/6/2026,0,347.687188,330
70,2/7/2026,0,947.4925373,812
70,2/8/2026,0,402.7702703,327
70,2/9/2026,0,144.875,108
70,2/10/2026,0,144.875,124
70,2/11/2026,0,264.10625,180
70,2/12/2026,0,179.1344538,153
70,2/13/2026,0,460.9315068,331
70,2/14/2026,0,1043.925926,1339
70,2/15/2026,0,628.7835821,765
70,2/16/2026,0,504.9354839,628
70,2/17/2026,0.007874016,286.8571429,565
70,2/18/2026,0.066929139,406.9115646,749
70,2/19/2026,0,275.8613861,808
70,2/20/2026,0.023622045,504.9354839,399
70,2/21/2026,0.007874016,1184.1,1179
70,2/22/2026,0,594.6557377,556
70,2/23/2026,0,160.9544554,177
70,2/24/2026,0,160.9544554,177
70,2/25/2026,0,296.3813559,279
70,2/26/2026,0.007874017,194.2274678,250
70,2/27/2026,0,439.2601626,478
70,2/28/2026,0,1167.421053,1320
70,3/1/2026,0,557.0555556,790
70,3/2/2026,0,160.9544554,184
70,3/3/2026,0.019685039,160.9544554,84
70,3/4/2026,0.102362216,296.3813559,269
70,3/5/2026,0.102362201,208.2805755,176
71,2/4/2026,0,175.1505576,114
71,2/5/2026,0,109.8155198,74
71,2/6/2026,0,247.0916335,223
71,2/7/2026,0.003937008,641.4963504,565
71,2/8/2026,0,262.2347561,219
71,2/9/2026,0,109.792,75
71,2/10/2026,0.007874016,109.792,70
71,2/11/2026,0.003937008,185.9294118,113
71,2/12/2026,0,126.5437882,124
71,2/13/2026,0,329.976378,234
71,2/14/2026,0,733.862069,1074
71,2/15/2026,0,413.3858268,599
71,2/16/2026,0,325.104,482
71,2/17/2026,0.086614169,179.1344538,416
71,2/18/2026,0.220472455,262.2347561,586
71,2/19/2026,0.007874016,194.2274678,614
71,2/20/2026,0.437007844,347.687188,688
71,2/21/2026,0.031496067,813.875,1005
71,2/22/2026,0.011811026,409.4651163,473
71,2/23/2026,0,109.8155198,101
71,2/24/2026,0,109.8155198,141
71,2/25/2026,0.015748033,194.2274678,177
71,2/26/2026,0,134.5725699,134
71,2/27/2026,0,329.976378,376
71,2/28/2026,0.007874016,810.3402062,1056
71,3/1/2026,0,393.3469388,485
71,3/2/2026,0,109.8155198,116
71,3/3/2026,0.043307092,109.8155198,121
71,3/4/2026,0.082677171,194.2274678,165
71,3/5/2026,0.157480314,134.5725699,129
72,2/4/2026,0.059055123,134.5725699,75
72,2/5/2026,0.11023622,101,94
72,2/6/2026,0.023622049,221.2258065,187
72,2/7/2026,0,641.4963504,701
72,2/8/2026,0,236.9805825,219
72,2/9/2026,0,76.81111111,80
72,2/10/2026,0,76.81111111,67
72,2/11/2026,0.055118114,144.875,97
72,2/12/2026,0,101,71
72,2/13/2026,0,286.8571429,314
72,2/14/2026,0,689.8461538,1030
72,2/15/2026,0.988189101,377.4006969,464
72,2/16/2026,0.007874016,208.2268908,183
72,2/17/2026,0,101,73
72,2/18/2026,0,160.9544554,66
72,2/19/2026,0.086614177,113.3275739,96
72,2/20/2026,0.015748031,286.8571429,262
72,2/21/2026,0.082677163,810.3402062,712
72,2/22/2026,0.129921257,347.687188,402
72,2/23/2026,0,81.78779841,100
72,2/24/2026,0,81.78779841,44
72,2/25/2026,0,158.1783439,158
72,2/26/2026,0.665354371,109.8155198,113
72,2/27/2026,0.122047253,296.3813559,251
72,2/28/2026,0,782.8181818,702
72,3/1/2026,0,329.976378,399
72,3/2/2026,0,81.78779841,73
72,3/3/2026,0.003937008,81.78779841,72
72,3/4/2026,0,158.1783439,111
72,3/5/2026,0,109.8155198,104
74,2/4/2026,0,262.2347561,188
74,2/5/2026,0.003937008,160.9544554,147
74,2/6/2026,0,377.4006969,329
74,2/7/2026,0,1027.7,1105
74,2/8/2026,0,434.5722222,384
74,2/9/2026,0,134.5725699,73
74,2/10/2026,0,134.5725699,100
74,2/11/2026,0,264.10625,171
74,2/12/2026,0,175.1505576,162
74,2/13/2026,0,492.8076499,477
74,2/14/2026,0,1167.421053,1503
74,2/15/2026,0.019685039,727.0666667,907
74,2/16/2026,0,460.9315068,536
74,2/17/2026,0,247.0916335,366
74,2/18/2026,0.216535434,347.687188,364
74,2/19/2026,0.295275569,253.6,298
74,2/20/2026,0.074803159,533.7429467,534
74,2/21/2026,0,1320.05,1150
74,2/22/2026,0,641.4963504,588
74,2/23/2026,0,160.9544554,132
74,2/24/2026,0,160.9544554,199
74,2/25/2026,0,310.0405405,224
74,2/26/2026,0,194.2274678,190
74,2/27/2026,0,472.6632124,490
74,2/28/2026,0.003937008,1320.05,1263
74,3/1/2026,0,628.7835821,743
74,3/2/2026,0,144.875,180
74,3/3/2026,0.003937008,144.875,143
74,3/4/2026,0,286.8571429,297
74,3/5/2026,0.677165389,194.2274678,175
75,2/4/2026,0,236.9805825,129
75,2/5/2026,0,151.2089552,123
75,2/6/2026,0,347.687188,280
75,2/7/2026,0,777.0588235,666
75,2/8/2026,0,413.3858268,253
75,2/9/2026,0,134.5725699,117
75,2/10/2026,0.015748031,134.5725699,73
75,2/11/2026,0.66535449,262.2347561,209
75,2/12/2026,0,160.9544554,191
75,2/13/2026,0,434.5722222,275
75,2/14/2026,0,813.875,794
75,2/15/2026,0,628.7835821,578
75,2/16/2026,1.314960718,439.2601626,595
75,2/17/2026,0.287401557,214.1163793,185
75,2/18/2026,0.480315,318.7317073,169
75,2/19/2026,0.448818892,214.1163793,168
75,2/20/2026,0.003937008,434.5722222,415
75,2/21/2026,0,974.0987654,713
75,2/22/2026,0,557.0555556,498
75,2/23/2026,0,144.875,117
75,2/24/2026,0,144.875,164
75,2/25/2026,0,262.2347561,218
75,2/26/2026,0,179.1344538,147
75,2/27/2026,0,413.3858268,303
75,2/28/2026,0,974.0987654,743
75,3/1/2026,0,533.7429467,434
75,3/2/2026,0,144.875,120
75,3/3/2026,0,144.875,134
75,3/4/2026,0,262.2347561,178
75,3/5/2026,0,179.1344538,92
76,2/4/2026,0,175.1505576,91
76,2/5/2026,0,109.792,74
76,2/6/2026,0.007874017,264.10625,253
76,2/7/2026,0,628.7835821,611
76,2/8/2026,0,275.8613861,236
76,2/9/2026,0,81.78779841,57
76,2/10/2026,0,81.78779841,52
76,2/11/2026,0,175.1505576,131
76,2/12/2026,0,109.8155198,105
76,2/13/2026,0,347.687188,274
76,2/14/2026,0,689.8461538,651
76,2/15/2026,0,434.5722222,409
76,2/16/2026,0,264.10625,239
76,2/17/2026,0,126.5437882,68
76,2/18/2026,0.287401587,194.2274678,64
76,2/19/2026,0,134.5725699,95
76,2/20/2026,0.090551168,347.687188,283
76,2/21/2026,0,777.0588235,603
76,2/22/2026,0,406.9115646,351
76,2/23/2026,0,101,50
76,2/24/2026,0,101,37
76,2/25/2026,0,185.9294118,84
76,2/26/2026,0,126.5437882,114
76,2/27/2026,0,346.67,207
76,2/28/2026,0,777.0588235,509
76,3/1/2026,0,402.7702703,483
76,3/2/2026,0,101,77
76,3/3/2026,0,101,59
76,3/4/2026,0.011811025,185.9294118,101
76,3/5/2026,0.059055123,126.5437882,58
77,2/4/2026,0.515748084,347.687188,165
77,2/5/2026,0.015748031,220.8461538,146
77,2/6/2026,0,393.3469388,167
77,2/7/2026,0,810.3402062,586
77,2/8/2026,0,406.9115646,237
77,2/9/2026,0,195.173913,65
77,2/10/2026,0,195.173913,68
77,2/11/2026,0,347.687188,96
77,2/12/2026,0.035433069,247.0916335,97
77,2/13/2026,0,464.2833333,306
77,2/14/2026,0,974.0987654,1116
77,2/15/2026,1.251968622,727.0666667,767
77,2/16/2026,0,557.0555556,377
77,2/17/2026,0,285,107
77,2/18/2026,0,409.4651163,178
77,2/19/2026,0.027559057,264.10625,119
77,2/20/2026,0.291338593,533.7429467,293
77,2/21/2026,0.086614177,1068.395833,924
77,2/22/2026,0.047244098,557.0555556,433
77,2/23/2026,0,208.2268908,134
77,2/24/2026,0,208.2268908,139
77,2/25/2026,0.015748031,347.687188,129
77,2/26/2026,0.043307088,247.0916335,101
77,2/27/2026,0.291338563,533.7429467,296
77,2/28/2026,0.015748031,1043.925926,944
77,3/1/2026,0,533.7429467,418
77,3/2/2026,0,208.2268908,103
77,3/3/2026,0,208.2268908,110
77,3/4/2026,0,347.687188,179
77,3/5/2026,0,262.2347561,111
78,2/4/2026,0,202.2571429,137
78,2/5/2026,0,134.5725699,101
78,2/6/2026,0,282.147541,221
78,2/7/2026,0,600.75,468
78,2/8/2026,0,296.3813559,231
78,2/9/2026,0,126.5437882,100
78,2/10/2026,0.003937008,126.5437882,125
78,2/11/2026,0.618110299,214.1163793,123
78,2/12/2026,0,144.875,159
78,2/13/2026,0,347.687188,256
78,2/14/2026,0,641.4963504,671
78,2/15/2026,0.015748031,439.2601626,409
78,2/16/2026,1.291338563,347.687188,408
78,2/17/2026,0.334645689,175.1505576,121
78,2/18/2026,0.303149581,238.7488789,177
78,2/19/2026,0.503937006,179.1344538,180
78,2/20/2026,0,347.687188,312
78,2/21/2026,0,741.3333333,512
78,2/22/2026,0,413.3858268,369
78,2/23/2026,0,126.5437882,153
78,2/24/2026,0,126.5437882,107
78,2/25/2026,0,214.1163793,188
78,2/26/2026,0,160.9544554,135
78,2/27/2026,0,347.687188,275
78,2/28/2026,0,733.862069,501
78,3/1/2026,0,409.4651163,341
78,3/2/2026,0,126.5437882,99
78,3/3/2026,0,126.5437882,110
78,3/4/2026,0,214.1163793,187
78,3/5/2026,0,160.9544554,128
79,2/4/2026,0,118.9402985,75
79,2/5/2026,0,76.81111111,52
79,2/6/2026,0,175.1505576,157
79,2/7/2026,0,347.687188,407
79,2/8/2026,0,175.1505576,111
79,2/9/2026,0,50.43478261,40
79,2/10/2026,0,50.43478261,49
79,2/11/2026,0,126.5437882,82
79,2/12/2026,0,76.81111111,67
79,2/13/2026,0.007874016,202.2571429,204
79,2/14/2026,0.354330719,406.9115646,597
79,2/15/2026,0,244.0131579,287
79,2/16/2026,0,175.1505576,150
79,2/17/2026,0.047244098,76.81111111,50
79,2/18/2026,0,134.5725699,92
79,2/19/2026,0.007874016,101,89
79,2/20/2026,0.011811025,208.2268908,176
79,2/21/2026,0,434.5722222,453
79,2/22/2026,0,236.9805825,312
79,2/23/2026,0,55.58333333,69
79,2/24/2026,0,55.58333333,64
79,2/25/2026,0,126.5437882,106
79,2/26/2026,0,81.78779841,99
79,2/27/2026,0,202.2571429,214
79,2/28/2026,0,434.5722222,464
79,3/1/2026,0,221.2258065,243
79,3/2/2026,0,55.58333333,35
79,3/3/2026,0,55.58333333,52
79,3/4/2026,0,126.5437882,103
79,3/5/2026,0,81.78779841,60
80,2/4/2026,0,179.1344538,142
80,2/5/2026,0,109.8155198,136
80,2/6/2026,0,286.8571429,275
80,2/7/2026,0,761.4489796,566
80,2/8/2026,0,310.0405405,244
80,2/9/2026,0,107.4480519,93
80,2/10/2026,0,107.4480519,97
80,2/11/2026,0,194.2274678,128
80,2/12/2026,0,126.5437882,139
80,2/13/2026,0,377.4006969,435
80,2/14/2026,0,810.3402062,1165
80,2/15/2026,0,504.9354839,721
80,2/16/2026,0,347.687188,590
80,2/17/2026,0,160.9544554,342
80,2/18/2026,0,236.9805825,321
80,2/19/2026,0,175.1505576,216
80,2/20/2026,0,347.687188,262
80,2/21/2026,0,947.4925373,930
80,2/22/2026,0,434.5722222,279
80,2/23/2026,0,109.8155198,1
80,2/24/2026,0,109.8155198,206
80,2/25/2026,0,208.2268908,154
80,2/26/2026,0,134.5725699,132
80,2/27/2026,0,347.687188,382
80,2/28/2026,0,947.4925373,997
80,3/1/2026,0,434.5722222,543
80,3/2/2026,0,109.8155198,83
80,3/3/2026,0,109.8155198,69
80,3/4/2026,0.027559057,194.2274678,165
80,3/5/2026,0,134.5725699,130
81,2/4/2026,0,134.5725699,70
81,2/5/2026,0,81.78779841,47
81,2/6/2026,0,208.2268908,142
81,2/7/2026,0,439.2601626,430
81,2/8/2026,0.003937008,214.1163793,136
81,2/9/2026,0,64.14049587,33
81,2/10/2026,0,64.14049587,34
81,2/11/2026,0.330708653,134.5725699,27
81,2/12/2026,0,81.78779841,53
81,2/13/2026,0,238.7488789,222
81,2/14/2026,0.484251976,557.0555556,567
81,2/15/2026,0.007874016,318.7317073,356
81,2/16/2026,0,179.1344538,183
81,2/17/2026,0,81.78779841,35
81,2/18/2026,0,144.875,64
81,2/19/2026,0,109.792,67
81,2/20/2026,0.015748031,247.0916335,179
81,2/21/2026,0,600.6805556,443
81,2/22/2026,0,308.6872727,270
81,2/23/2026,0,71,43
81,2/24/2026,0,71,37
81,2/25/2026,0,144.875,71
81,2/26/2026,0,107.4480519,63
81,2/27/2026,0,238.7488789,137
81,2/28/2026,0,594.6557377,330
81,3/1/2026,0,296.3813559,235
81,3/2/2026,0.003937008,74.20454545,60
81,3/3/2026,0,74.20454545,55
81,3/4/2026,0.051181108,144.875,88
81,3/5/2026,0.318897665,107.4480519,57
82,2/4/2026,0,214.1163793,90
82,2/5/2026,0,144.875,105
82,2/6/2026,0,346.67,331
82,2/7/2026,0,782.8181818,621
82,2/8/2026,0,413.3858268,334
82,2/9/2026,0,126.5437882,85
82,2/10/2026,0,126.5437882,93
82,2/11/2026,0.078740157,226.6818182,146
82,2/12/2026,0,158.1783439,128
82,2/13/2026,0,460.9315068,339
82,2/14/2026,0,947.4925373,1036
82,2/15/2026,0,645,622
82,2/16/2026,0,434.5722222,526
82,2/17/2026,0,238.7488789,367
82,2/18/2026,0.11023622,347.687188,533
82,2/19/2026,0.078740157,262.2347561,564
82,2/20/2026,0.279527545,460.9315068,596
82,2/21/2026,0.007874016,1068.395833,949
82,2/22/2026,0.007874016,628.7835821,129
82,2/23/2026,0,151.2089552,
82,2/24/2026,0,151.2089552,130
82,2/25/2026,0,262.2347561,172
82,2/26/2026,0.051181108,192.3618421,203
82,2/27/2026,0,434.5722222,361
82,2/28/2026,0,1043.925926,1102
82,3/1/2026,0,600.75,692
82,3/2/2026,0,134.5725699,110
82,3/3/2026,0.133858263,144.875,125
82,3/4/2026,0.228346452,247.0916335,234
82,3/5/2026,0.42125985,179.1344538,163
83,2/4/2026,0,126.5437882,39
83,2/5/2026,0,76.81111111,66
83,2/6/2026,0,179.1344538,98
83,2/7/2026,0,347.687188,234
83,2/8/2026,0,179.1344538,102
83,2/9/2026,0,52.2,39
83,2/10/2026,0,52.2,29
83,2/11/2026,0.019685039,126.5437882,75
83,2/12/2026,0,81.78779841,106
83,2/13/2026,0.015748031,208.2268908,206
83,2/14/2026,1.224409461,413.3858268,503
83,2/15/2026,0,247.0916335,168
83,2/16/2026,0,175.1505576,101
83,2/17/2026,0,76.81111111,73
83,2/18/2026,0.003937008,134.5725699,61
83,2/19/2026,0.003937008,107.4480519,82
83,2/20/2026,0.003937008,208.2805755,133
83,2/21/2026,0,439.2601626,248
83,2/22/2026,0,238.7488789,119
83,2/23/2026,0,56.52,52
83,2/24/2026,0,56.52,43
83,2/25/2026,0,134.5725699,76
83,2/26/2026,0,81.78779841,62
83,2/27/2026,0,208.2268908,143
83,2/28/2026,0,434.5722222,274
83,3/1/2026,0.007874016,236.9805825,146
83,3/2/2026,0.043307088,56.52,49
83,3/3/2026,0.023622049,56.52,36
83,3/4/2026,0.055118114,126.5437882,43
83,3/5/2026,0.125984251,81.78779841,93
84,2/4/2026,0,238.7488789,178
84,2/5/2026,0,160.9544554,89
84,2/6/2026,0,347.687188,309
84,2/7/2026,0,974.0987654,529
84,2/8/2026,0,413.3858268,300
84,2/9/2026,0,126.5437882,87
84,2/10/2026,0,126.5437882,95
84,2/11/2026,0,247.0916335,134
84,2/12/2026,0,160.9544554,106
84,2/13/2026,0,460.9315068,294
84,2/14/2026,0,1068.395833,1235
84,2/15/2026,0,674.3894737,834
84,2/16/2026,0,464.2833333,703
84,2/17/2026,0,264.2101911,483
84,2/18/2026,0.031496063,402.7702703,913
84,2/19/2026,0,282.147541,671
84,2/20/2026,0.007874017,504.9354839,666
84,2/21/2026,0.011811029,1271.785714,941
84,2/22/2026,0,628.7835821,567
84,2/23/2026,0,144.875,
84,2/24/2026,0,144.875,222
84,2/25/2026,0,264.2101911,201
84,2/26/2026,0,192.3618421,175
84,2/27/2026,0,460.9315068,347
84,2/28/2026,0,1271.785714,858
84,3/1/2026,0,600.75,612
84,3/2/2026,0,144.875,95
84,3/3/2026,0.003937009,144.875,99
84,3/4/2026,0.279527545,275.8613861,263
84,3/5/2026,0.015748031,179.1344538,84
85,2/4/2026,0,175.1505576,82
85,2/5/2026,0,109.792,87
85,2/6/2026,0.007874016,286.8571429,223
85,2/7/2026,0,786.4763084,677
85,2/8/2026,0,264.10625,227
85,2/9/2026,0,81.78779841,109
85,2/10/2026,0,81.78779841,96
85,2/11/2026,0,179.1344538,130
85,2/12/2026,0,109.8155198,110
85,2/13/2026,0,377.4006969,376
85,2/14/2026,0,947.4925373,1217
85,2/15/2026,0,464.2833333,473
85,2/16/2026,0,264.10625,305
85,2/17/2026,0,126.5437882,150
85,2/18/2026,0.330708683,214.1163793,155
85,2/19/2026,0,134.5725699,83
85,2/20/2026,0.507874012,393.3469388,270
85,2/21/2026,0,1043.925926,787
85,2/22/2026,0,413.3858268,390
85,2/23/2026,0,107.4480519,90
85,2/24/2026,0,107.4480519,65
85,2/25/2026,0,194.2274678,133
85,2/26/2026,0,126.5437882,120
85,2/27/2026,0,377.4006969,317
85,2/28/2026,0,1041.227273,818
85,3/1/2026,0,406.9115646,490
85,3/2/2026,0,107.4480519,76
85,3/3/2026,0,107.4480519,76
85,3/4/2026,0,194.2274678,183
85,3/5/2026,0.22047241,134.5725699,97
86,2/4/2026,0,238.7488789,180
86,2/5/2026,0,158.1783439,142
86,2/6/2026,0,347.687188,376
86,2/7/2026,0,879.2439024,828
86,2/8/2026,0,347.687188,359
86,2/9/2026,0,144.875,127
86,2/10/2026,0.003937008,144.875,123
86,2/11/2026,0,262.2347561,238
86,2/12/2026,0,175.1505576,153
86,2/13/2026,0,464.2833333,403
86,2/14/2026,0,1041.227273,1234
86,2/15/2026,0,600.75,709
86,2/16/2026,0,460.9315068,605
86,2/17/2026,0.015748031,236.9805825,398
86,2/18/2026,0.547244132,377.4006969,721
86,2/19/2026,0.090551183,286.8571429,693
86,2/20/2026,0.232283458,513.1666667,694
86,2/21/2026,0,1216.5,1056
86,2/22/2026,0,557.0555556,619
86,2/23/2026,0,160.9544554,89
86,2/24/2026,0,160.9544554,174
86,2/25/2026,0.015748031,286.8571429,233
86,2/26/2026,0,194.2274678,179
86,2/27/2026,0,460.9315068,421
86,2/28/2026,0.094488196,1184.1,1104
86,3/1/2026,0,533.7429467,728
86,3/2/2026,0,160.9544554,172
86,3/3/2026,0.031496063,160.9544554,152
86,3/4/2026,0.015748031,286.8571429,276
86,3/5/2026,0.393700778,202.2571429,195
87,2/4/2026,0,208.2268908,168
87,2/5/2026,0,109.8155198,119
87,2/6/2026,0,329.976378,299
87,2/7/2026,0,810.3402062,752
87,2/8/2026,0,329.976378,274
87,2/9/2026,0,109.792,98
87,2/10/2026,0,109.792,86
87,2/11/2026,0,214.1163793,154
87,2/12/2026,0,126.5437882,150
87,2/13/2026,0,409.4651163,458
87,2/14/2026,0,929.4210526,1218
87,2/15/2026,0,533.7429467,624
87,2/16/2026,0,318.7317073,317
87,2/17/2026,0,134.5725699,136
87,2/18/2026,0.267716557,244.0131579,61
87,2/19/2026,0,175.1505576,116
87,2/20/2026,0,409.4651163,347
87,2/21/2026,0,1027.7,954
87,2/22/2026,0,472.6632124,532
87,2/23/2026,0,109.8155198,85
87,2/24/2026,0.011811025,109.8155198,111
87,2/25/2026,0,221.2258065,215
87,2/26/2026,0,144.875,192
87,2/27/2026,0,406.9115646,407
87,2/28/2026,0,1027.7,926
87,3/1/2026,0,439.2601626,663
87,3/2/2026,0,109.8155198,139
87,3/3/2026,0,109.8155198,182
87,3/4/2026,0,220.8461538,158
87,3/5/2026,0.003937008,144.875,163
88,2/4/2026,0,175.1505576,147
88,2/5/2026,0,109.8155198,157
88,2/6/2026,0,279.6428571,329
88,2/7/2026,0,628.7835821,562
88,2/8/2026,0,318.7317073,230
88,2/9/2026,0,109.792,169
88,2/10/2026,0.023622049,109.792,76
88,2/11/2026,0.732283473,194.2274678,160
88,2/12/2026,0,126.5437882,137
88,2/13/2026,0,347.687188,399
88,2/14/2026,0,691.8602151,1052
88,2/15/2026,0,504.9354839,592
88,2/16/2026,1.03937006,318.7317073,367
88,2/17/2026,0.614173234,144.875,121
88,2/18/2026,0.405511796,208.2805755,126
88,2/19/2026,0.385826826,160.9544554,167
88,2/20/2026,0.023622049,347.687188,349
88,2/21/2026,0,810.3402062,670
88,2/22/2026,0,439.2601626,477
88,2/23/2026,0,109.8155198,112
88,2/24/2026,0,109.8155198,79
88,2/25/2026,0,194.2274678,216
88,2/26/2026,0,134.5725699,178
88,2/27/2026,0,347.687188,321
88,2/28/2026,0,782.8181818,651
88,3/1/2026,0,434.5722222,428
88,3/2/2026,0,109.8155198,104
88,3/3/2026,0,109.8155198,105
88,3/4/2026,0,194.2274678,142
88,3/5/2026,0,134.5725699,144
89,2/4/2026,0.38188976,296.3813559,167
89,2/5/2026,0,175.1505576,157
89,2/6/2026,0,417.9166667,373
89,2/7/2026,0,1102.105263,1081
89,2/8/2026,0.003937008,533.7429467,413
89,2/9/2026,0,158.1783439,136
89,2/10/2026,0.015748031,158.1783439,94
89,2/11/2026,0.137795284,308.6872727,186
89,2/12/2026,0,194.2274678,177
89,2/13/2026,0.011811025,504.9354839,557
89,2/14/2026,0.263779491,1297.740741,1460
89,2/15/2026,0.665354311,782.8181818,965
89,2/16/2026,0,472.6632124,428
89,2/17/2026,0,194.2274678,110
89,2/18/2026,0.007874016,329.976378,154
89,2/19/2026,0.003937008,214.1163793,169
89,2/20/2026,0.106299207,533.7429467,369
89,2/21/2026,0.003937008,1377.461538,1148
89,2/22/2026,0,674.3894737,750
89,2/23/2026,0,159.3125,138
89,2/24/2026,0,159.3125,121
89,2/25/2026,0,310.0405405,225
89,2/26/2026,0.003937008,194.2274678,179
89,2/27/2026,0,504.9354839,513
89,2/28/2026,0,1377.461538,1121
89,3/1/2026,0,646.25,726
89,3/2/2026,0,159.3125,89
89,3/3/2026,0.074803151,160.9544554,116
89,3/4/2026,0.098425195,310.0405405,184
89,3/5/2026,0.086614177,202.2571429,166
90,2/4/2026,0,236.9805825,141
90,2/5/2026,0,158.1783439,118
90,2/6/2026,0.003937008,347.687188,356
90,2/7/2026,0,733.862069,640
90,2/8/2026,0,406.9115646,251
90,2/9/2026,0,144.875,82
90,2/10/2026,0,144.875,111
90,2/11/2026,0,247.0916335,156
90,2/12/2026,0,175.1505576,135
90,2/13/2026,0.043307088,447.1,430
90,2/14/2026,0,879.2439024,1000
90,2/15/2026,0,628.7835821,539
90,2/16/2026,0,409.4651163,309
90,2/17/2026,0.338582665,214.1163793,143
90,2/18/2026,0.027559055,308.6872727,216
90,2/19/2026,0,214.1163793,195
90,2/20/2026,0,460.9315068,353
90,2/21/2026,0,1027.7,808
90,2/22/2026,0,628.7835821,477
90,2/23/2026,0,160.9544554,114
90,2/24/2026,0,160.9544554,143
90,2/25/2026,0,275.8613861,259
90,2/26/2026,0,194.2274678,210
90,2/27/2026,0,439.2601626,429
90,2/28/2026,0,1005.025,861
90,3/1/2026,0,591.8529412,581
90,3/2/2026,0,160.9544554,129
90,3/3/2026,0,160.9544554,106
90,3/4/2026,0,264.2101911,230
90,3/5/2026,0,194.2274678,176
91,2/4/2026,0,208.2268908,124
91,2/5/2026,0,134.5725699,120
91,2/6/2026,0,347.687188,238
91,2/7/2026,0,929.4210526,945
91,2/8/2026,0,409.4651163,329
91,2/9/2026,0,109.8155198,121
91,2/10/2026,0,109.8155198,87
91,2/11/2026,0,214.1163793,135
91,2/12/2026,0,144.875,138
91,2/13/2026,0,413.3858268,360
91,2/14/2026,0,1027.7,1057
91,2/15/2026,0.275590569,628.7835821,762
91,2/16/2026,0.409448802,406.9115646,611
91,2/17/2026,0,175.1505576,229
91,2/18/2026,0,247.0916335,131
91,2/19/2026,0.444881856,208.2268908,120
91,2/20/2026,0.716535449,460.9315068,351
91,2/21/2026,0,1165.06383,1015
91,2/22/2026,0.263779521,594.6557377,488
91,2/23/2026,0.007874008,134.5725699,265
91,2/24/2026,0,134.5725699,93
91,2/25/2026,0,226.6818182,144
91,2/26/2026,0.059055123,175.1505576,117
91,2/27/2026,0,413.3858268,361
91,2/28/2026,0,1165.06383,967
91,3/1/2026,0,557.0555556,588
91,3/2/2026,0,134.5725699,112
91,3/3/2026,0.137795269,144.875,75
91,3/4/2026,0.20078738,247.0916335,163
91,3/5/2026,0.015748031,160.9544554,148
92,2/4/2026,0,214.1163793,147
92,2/5/2026,0,134.5725699,117
92,2/6/2026,0,347.687188,310
92,2/7/2026,0.275590569,771.6206897,742
92,2/8/2026,0,329.976378,221
92,2/9/2026,0,109.8155198,83
92,2/10/2026,0,109.8155198,115
92,2/11/2026,0,236.9805825,193
92,2/12/2026,0,144.875,146
92,2/13/2026,0.082677163,434.5722222,442
92,2/14/2026,0.011811025,810.3402062,1251
92,2/15/2026,0,533.7429467,578
92,2/16/2026,0,346.67,204
92,2/17/2026,0,160.9544554,89
92,2/18/2026,0,262.2347561,127
92,2/19/2026,0,179.1344538,172
92,2/20/2026,0,460.9315068,403
92,2/21/2026,0,974.0987654,807
92,2/22/2026,0,504.9354839,546
92,2/23/2026,0,134.5725699,94
92,2/24/2026,0,134.5725699,102
92,2/25/2026,0,247.0916335,166
92,2/26/2026,0,160.9544554,207
92,2/27/2026,0,434.5722222,376
92,2/28/2026,0,947.4925373,858
92,3/1/2026,0,460.9315068,536
92,3/2/2026,0,134.5725699,138
92,3/3/2026,0,134.5725699,127
92,3/4/2026,0,247.0916335,207
92,3/5/2026,0,160.9544554,176
93,2/4/2026,0,194.2274678,170
93,2/5/2026,0,109.8155198,95
93,2/6/2026,0,286.8571429,267
93,2/7/2026,0,771.6206897,498
93,2/8/2026,0,286.8571429,266
93,2/9/2026,0,109.792,113
93,2/10/2026,0.035433073,109.792,60
93,2/11/2026,0,208.2268908,132
93,2/12/2026,0,126.5437882,83
93,2/13/2026,0,402.7702703,268
93,2/14/2026,0,864.0833333,1097
93,2/15/2026,0,504.9354839,648
93,2/16/2026,0,347.687188,450
93,2/17/2026,0.023622049,194.2274678,421
93,2/18/2026,0.299212605,308.6872727,522
93,2/19/2026,0.027559057,208.2268908,593
93,2/20/2026,0.42125988,393.3469388,773
93,2/21/2026,0.015748033,974.0987654,1000
93,2/22/2026,0,439.2601626,512
93,2/23/2026,0.015748033,109.8155198,60
93,2/24/2026,0,109.8155198,122
93,2/25/2026,0.015748031,214.1163793,190
93,2/26/2026,0,144.875,208
93,2/27/2026,0,393.3469388,374
93,2/28/2026,0.039370079,974.0987654,991
93,3/1/2026,0,413.3858268,659
93,3/2/2026,0,109.8155198,113
93,3/3/2026,0.015748031,109.8155198,143
93,3/4/2026,0.039370082,214.1163793,170
93,3/5/2026,0.133858263,158.1783439,167
94,2/4/2026,0,286.8571429,180
94,2/5/2026,0,194.2274678,138
94,2/6/2026,0.011811025,409.4651163,388
94,2/7/2026,0,864.0833333,615
94,2/8/2026,0,439.2601626,245
94,2/9/2026,0,175.1505576,283
94,2/10/2026,0,175.1505576,100
94,2/11/2026,0.051181108,308.6872727,164
94,2/12/2026,0,214.1163793,163
94,2/13/2026,0,472.6632124,404
94,2/14/2026,0,974.0987654,1001
94,2/15/2026,0,691.8602151,774
94,2/16/2026,0,533.7429467,483
94,2/17/2026,0.228346452,238.7488789,190
94,2/18/2026,0.318897665,347.687188,182
94,2/19/2026,0.027559057,238.7488789,172
94,2/20/2026,0.031496063,472.6632124,368
94,2/21/2026,0,1068.395833,803
94,2/22/2026,0,628.7835821,639
94,2/23/2026,0,175.1505576,206
94,2/24/2026,0,175.1505576,197
94,2/25/2026,0,318.7317073,216
94,2/26/2026,0,214.1163793,212
94,2/27/2026,0,460.9315068,399
94,2/28/2026,0,1055.697612,750
94,3/1/2026,0,628.7835821,649
94,3/2/2026,0,175.1505576,120
94,3/3/2026,0,175.1505576,135
94,3/4/2026,0,310.0405405,234
94,3/5/2026,0,214.1163793,164
95,2/4/2026,0,160.9544554,116
95,2/5/2026,0,109.792,91
95,2/6/2026,0,264.10625,186
95,2/7/2026,0,646.25,589
95,2/8/2026,0,286.8571429,254
95,2/9/2026,0,81.78779841,56
95,2/10/2026,0,81.78779841,51
95,2/11/2026,0,175.1505576,107
95,2/12/2026,0,109.8155198,99
95,2/13/2026,0,347.687188,369
95,2/14/2026,0,761.4489796,1108
95,2/15/2026,0.224409446,460.9315068,531
95,2/16/2026,0.393700749,264.2101911,375
95,2/17/2026,0,118.9402985,96
95,2/18/2026,0.007874016,179.1344538,86
95,2/19/2026,0.2401575,134.5725699,102
95,2/20/2026,0.830708683,347.687188,272
95,2/21/2026,0,846.2641509,998
95,2/22/2026,0.314960659,439.2601626,317
95,2/23/2026,0.043307088,101,120
95,2/24/2026,0,101,95
95,2/25/2026,0.003937008,179.1344538,117
95,2/26/2026,0.094488196,126.5437882,110
95,2/27/2026,0,346.67,307
95,2/28/2026,0,846.2641509,994
95,3/1/2026,0,413.3858268,472
95,3/2/2026,0,101,98
95,3/3/2026,0.161417335,101,73
95,3/4/2026,0.192913368,175.1505576,109
95,3/5/2026,0.039370079,126.5437882,117
96,2/4/2026,0.712598443,160.9544554,96
96,2/5/2026,0.165354326,109.792,110
96,2/6/2026,0.007874016,214.1163793,232
96,2/7/2026,0.003937008,594.6557377,779
96,2/8/2026,0,220.8461538,261
96,2/9/2026,0,76.81111111,63
96,2/10/2026,0,76.81111111,84
96,2/11/2026,0.043307092,160.9544554,118
96,2/12/2026,0,107.4480519,69
96,2/13/2026,0,262.2347561,272
96,2/14/2026,0,628.7835821,1116
96,2/15/2026,0.669291377,347.687188,582
96,2/16/2026,0.023622049,214.1163793,321
96,2/17/2026,0,109.8155198,82
96,2/18/2026,0,175.1505576,117
96,2/19/2026,0.031496063,126.5437882,84
96,2/20/2026,0.377952784,264.1705582,227
96,2/21/2026,0.913385808,727.0666667,804
96,2/22/2026,0.114173226,329.976378,406
96,2/23/2026,0,81.78779841,129
96,2/24/2026,0,81.78779841,92
96,2/25/2026,0,175.1505576,107
96,2/26/2026,0.314960629,118.9402985,114
96,2/27/2026,0.877952814,264.10625,294
96,2/28/2026,0.003937008,691.8602151,608
96,3/1/2026,0,318.7317073,376
96,3/2/2026,0,81.78779841,72
96,3/3/2026,0,81.78779841,97
96,3/4/2026,0,175.1505576,126
96,3/5/2026,0,109.8155198,144
97,2/4/2026,0,134.5725699,100
97,2/5/2026,0,81.78779841,74
97,2/6/2026,0,226.6818182,165
97,2/7/2026,0,641.4963504,506
97,2/8/2026,0,226.6818182,188
97,2/9/2026,0,81.78779841,33
97,2/10/2026,0.090551183,81.78779841,65
97,2/11/2026,0.145669296,144.875,100
97,2/12/2026,0,109.792,100
97,2/13/2026,0,286.8571429,234
97,2/14/2026,0.228346467,782.8181818,978
97,2/15/2026,1.956692934,393.3469388,339
97,2/16/2026,0,208.2268908,171
97,2/17/2026,0,98.74468085,55
97,2/18/2026,0,160.9544554,87
97,2/19/2026,0.003937008,109.8155198,88
97,2/20/2026,0,296.3813559,255
97,2/21/2026,0.047244098,864.0833333,811
97,2/22/2026,0,347.687188,387
97,2/23/2026,0,81.78779841,123
97,2/24/2026,0,81.78779841,59
97,2/25/2026,0.015748031,158.1783439,115
97,2/26/2026,0.015748031,109.8155198,82
97,2/27/2026,0,286.8571429,225
97,2/28/2026,0,846.2641509,776
97,3/1/2026,0,347.687188,314
97,3/2/2026,0.141732275,81.78779841,54
97,3/3/2026,0.003937008,81.78779841,50
97,3/4/2026,0.003937008,151.2089552,80
97,3/5/2026,0.015748031,109.8155198,59
98,2/4/2026,0,194.2274678,120
98,2/5/2026,0,109.8155198,130
98,2/6/2026,0,310.0405405,238
98,2/7/2026,0,727.0666667,736
98,2/8/2026,0,308.6872727,362
98,2/9/2026,0,109.792,56
98,2/10/2026,0.003937008,109.792,91
98,2/11/2026,0,202.2571429,110
98,2/12/2026,0,130.3824013,174
98,2/13/2026,0,406.9115646,491
98,2/14/2026,0,782.8181818,1023
98,2/15/2026,0,472.6632124,921
98,2/16/2026,0,325.104,732
98,2/17/2026,0,144.875,101
98,2/18/2026,0.169291317,226.0666667,117
98,2/19/2026,0.027559055,175.1505576,147
98,2/20/2026,0.279527545,409.4651163,376
98,2/21/2026,0.007874016,929.4210526,781
98,2/22/2026,0,434.5722222,315
98,2/23/2026,0,109.8155198,69
98,2/24/2026,0,109.8155198,82
98,2/25/2026,0.003937008,214.1163793,100
98,2/26/2026,0,144.875,101
98,2/27/2026,0,393.3469388,330
98,2/28/2026,0.031496063,929.4210526,641
98,3/1/2026,0,417.9166667,483
98,3/2/2026,0,109.8155198,69
98,3/3/2026,0.003937008,109.8155198,99
98,3/4/2026,0,208.2805755,113
98,3/5/2026,0.129921272,158.1783439,84
99,2/4/2026,0,144.875,70
99,2/5/2026,0,97.7826087,75
99,2/6/2026,0,226.6818182,160
99,2/7/2026,0,600.6805556,478
99,2/8/2026,0,264.10625,234
99,2/9/2026,0,81.78779841,63
99,2/10/2026,0,81.78779841,70
99,2/11/2026,0,158.1783439,99
99,2/12/2026,0,109.792,72
99,2/13/2026,0,286.8571429,240
99,2/14/2026,0,641.4963504,804
99,2/15/2026,0.216535434,406.9115646,486
99,2/16/2026,0.322834641,238.7488789,395
99,2/17/2026,0,101,122
99,2/18/2026,0.003937008,160.9544554,95
99,2/19/2026,0.149606302,126.5437882,60
99,2/20/2026,0.795275569,308.6872727,173
99,2/21/2026,0,733.862069,617
99,2/22/2026,0.287401557,406.9115646,279
99,2/23/2026,0.023622043,81.78779841,112
99,2/24/2026,0,81.78779841,89
99,2/25/2026,0.011811025,160.9544554,86
99,2/26/2026,0.106299214,109.8155198,164
99,2/27/2026,0,286.8571429,196
99,2/28/2026,0,727.0666667,694
99,3/1/2026,0,393.3469388,480
99,3/2/2026,0,81.78779841,59
99,3/3/2026,0.157480329,81.78779841,83
99,3/4/2026,0.196850374,159.3125,134
99,3/5/2026,0.18110238,109.8155198,98
100,2/4/2026,0,194.2274678,161
100,2/5/2026,0,109.8155198,110
100,2/6/2026,0,262.2347561,332
100,2/7/2026,0,689.8461538,796
100,2/8/2026,0,264.10625,288
100,2/9/2026,0,81.78779841,90
100,2/10/2026,0,81.78779841,77
100,2/11/2026,0,194.2274678,137
100,2/12/2026,0,109.8155198,169
100,2/13/2026,0,347.687188,380
100,2/14/2026,0,782.8181818,1135
100,2/15/2026,0,434.5722222,647
100,2/16/2026,0,296.3813559,351
100,2/17/2026,0,144.875,113
100,2/18/2026,0.094488204,214.1163793,178
100,2/19/2026,0.114173226,151.2089552,143
100,2/20/2026,0.413385868,347.687188,303
100,2/21/2026,0,916.65,926
100,2/22/2026,0,409.4651163,482
100,2/23/2026,0,109.792,168
100,2/24/2026,0,109.792,156
100,2/25/2026,0,208.2805755,198
100,2/26/2026,0,134.5725699,147
100,2/27/2026,0,347.687188,366
100,2/28/2026,0,879.2439024,972
100,3/1/2026,0,402.7702703,574
100,3/2/2026,0,109.792,104
100,3/3/2026,0.031496067,109.792,68
100,3/4/2026,0.003937008,208.2805755,192
100,3/5/2026,0.728346467,134.5725699,146
101,2/4/2026,0,134.5725699,85
101,2/5/2026,0,81.78779841,52
101,2/6/2026,0,236.9805825,214
101,2/7/2026,0,600.75,632
101,2/8/2026,0,226.0666667,129
101,2/9/2026,0,64.14049587,51
101,2/10/2026,0,64.14049587,36
101,2/11/2026,0,134.5725699,87
101,2/12/2026,0,81.78779841,120
101,2/13/2026,0,286.8571429,315
101,2/14/2026,1.177165389,727.0666667,976
101,2/15/2026,0.003937008,347.687188,348
101,2/16/2026,0,192.3618421,244
101,2/17/2026,0,81.78779841,63
101,2/18/2026,0.007874016,158.1783439,55
101,2/19/2026,0.011811025,109.8155198,59
101,2/20/2026,0,286.8571429,206
101,2/21/2026,0,747.1598664,620
101,2/22/2026,0,329.976378,362
101,2/23/2026,0,76.81111111,84
101,2/24/2026,0,76.81111111,43
101,2/25/2026,0,144.875,144
101,2/26/2026,0.035433069,109.792,103
101,2/27/2026,0,282.147541,248
101,2/28/2026,0.090551183,761.4489796,587
101,3/1/2026,0.448818892,329.976378,336
101,3/2/2026,0.279527545,81.78779841,78
101,3/3/2026,0.082677171,76.81111111,35
101,3/4/2026,0.102362201,151.2089552,118
101,3/5/2026,0.003937008,109.792,75
102,2/4/2026,0,247.0916335,135
102,2/5/2026,0,160.9544554,73
102,2/6/2026,0,347.687188,224
102,2/7/2026,0,727.0666667,660
102,2/8/2026,0,409.4651163,258
102,2/9/2026,0.015748031,134.5725699,133
102,2/10/2026,0.114173234,144.875,98
102,2/11/2026,0.629921317,262.2347561,196
102,2/12/2026,0.350393772,175.1505576,146
102,2/13/2026,0,434.5722222,298
102,2/14/2026,0.019685039,810.3402062,633
102,2/15/2026,0.413385838,628.7835821,636
102,2/16/2026,1.405511856,472.6632124,599
102,2/17/2026,0.783464551,202.2571429,231
102,2/18/2026,0.377952814,325.104,258
102,2/19/2026,0.78346473,214.1163793,217
102,2/20/2026,0,434.5722222,330
102,2/21/2026,0,929.4210526,548
102,2/22/2026,0,577.8163265,425
102,2/23/2026,0,158.1783439,18
102,2/24/2026,0.074803151,160.9544554,75
102,2/25/2026,0.125984237,286.8571429,140
102,2/26/2026,0,194.2274678,118
102,2/27/2026,0,409.4651163,258
102,2/28/2026,0,916.65,541
102,3/1/2026,0.011811025,557.0555556,454
102,3/2/2026,0.102362201,160.9544554,77
102,3/3/2026,0,158.1783439,89
102,3/4/2026,0.011811025,264.2101911,114
102,3/5/2026,0,192.3618421,111
103,2/4/2026,0,244.0131579,158
103,2/5/2026,0,160.9544554,100
103,2/6/2026,0.003937008,377.4006969,307
103,2/7/2026,0,782.8181818,637
103,2/8/2026,0,413.3858268,274
103,2/9/2026,0,144.875,82
103,2/10/2026,0,144.875,105
103,2/11/2026,1.287401676,264.2101911,238
103,2/12/2026,0.003937008,179.1344538,126
103,2/13/2026,0,439.2601626,427
103,2/14/2026,0,916.65,860
103,2/15/2026,0,641.4963504,603
103,2/16/2026,0.622047246,439.2601626,764
103,2/17/2026,0.456692964,226.6818182,268
103,2/18/2026,0.330708683,329.976378,355
103,2/19/2026,0.125984251,208.2805755,291
103,2/20/2026,0.192913368,504.9354839,481
103,2/21/2026,0,1005.025,812
103,2/22/2026,0,600.6805556,508
103,2/23/2026,0,144.875,92
103,2/24/2026,0,144.875,113
103,2/25/2026,0,275.8613861,184
103,2/26/2026,0,185.9294118,116
103,2/27/2026,0,434.5722222,373
103,2/28/2026,0,974.0987654,678
103,3/1/2026,0,577.8163265,416
103,3/2/2026,0,144.875,101
103,3/3/2026,0,144.875,103
103,3/4/2026,0.007874016,264.2101911,213
103,3/5/2026,0,179.1344538,150
104,2/4/2026,0.515748024,144.875,80
104,2/5/2026,0.149606287,101,202
104,2/6/2026,0,247.0916335,207
104,2/7/2026,0,691.8602151,721
104,2/8/2026,0,262.2347561,306
104,2/9/2026,0,76.81111111,50
104,2/10/2026,0,76.81111111,61
104,2/11/2026,0.070866145,144.875,93
104,2/12/2026,0,107.4480519,176
104,2/13/2026,0,296.3813559,307
104,2/14/2026,0,777.0588235,970
104,2/15/2026,0.732283473,413.3858268,437
104,2/16/2026,0.023622049,214.1163793,228
104,2/17/2026,0,81.78779841,69
104,2/18/2026,0,160.9544554,100
104,2/19/2026,0.047244098,109.8155198,155
104,2/20/2026,0.236220479,308.6872727,276
104,2/21/2026,1.086614251,879.2439024,807
104,2/22/2026,0.066929139,402.7702703,447
104,2/23/2026,0,76.81111111,119
104,2/24/2026,0,76.81111111,68
104,2/25/2026,0,151.2089552,131
104,2/26/2026,0.429133862,109.8155198,146
104,2/27/2026,0.948818922,296.3813559,314
104,2/28/2026,0,864.0833333,883
104,3/1/2026,0,393.3469388,393
104,3/2/2026,0,76.81111111,90
104,3/3/2026,0,76.81111111,79
104,3/4/2026,0,144.875,108
104,3/5/2026,0,109.8155198,74
105,2/4/2026,0,126.5437882,117
105,2/5/2026,0,81.78779841,41
105,2/6/2026,0,194.2274678,142
105,2/7/2026,0,377.4006969,272
105,2/8/2026,0,194.2274678,106
105,2/9/2026,0,64.14049587,51
105,2/10/2026,0,64.14049587,49
105,2/11/2026,0,134.5725699,61
105,2/12/2026,0,81.78779841,81
105,2/13/2026,0.232283473,220.8461538,234
105,2/14/2026,0.090551183,413.3858268,476
105,2/15/2026,0,264.2101911,244
105,2/16/2026,0,179.1344538,91
105,2/17/2026,0.358267784,81.78779841,61
105,2/18/2026,0,144.875,88
105,2/19/2026,0.157480314,109.792,76
105,2/20/2026,0.007874016,220.8461538,131
105,2/21/2026,0,472.6632124,367
105,2/22/2026,0,262.2347561,210
105,2/23/2026,0,64.14049587,70
105,2/24/2026,0,64.14049587,57
105,2/25/2026,0,134.5725699,145
105,2/26/2026,0,101,186
105,2/27/2026,0,214.1163793,231
105,2/28/2026,0,460.9315068,360
105,3/1/2026,0,262.2347561,213
105,3/2/2026,0,64.14049587,62
105,3/3/2026,0,64.14049587,62
105,3/4/2026,0,134.5725699,125
105,3/5/2026,0,101,66
106,2/4/2026,0.444881916,158.1783439,83
106,2/5/2026,0,101,81
106,2/6/2026,0,226.0666667,90
106,2/7/2026,0,591.8529412,157
106,2/8/2026,0,244.0131579,156
106,2/9/2026,0,81.78779841,69
106,2/10/2026,0,81.78779841,37
106,2/11/2026,0.216535434,160.9544554,77
106,2/12/2026,0.007874016,107.4480519,40
106,2/13/2026,0,286.8571429,84
106,2/14/2026,0.015748031,641.4963504,128
106,2/15/2026,0.704724431,402.7702703,127
106,2/16/2026,0,208.2805755,76
106,2/17/2026,0.003937008,109.8155198,122
106,2/18/2026,0.011811025,175.1505576,167
106,2/19/2026,0.035433073,126.5437882,144
106,2/20/2026,0.082677171,286.8571429,230
106,2/21/2026,0.086614177,727.0666667,494
106,2/22/2026,0.015748031,347.687188,335
106,2/23/2026,0,81.78779841,87
106,2/24/2026,0,81.78779841,101
106,2/25/2026,0,160.9544554,99
106,2/26/2026,0.047244098,109.8155198,111
106,2/27/2026,0.641732275,286.8571429,217
106,2/28/2026,0.007874016,691.8602151,825
106,3/1/2026,0,347.687188,342
106,3/2/2026,0,81.78779841,48
106,3/3/2026,0.003937008,81.78779841,54
106,3/4/2026,0.039370079,160.9544554,59
106,3/5/2026,0.051181111,109.8155198,94
107,2/4/2026,0.385826796,296.3813559,84
107,2/5/2026,0.318897665,214.1163793,97
107,2/6/2026,0,393.3469388,234
107,2/7/2026,0.019685039,974.0987654,776
107,2/8/2026,0,406.9115646,255
107,2/9/2026,0,179.1344538,58
107,2/10/2026,0,179.1344538,80
107,2/11/2026,0.062992133,308.6872727,111
107,2/12/2026,0,226.6818182,105
107,2/13/2026,0,439.2601626,423
107,2/14/2026,0,1043.925926,1205
107,2/15/2026,0.224409446,628.7835821,787
107,2/16/2026,0.244094491,557.0555556,317
107,2/17/2026,0,214.1163793,168
107,2/18/2026,0,347.687188,276
107,2/19/2026,0.023622049,238.7488789,169
107,2/20/2026,0.011811025,439.2601626,275
107,2/21/2026,1.003937006,1297.740741,850
107,2/22/2026,0.480315,577.8163265,456
107,2/23/2026,0,185.9294118,126
107,2/24/2026,0,185.9294118,127
107,2/25/2026,0,318.7317073,182
107,2/26/2026,0.011811025,226.6818182,130
107,2/27/2026,1.716535449,504.9354839,411
107,2/28/2026,0.019685039,1167.421053,1024
107,3/1/2026,0,533.7429467,516
107,3/2/2026,0,185.9294118,132
107,3/3/2026,0,185.9294118,116
107,3/4/2026,0,318.7317073,186
107,3/5/2026,0,226.6818182,123
108,2/4/2026,0.287401557,126.5437882,34
108,2/5/2026,0,76.81111111,70
108,2/6/2026,0,179.1344538,167
108,2/7/2026,0,377.4006969,442
108,2/8/2026,0,185.9294118,152
108,2/9/2026,0,50.43478261,47
108,2/10/2026,0,50.43478261,27
108,2/11/2026,0.188976392,126.5437882,41
108,2/12/2026,0,76.81111111,45
108,2/13/2026,0,208.2805755,156
108,2/14/2026,0,406.9115646,569
108,2/15/2026,0.870078743,262.2347561,351
108,2/16/2026,0.015748031,175.1505576,188
108,2/17/2026,0,76.81111111,108
108,2/18/2026,0.007874016,134.5725699,98
108,2/19/2026,0.062992133,101,95
108,2/20/2026,0.098425195,214.1163793,126
108,2/21/2026,0.251968503,472.6632124,503
108,2/22/2026,0.019685039,247.0916335,261
108,2/23/2026,0,55.58333333,36
108,2/24/2026,0,55.58333333,51
108,2/25/2026,0.031496063,126.5437882,54
108,2/26/2026,0.602362275,81.78779841,52
108,2/27/2026,0.40157485,214.1163793,140
108,2/28/2026,0,460.9315068,404
108,3/1/2026,0,238.7488789,221
108,3/2/2026,0,55.58333333,35
108,3/3/2026,0,55.58333333,31
108,3/4/2026,0,126.5437882,52
108,3/5/2026,0.023622049,81.78779841,51
109,2/4/2026,0,126.5437882,93
109,2/5/2026,0,81.78779841,140
109,2/6/2026,0,208.2268908,157
109,2/7/2026,0,409.4651163,343
109,2/8/2026,0,208.2268908,153
109,2/9/2026,0,57.23441809,123
109,2/10/2026,0,57.23441809,59
109,2/11/2026,0,134.5725699,67
109,2/12/2026,0,81.78779841,54
109,2/13/2026,0,236.9805825,175
109,2/14/2026,0.023622049,464.2833333,692
109,2/15/2026,0.003937008,286.8571429,364
109,2/16/2026,0,175.1505576,89
109,2/17/2026,0,80.72222222,62
109,2/18/2026,0,134.5725699,60
109,2/19/2026,0,109.792,78
109,2/20/2026,0,238.7488789,208
109,2/21/2026,0.015748031,533.7429467,415
109,2/22/2026,0,275.8613861,327
109,2/23/2026,0,64.14049587,69
109,2/24/2026,0,64.14049587,50
109,2/25/2026,0,134.5725699,97
109,2/26/2026,0,98.74468085,66
109,2/27/2026,0,236.9805825,238
109,2/28/2026,0.007874016,533.7429467,463
109,3/1/2026,0,264.10625,353
109,3/2/2026,0,64.14049587,46
109,3/3/2026,0,64.14049587,54
109,3/4/2026,0.003937008,134.5725699,51
109,3/5/2026,0.003937008,91.77777778,70
110,2/4/2026,0.023622049,238.7488789,141
110,2/5/2026,0.019685039,158.1783439,146
110,2/6/2026,0,325.104,321
110,2/7/2026,0,641.4963504,685
110,2/8/2026,0,318.7317073,301
110,2/9/2026,0.003937008,134.5725699,125
110,2/10/2026,0,134.5725699,121
110,2/11/2026,0.007874017,247.0916335,162
110,2/12/2026,0,160.9544554,196
110,2/13/2026,0,406.9115646,351
110,2/14/2026,0.011811023,727.0666667,908
110,2/15/2026,0.011811025,504.9354839,552
110,2/16/2026,0,347.687188,385
110,2/17/2026,0,175.1505576,99
110,2/18/2026,0,264.10625,165
110,2/19/2026,0,192.3618421,119
110,2/20/2026,0,413.3858268,330
110,2/21/2026,0,810.3402062,652
110,2/22/2026,0,439.2601626,464
110,2/23/2026,0,144.875,131
110,2/24/2026,0,144.875,145
110,2/25/2026,0,264.10625,228
110,2/26/2026,0,179.1344538,213
110,2/27/2026,0,406.9115646,452
110,2/28/2026,0,810.3402062,691
110,3/1/2026,0,434.5722222,467
110,3/2/2026,0,144.875,178
110,3/3/2026,0,144.875,116
110,3/4/2026,0,262.2347561,244
110,3/5/2026,0,179.1344538,230
111,2/4/2026,0.074803151,134.5725699,142
111,2/5/2026,0.015748031,81.78779841,62
111,2/6/2026,0.015748031,247.0916335,179
111,2/7/2026,0,628.7835821,721
111,2/8/2026,0,262.2347561,333
111,2/9/2026,0,76.81111111,63
111,2/10/2026,0,76.81111111,62
111,2/11/2026,0.015748031,144.875,96
111,2/12/2026,0,99.33904243,103
111,2/13/2026,0,296.3813559,299
111,2/14/2026,0,689.8461538,965
111,2/15/2026,1.059055209,413.3858268,543
111,2/16/2026,0.082677163,214.1163793,226
111,2/17/2026,0,81.78779841,125
111,2/18/2026,0.003937008,158.1783439,164
111,2/19/2026,0.070866145,126.5437882,116
111,2/20/2026,0.019685039,308.6872727,336
111,2/21/2026,0.106299214,782.8181818,769
111,2/22/2026,0.145669296,402.7702703,429
111,2/23/2026,0,76.81111111,98
111,2/24/2026,0,76.81111111,61
111,2/25/2026,0,144.875,122
111,2/26/2026,0.877952814,109.8155198,102
111,2/27/2026,0.287401557,296.3813559,295
111,2/28/2026,0,771.6206897,804
111,3/1/2026,0,393.3469388,426
111,3/2/2026,0,76.81111111,65
111,3/3/2026,0.019685039,76.81111111,164
111,3/4/2026,0,144.875,100
111,3/5/2026,0,109.792,94
112,2/4/2026,0,275.8613861,160
112,2/5/2026,0,192.3618421,128
112,2/6/2026,0,434.5722222,362
112,2/7/2026,0,974.0987654,772
112,2/8/2026,0,557.0555556,341
112,2/9/2026,0,160.9544554,102
112,2/10/2026,0.031496063,160.9544554,125
112,2/11/2026,1.287401438,308.6872727,174
112,2/12/2026,0.003937008,208.2268908,127
112,2/13/2026,0,504.9354839,375
112,2/14/2026,0,1056.5,991
112,2/15/2026,0,810.3402062,884
112,2/16/2026,1.389763951,533.7429467,477
112,2/17/2026,0.389763772,214.1163793,75
112,2/18/2026,0.40157485,347.687188,205
112,2/19/2026,0.503937066,238.7488789,157
112,2/20/2026,0,513.1666667,379
112,2/21/2026,0,1165.06383,960
112,2/22/2026,0,674.3894737,679
112,2/23/2026,0,160.9544554,114
112,2/24/2026,0,160.9544554,131
112,2/25/2026,0,308.6872727,183
112,2/26/2026,0,208.2268908,52
112,2/27/2026,0,504.9354839,463
112,2/28/2026,0,1165.06383,873
112,3/1/2026,0,674.3894737,637
112,3/2/2026,0,160.9544554,89
112,3/3/2026,0,160.9544554,151
112,3/4/2026,0,296.3813559,206
112,3/5/2026,0,208.2268908,149
113,2/4/2026,0.51968509,202.2571429,177
113,2/5/2026,0,126.5437882,91
113,2/6/2026,0,264.2101911,216
113,2/7/2026,0.11023622,628.7835821,513
113,2/8/2026,0.122047253,393.3469388,416
113,2/9/2026,0.157480314,109.8155198,84
113,2/10/2026,0.066929139,109.8155198,98
113,2/11/2026,0.019685039,208.2268908,121
113,2/12/2026,0.165354341,134.5725699,99
113,2/13/2026,0.035433073,347.687188,213
113,2/14/2026,0.346456677,727.0666667,657
113,2/15/2026,0.263779491,577.8163265,534
113,2/16/2026,0.027559057,325.104,267
113,2/17/2026,0.023622049,144.875,55
113,2/18/2026,0.031496063,214.1163793,85
113,2/19/2026,0,160.9544554,96
113,2/20/2026,0,347.687188,243
113,2/21/2026,0,777.5111111,595
113,2/22/2026,0,533.7429467,409
113,2/23/2026,0,109.8155198,71
113,2/24/2026,0.078740157,109.8155198,73
113,2/25/2026,0.011811025,214.1163793,172
113,2/26/2026,0.011811025,144.875,60
113,2/27/2026,0.023622049,347.687188,256
113,2/28/2026,0.003937008,777.0588235,555
113,3/1/2026,0,533.7429467,551
113,3/2/2026,0.019685039,109.8155198,177
113,3/3/2026,0,109.8155198,82
113,3/4/2026,0.299212605,214.1163793,153
113,3/5/2026,0.102362216,158.1783439,94
114,2/4/2026,0,264.2101911,160
114,2/5/2026,0,185.9294118,170
114,2/6/2026,0,472.6632124,451
114,2/7/2026,0,1165.06383,898
114,2/8/2026,0,641.4963504,333
114,2/9/2026,0,160.9544554,134
114,2/10/2026,0,160.9544554,112
114,2/11/2026,0.003937008,296.3813559,159
114,2/12/2026,0,214.1163793,165
114,2/13/2026,0,600.75,612
114,2/14/2026,0,1320.05,1528
114,2/15/2026,0,974.0987654,1276
114,2/16/2026,0,600.75,780
114,2/17/2026,0,226.6818182,326
114,2/18/2026,0.106299207,347.687188,243
114,2/19/2026,0.047244098,262.2347561,266
114,2/20/2026,0.299212575,628.7835821,511
114,2/21/2026,0.003937008,1482.75,1155
114,2/22/2026,0.015748031,810.3402062,213
114,2/23/2026,0,175.1505576,
114,2/24/2026,0,175.1505576,193
114,2/25/2026,0,296.3813559,165
114,2/26/2026,0.031496063,208.2268908,134
114,2/27/2026,0,557.0555556,412
114,2/28/2026,0,1482.75,1319
114,3/1/2026,0,782.8181818,775
114,3/2/2026,0,175.1505576,102
114,3/3/2026,0.145669311,175.1505576,119
114,3/4/2026,0.224409446,308.6872727,208
114,3/5/2026,0.385826826,214.1163793,169
115,2/4/2026,0,208.2805755,115
115,2/5/2026,0,134.5725699,101
115,2/6/2026,0,347.687188,286
115,2/7/2026,0.389763772,974.0987654,950
115,2/8/2026,0.314960629,439.2601626,319
115,2/9/2026,0.57874012,126.5437882,109
115,2/10/2026,0.047244098,114.5,98
115,2/11/2026,0,214.1163793,154
115,2/12/2026,0,134.5725699,106
115,2/13/2026,0.137795284,447.1,387
115,2/14/2026,0.350393683,1102.105263,1097
115,2/15/2026,0,641.4963504,791
115,2/16/2026,0.062992126,413.3858268,449
115,2/17/2026,0.007874016,194.2274678,278
115,2/18/2026,0.106299207,296.3813559,357
115,2/19/2026,0.031496067,192.3618421,286
115,2/20/2026,0,439.2601626,567
115,2/21/2026,0.224409446,1271.785714,1193
115,2/22/2026,0.208661407,628.7835821,651
115,2/23/2026,0.740157545,134.5725699,128
115,2/24/2026,0.023622049,126.5437882,148
115,2/25/2026,0.011811025,236.9805825,221
115,2/26/2026,0,160.9544554,193
115,2/27/2026,0.015748031,413.3858268,292
115,2/28/2026,0,1167.421053,994
115,3/1/2026,0,600.6805556,619
115,3/2/2026,0,126.5437882,109
115,3/3/2026,0.074803151,134.5725699,88
115,3/4/2026,0.622047305,238.7488789,145
115,3/5/2026,0.066929132,160.9544554,132
116,2/4/2026,0,194.2274678,169
116,2/5/2026,0,109.8155198,106
116,2/6/2026,0,275.8613861,297
116,2/7/2026,0,810.3402062,978
116,2/8/2026,0,347.687188,441
116,2/9/2026,0,107.4480519,85
116,2/10/2026,0,107.4480519,98
116,2/11/2026,0,202.2571429,159
116,2/12/2026,0,126.5437882,211
116,2/13/2026,0,377.4006969,372
116,2/14/2026,0,974.0987654,1431
116,2/15/2026,0.188976392,557.0555556,789
116,2/16/2026,0.370078743,329.976378,645
116,2/17/2026,0,134.5725699,170
116,2/18/2026,0.031496063,214.1163793,199
116,2/19/2026,0.102362201,160.9544554,169
116,2/20/2026,0.515748084,377.4006969,413
116,2/21/2026,0,1068.395833,1136
116,2/22/2026,0.271653533,533.7429467,389
116,2/23/2026,0.015748028,109.8155198,150
116,2/24/2026,0,109.8155198,130
116,2/25/2026,0.015748031,214.1163793,198
116,2/26/2026,0.0511811,144.875,175
116,2/27/2026,0,347.687188,414
116,2/28/2026,0,1068.395833,1114
116,3/1/2026,0,504.9354839,689
116,3/2/2026,0,109.8155198,107
116,3/3/2026,0.157480314,109.8155198,108
116,3/4/2026,0.192913368,214.1163793,211
116,3/5/2026,0.035433069,134.5725699,154
117,2/4/2026,0,144.875,98
117,2/5/2026,0,98.74468085,81
117,2/6/2026,0,262.2347561,281
117,2/7/2026,0,628.7835821,679
117,2/8/2026,0.043307088,262.2347561,217
117,2/9/2026,0,81.78779841,89
117,2/10/2026,0,81.78779841,63
117,2/11/2026,0,159.3125,117
117,2/12/2026,0,109.792,100
117,2/13/2026,0,346.67,321
117,2/14/2026,0.854330778,727.0666667,996
117,2/15/2026,0.074803151,409.4651163,486
117,2/16/2026,0,214.1163793,230
117,2/17/2026,0,109.8155198,69
117,2/18/2026,0,179.1344538,77
117,2/19/2026,0,134.5725699,68
117,2/20/2026,0,341.1333333,281
117,2/21/2026,0.007874016,771.6206897,746
117,2/22/2026,0,377.4006969,439
117,2/23/2026,0,95.2,95
117,2/24/2026,0,95.2,97
117,2/25/2026,0,175.1505576,141
117,2/26/2026,0,118.9402985,116
117,2/27/2026,0,329.976378,252
117,2/28/2026,0,761.4489796,650
117,3/1/2026,0.137795284,393.3469388,419
117,3/2/2026,0.637795329,109.792,124
117,3/3/2026,0.007874016,97.7826087,74
117,3/4/2026,0.236220479,175.1505576,128
117,3/5/2026,3.03149581,126.5437882,109
118,2/4/2026,0,214.1163793,125
118,2/5/2026,0,151.2089552,85
118,2/6/2026,0,347.687188,258
118,2/7/2026,0,974.0987654,621
118,2/8/2026,0,460.9315068,287
118,2/9/2026,0,134.5725699,33
118,2/10/2026,0,134.5725699,67
118,2/11/2026,0.007874016,226.0666667,79
118,2/12/2026,0,160.9544554,145
118,2/13/2026,0,460.9315068,270
118,2/14/2026,0,1149.666667,965
118,2/15/2026,0,689.8461538,752
118,2/16/2026,0.007874016,460.9315068,485
118,2/17/2026,0,194.2274678,163
118,2/18/2026,0.062992126,296.3813559,127
118,2/19/2026,0.066929139,194.2274678,109
118,2/20/2026,0.34251973,504.9354839,211
118,2/21/2026,0,1297.740741,841
118,2/22/2026,0.074803144,674.3894737,144
118,2/23/2026,0,144.875,
118,2/24/2026,0,144.875,150
118,2/25/2026,0,247.0916335,111
118,2/26/2026,0.011811025,179.1344538,110
118,2/27/2026,0,439.2601626,328
118,2/28/2026,0,1271.785714,813
118,3/1/2026,0.027559057,628.7835821,538
118,3/2/2026,0,144.875,118
118,3/3/2026,0.177165359,160.9544554,67
118,3/4/2026,0.232283458,262.2347561,170
118,3/5/2026,0.36220479,194.2274678,78
119,2/4/2026,0,126.5437882,125
119,2/5/2026,0,81.78779841,109
119,2/6/2026,0,214.1163793,206
119,2/7/2026,0,628.7835821,558
119,2/8/2026,0,214.1163793,219
119,2/9/2026,0,76.81111111,42
119,2/10/2026,0.011811025,76.81111111,40
119,2/11/2026,0.291338563,134.5725699,80
119,2/12/2026,0,101,52
119,2/13/2026,0,262.2347561,280
119,2/14/2026,0.070866145,689.8461538,857
119,2/15/2026,2.07874012,377.4006969,523
119,2/16/2026,0,192.3618421,238
119,2/17/2026,0,81.78779841,46
119,2/18/2026,0.007874016,144.875,57
119,2/19/2026,0.007874016,109.8155198,85
119,2/20/2026,0,264.10625,205
119,2/21/2026,0.023622049,782.8181818,838
119,2/22/2026,0,347.687188,407
119,2/23/2026,0,80.72222222,90
119,2/24/2026,0,80.72222222,76
119,2/25/2026,0.003937008,144.875,111
119,2/26/2026,0.220472425,109.8155198,116
119,2/27/2026,0,262.2347561,235
119,2/28/2026,0,777.0588235,833
119,3/1/2026,0,346.67,417
119,3/2/2026,0.055118114,81.78779841,57
119,3/3/2026,0.003937008,80.72222222,73
119,3/4/2026,0.019685039,134.5725699,80
119,3/5/2026,0.078740157,109.8155198,88
120,2/4/2026,0,347.687188,279
120,2/5/2026,0.338582695,214.1163793,177
120,2/6/2026,0,504.9354839,438
120,2/7/2026,0,1216.5,1187
120,2/8/2026,0,628.7835821,436
120,2/9/2026,0,185.9294118,170
120,2/10/2026,0,185.9294118,141
120,2/11/2026,0,377.4006969,238
120,2/12/2026,0.047244098,238.7488789,223
120,2/13/2026,0,600.75,658
120,2/14/2026,0,1363.290805,1422
120,2/15/2026,0,947.4925373,1029
120,2/16/2026,0.846456766,577.8163265,556
120,2/17/2026,0,247.0916335,154
120,2/18/2026,0,413.3858268,236
120,2/19/2026,0,264.10625,248
120,2/20/2026,0,600.6805556,481
120,2/21/2026,0,1482.75,1131
120,2/22/2026,0.248031512,810.3402062,1016
120,2/23/2026,0,192.3618421,243
120,2/24/2026,0,192.3618421,189
120,2/25/2026,0,377.4006969,306
120,2/26/2026,0,220.8461538,236
120,2/27/2026,0.385826826,641.4963504,558
120,2/28/2026,1.035433173,1482.75,1276
120,3/1/2026,0.035433073,761.4489796,878
120,3/2/2026,0.015748031,192.3618421,317
120,3/3/2026,0.019685039,192.3618421,141
120,3/4/2026,0.047244098,377.4006969,216
120,3/5/2026,0.291338593,236.9805825,235
121,2/4/2026,0,126.5437882,82
121,2/5/2026,0,76.81111111,50
121,2/6/2026,0.003937008,194.2274678,159
121,2/7/2026,0,472.6632124,380
121,2/8/2026,0,208.2805755,126
121,2/9/2026,0,54.23805386,39
121,2/10/2026,0,54.23805386,35
121,2/11/2026,0,126.5437882,71
121,2/12/2026,0,81.78779841,62
121,2/13/2026,0,221.2258065,198
121,2/14/2026,0,533.7429467,724
121,2/15/2026,0,308.6872727,276
121,2/16/2026,0,175.1505576,73
121,2/17/2026,0,76.81111111,55
121,2/18/2026,0.09055119,134.5725699,71
121,2/19/2026,0,107.4480519,63
121,2/20/2026,0.255905509,238.7488789,208
121,2/21/2026,0,628.7835821,536
121,2/22/2026,0,296.3813559,269
121,2/23/2026,0,56.52,69
121,2/24/2026,0,56.52,56
121,2/25/2026,0,134.5725699,79
121,2/26/2026,0,81.78779841,126
121,2/27/2026,0,221.2258065,259
121,2/28/2026,0,600.75,472
121,3/1/2026,0,286.8571429,326
121,3/2/2026,0,56.52,63
121,3/3/2026,0.003937008,56.52,72
121,3/4/2026,0,126.5437882,91
121,3/5/2026,0.027559057,81.78779841,55
122,2/4/2026,0,247.0916335,149
122,2/5/2026,0,160.9544554,122
122,2/6/2026,0.003937008,377.4006969,306
122,2/7/2026,0,782.8181818,660
122,2/8/2026,0,439.2601626,323
122,2/9/2026,0,144.875,216
122,2/10/2026,0,144.875,126
122,2/11/2026,0.366141796,275.8613861,181
122,2/12/2026,0,185.9294118,200
122,2/13/2026,0,439.2601626,330
122,2/14/2026,0,879.2439024,944
122,2/15/2026,0.003937008,641.4963504,725
122,2/16/2026,1.133858204,472.6632124,581
122,2/17/2026,0.40157488,214.1163793,154
122,2/18/2026,0.783464551,325.104,187
122,2/19/2026,0.244094491,214.1163793,238
122,2/20/2026,0,460.9315068,382
122,2/21/2026,0,974.0987654,787
122,2/22/2026,0,600.6805556,520
122,2/23/2026,0,151.2089552,94
122,2/24/2026,0,151.2089552,116
122,2/25/2026,0,264.2101911,199
122,2/26/2026,0,185.9294118,161
122,2/27/2026,0,434.5722222,350
122,2/28/2026,0,974.0987654,749
122,3/1/2026,0,594.6557377,518
122,3/2/2026,0,151.2089552,131
122,3/3/2026,0,151.2089552,104
122,3/4/2026,0,264.2101911,182
122,3/5/2026,0,185.9294118,183
124,2/4/2026,0,160.9544554,160
124,2/5/2026,0,109.792,112
124,2/6/2026,0,286.8571429,320
124,2/7/2026,0,628.7835821,632
124,2/8/2026,0,264.2101911,188
124,2/9/2026,0.035433076,97.7826087,116
124,2/10/2026,0,97.7826087,99
124,2/11/2026,0.082677163,175.1505576,39
124,2/12/2026,0.866141737,118.9402985,142
124,2/13/2026,0.110236228,347.687188,453
124,2/14/2026,0,674.3894737,1057
124,2/15/2026,0,406.9115646,497
124,2/16/2026,0,262.2347561,295
124,2/17/2026,0.078740157,134.5725699,97
124,2/18/2026,0.027559057,194.2274678,98
124,2/19/2026,0,144.875,158
124,2/20/2026,0,347.687188,353
124,2/21/2026,0,758.5454545,692
124,2/22/2026,0,393.3469388,371
124,2/23/2026,0,109.792,93
124,2/24/2026,0,109.792,168
124,2/25/2026,0.909448862,192.3618421,162
124,2/26/2026,0.22047244,134.5725699,213
124,2/27/2026,0,347.687188,389
124,2/28/2026,0,756.1871092,705
124,3/1/2026,0.007874016,377.4006969,400
124,3/2/2026,0.748031497,109.8155198,112
124,3/3/2026,0.370078743,109.8155198,104
124,3/4/2026,0,179.1344538,117
124,3/5/2026,0.153543279,134.5725699,125
125,2/4/2026,0,179.1344538,149
125,2/5/2026,0,109.8155198,122
125,2/6/2026,0,308.6872727,293
125,2/7/2026,0,777.0588235,676
125,2/8/2026,0,347.687188,333
125,2/9/2026,0,109.792,122
125,2/10/2026,0,109.792,114
125,2/11/2026,0.011811025,194.2274678,112
125,2/12/2026,0,126.5437882,119
125,2/13/2026,0,402.7702703,464
125,2/14/2026,0,864.0833333,1110
125,2/15/2026,0,577.8163265,804
125,2/16/2026,0,347.687188,642
125,2/17/2026,0,160.9544554,340
125,2/18/2026,0.078740157,238.7488789,163
125,2/19/2026,0.015748031,160.9544554,172
125,2/20/2026,0.507874072,406.9115646,359
125,2/21/2026,0.023622049,974.0987654,986
125,2/22/2026,0.019685039,513.1666667,246
125,2/23/2026,0.003937006,109.8155198,34
125,2/24/2026,0,109.8155198,268
125,2/25/2026,0,208.2268908,260
125,2/26/2026,0,144.875,121
125,2/27/2026,0,377.4006969,327
125,2/28/2026,0,974.0987654,1028
125,3/1/2026,0,504.9354839,685
125,3/2/2026,0,109.8155198,142
125,3/3/2026,0.173228338,118.9402985,117
125,3/4/2026,0.303149611,208.2805755,174
125,3/5/2026,0.334645629,158.1783439,125
126,2/4/2026,0,226.0666667,165
126,2/5/2026,0,144.875,114
126,2/6/2026,0.011811023,393.3469388,363
126,2/7/2026,0,974.0987654,819
126,2/8/2026,0,439.2601626,346
126,2/9/2026,0,134.5725699,91
126,2/10/2026,0,134.5725699,101
126,2/11/2026,0,247.0916335,144
126,2/12/2026,0,175.1505576,157
126,2/13/2026,0,472.6632124,470
126,2/14/2026,0,1068.395833,1434
126,2/15/2026,0,689.8461538,727
126,2/16/2026,0,409.4651163,430
126,2/17/2026,0,194.2274678,153
126,2/18/2026,0.448818922,318.7317073,155
126,2/19/2026,0,208.2268908,151
126,2/20/2026,0.295275599,504.9354839,333
126,2/21/2026,0,1271.785714,937
126,2/22/2026,0,641.4963504,608
126,2/23/2026,0,144.875,106
126,2/24/2026,0,144.875,125
126,2/25/2026,0,262.2347561,148
126,2/26/2026,0,179.1344538,180
126,2/27/2026,0,464.2833333,490
126,2/28/2026,0,1271.785714,1027
126,3/1/2026,0,628.7835821,703
126,3/2/2026,0,144.875,163
126,3/3/2026,0.015748031,144.875,127
126,3/4/2026,0.09055119,262.2347561,153
126,3/5/2026,0.228346437,185.9294118,140
127,2/4/2026,0,214.1163793,117
127,2/5/2026,0,126.5437882,93
127,2/6/2026,0,318.7317073,210
127,2/7/2026,0,674.3894737,564
127,2/8/2026,0,393.3469388,204
127,2/9/2026,0,109.8155198,101
127,2/10/2026,0.007874016,109.8155198,96
127,2/11/2026,0.763779521,238.7488789,148
127,2/12/2026,0,134.5725699,106
127,2/13/2026,0,406.9115646,316
127,2/14/2026,0,733.862069,602
127,2/15/2026,0.003937008,533.7429467,602
127,2/16/2026,1.429134011,377.4006969,458
127,2/17/2026,0.145669267,175.1505576,107
127,2/18/2026,0.358267725,264.10625,187
127,2/19/2026,0.34251973,194.2274678,176
127,2/20/2026,0,393.3469388,273
127,2/21/2026,0,810.3402062,566
127,2/22/2026,0,533.7429467,465
127,2/23/2026,0,126.5437882,73
127,2/24/2026,0,126.5437882,61
127,2/25/2026,0,238.7488789,158
127,2/26/2026,0,158.1783439,113
127,2/27/2026,0,393.3469388,270
127,2/28/2026,0,810.3402062,561
127,3/1/2026,0,504.9354839,531
127,3/2/2026,0,126.5437882,61
127,3/3/2026,0,126.5437882,50
127,3/4/2026,0,236.9805825,147
127,3/5/2026,0,158.1783439,93
128,2/4/2026,0.240157485,192.3618421,111
128,2/5/2026,0,109.8155198,94
128,2/6/2026,0,325.104,320
128,2/7/2026,0,974.0987654,934
128,2/8/2026,0,347.687188,335
128,2/9/2026,0.027559055,107.4480519,66
128,2/10/2026,0,107.4480519,53
128,2/11/2026,0.118110217,194.2274678,98
128,2/12/2026,0,126.5437882,125
128,2/13/2026,0,413.3858268,351
128,2/14/2026,0,1068.395833,1481
128,2/15/2026,0.657480359,594.6557377,634
128,2/16/2026,0,308.6872727,367
128,2/17/2026,0,134.5725699,95
128,2/18/2026,0.023622049,208.2268908,119
128,2/19/2026,0.094488196,160.9544554,168
128,2/20/2026,0.066929132,413.3858268,299
128,2/21/2026,0.161417335,1271.785714,1170
128,2/22/2026,0,533.7429467,571
128,2/23/2026,0,109.8155198,98
128,2/24/2026,0,109.8155198,129
128,2/25/2026,0,202.2571429,192
128,2/26/2026,0.165354326,144.875,185
128,2/27/2026,0.318897635,409.4651163,399
128,2/28/2026,0,1271.785714,1352
128,3/1/2026,0,504.9354839,531
128,3/2/2026,0,109.8155198,80
128,3/3/2026,0,109.8155198,86
128,3/4/2026,0,194.2274678,145
128,3/5/2026,0,134.5725699,93
129,2/4/2026,0,214.1163793,116
129,2/5/2026,0,134.5725699,103
129,2/6/2026,0,347.687188,225
129,2/7/2026,0,974.0987654,993
129,2/8/2026,0,413.3858268,328
129,2/9/2026,0,109.8155198,92
129,2/10/2026,0,109.8155198,82
129,2/11/2026,0,220.8461538,142
129,2/12/2026,0,134.5725699,135
129,2/13/2026,0,434.5722222,384
129,2/14/2026,0,1043.925926,1190
129,2/15/2026,0.259842515,628.7835821,868
129,2/16/2026,0.330708653,460.9315068,527
129,2/17/2026,0,194.2274678,248
129,2/18/2026,0,286.8571429,158
129,2/19/2026,0.314960629,214.1163793,127
129,2/20/2026,0.720472515,472.6632124,267
129,2/21/2026,0,1216.5,1026
129,2/22/2026,0.251968503,600.6805556,401
129,2/23/2026,0,134.5725699,159
129,2/24/2026,0,134.5725699,85
129,2/25/2026,0,247.0916335,145
129,2/26/2026,0.043307088,160.9544554,132
129,2/27/2026,0,413.3858268,260
129,2/28/2026,0,1167.421053,926
129,3/1/2026,0,557.0555556,575
129,3/2/2026,0,134.5725699,71
129,3/3/2026,0.153543323,144.875,75
129,3/4/2026,0.204724401,262.2347561,152
129,3/5/2026,0.027559057,160.9544554,85
130,2/4/2026,0,194.2274678,127
130,2/5/2026,0,109.8155198,86
130,2/6/2026,0,264.2101911,169
130,2/7/2026,0,628.7835821,394
130,2/8/2026,0,325.104,196
130,2/9/2026,0,109.792,104
130,2/10/2026,0,109.792,121
130,2/11/2026,0.007874016,208.2268908,152
130,2/12/2026,0,126.5437882,110
130,2/13/2026,0,347.687188,275
130,2/14/2026,0,689.8461538,712
130,2/15/2026,0,472.6632124,531
130,2/16/2026,0,377.4006969,444
130,2/17/2026,0,194.2274678,443
130,2/18/2026,0.074803151,296.3813559,573
130,2/19/2026,0.039370079,214.1163793,464
130,2/20/2026,0.350393742,347.687188,500
130,2/21/2026,0,777.5111111,616
130,2/22/2026,0.074803151,439.2601626,112
130,2/23/2026,0,109.8155198,3
130,2/24/2026,0,109.8155198,53
130,2/25/2026,0,214.1163793,67
130,2/26/2026,0.039370079,144.875,87
130,2/27/2026,0,347.687188,233
130,2/28/2026,0,777.0588235,563
130,3/1/2026,0.003937008,434.5722222,437
130,3/2/2026,0,109.8155198,76
130,3/3/2026,0.165354326,117.9092119,62
130,3/4/2026,0.224409446,214.1163793,94
130,3/5/2026,0.452755898,144.875,106
131,2/4/2026,0.003937008,126.5437882,85
131,2/5/2026,0,81.78779841,60
131,2/6/2026,0.003937004,208.2268908,233
131,2/7/2026,0,533.7429467,612
131,2/8/2026,0,214.1163793,167
131,2/9/2026,0,57.23441809,60
131,2/10/2026,0,57.23441809,59
131,2/11/2026,0.003937008,126.5437882,100
131,2/12/2026,0,81.78779841,88
131,2/13/2026,0,238.7488789,242
131,2/14/2026,0.047244098,628.7835821,760
131,2/15/2026,0.437007844,325.104,344
131,2/16/2026,0,175.1505576,177
131,2/17/2026,0,80.72222222,84
131,2/18/2026,0.003937008,134.5725699,69
131,2/19/2026,0.015748031,109.792,72
131,2/20/2026,0.106299207,238.7488789,160
131,2/21/2026,0.015748031,641.4963504,665
131,2/22/2026,0.003937008,308.6872727,288
131,2/23/2026,0,64.14049587,79
131,2/24/2026,0,64.14049587,75
131,2/25/2026,0.011811025,134.5725699,82
131,2/26/2026,0.066929132,98.74468085,76
131,2/27/2026,0,236.9805825,205
131,2/28/2026,0,641.4963504,731
131,3/1/2026,0,296.3813559,352
131,3/2/2026,0.338582695,64.14049587,59
131,3/3/2026,0.11811024,64.14049587,64
131,3/4/2026,0.574803114,134.5725699,112
131,3/5/2026,0.799212635,101,92
132,2/4/2026,0,185.9294118,146
132,2/5/2026,0,109.8155198,147
132,2/6/2026,0,296.3813559,246
132,2/7/2026,0,782.8181818,876
132,2/8/2026,0,318.7317073,381
132,2/9/2026,0,101,115
132,2/10/2026,0,101,96
132,2/11/2026,0.003937008,194.2274678,125
132,2/12/2026,0,126.5437882,159
132,2/13/2026,0,393.3469388,482
132,2/14/2026,0,864.0833333,1275
132,2/15/2026,0.122047253,504.9354839,713
132,2/16/2026,0.11023622,318.7317073,403
132,2/17/2026,0,134.5725699,82
132,2/18/2026,0.05905512,214.1163793,134
132,2/19/2026,0.090551183,159.3125,158
132,2/20/2026,0.503937006,402.7702703,339
132,2/21/2026,0,1005.025,1082
132,2/22/2026,0.16141732,472.6632124,317
132,2/23/2026,0.003937009,109.8155198,106
132,2/24/2026,0,109.8155198,114
132,2/25/2026,0,208.2268908,210
132,2/26/2026,0,134.5725699,152
132,2/27/2026,0,377.4006969,358
132,2/28/2026,0,974.0987654,929
132,3/1/2026,0.003937008,434.5722222,601
132,3/2/2026,0,109.8155198,118
132,3/3/2026,0.287401587,109.8155198,99
132,3/4/2026,0.157480314,214.1163793,193
132,3/5/2026,0.248031512,144.875,183
133,2/4/2026,0,160.9544554,95
133,2/5/2026,0,109.792,98
133,2/6/2026,0,214.1163793,250
133,2/7/2026,0,472.6632124,420
133,2/8/2026,0,214.1163793,154
133,2/9/2026,0,81.78779841,83
133,2/10/2026,0.003937008,81.78779841,66
133,2/11/2026,0.007874016,175.1505576,128
133,2/12/2026,0.003937008,109.8155198,103
133,2/13/2026,0.043307088,264.10625,263
133,2/14/2026,0.122047253,557.0555556,667
133,2/15/2026,0.078740157,329.976378,412
133,2/16/2026,0,247.0916335,138
133,2/17/2026,0,109.8155198,104
133,2/18/2026,0.003937008,185.9294118,117
133,2/19/2026,0,134.5725699,105
133,2/20/2026,0.023622049,264.10625,245
133,2/21/2026,0.047244098,628.7835821,545
133,2/22/2026,0,310.0405405,452
133,2/23/2026,0,101,89
133,2/24/2026,0,101,99
133,2/25/2026,0,179.1344538,180
133,2/26/2026,0,126.5437882,111
133,2/27/2026,0.003937008,262.2347561,263
133,2/28/2026,0,600.75,568
133,3/1/2026,0,308.6872727,325
133,3/2/2026,0.011811025,101,85
133,3/3/2026,0.003937008,101,92
133,3/4/2026,0.019685039,179.1344538,115
133,3/5/2026,0.011811025,126.5437882,101
134,2/4/2026,0,175.1505576,133
134,2/5/2026,0,109.8155198,67
134,2/6/2026,0,296.3813559,255
134,2/7/2026,0,813.875,832
134,2/8/2026,0,286.8571429,307
134,2/9/2026,0,81.78779841,68
134,2/10/2026,0,81.78779841,80
134,2/11/2026,0.003937008,179.1344538,168
134,2/12/2026,0,109.8155198,114
134,2/13/2026,0,347.687188,407
134,2/14/2026,0,929.4210526,1257
134,2/15/2026,0.019685039,464.2833333,655
134,2/16/2026,0.007874017,282.147541,298
134,2/17/2026,0,126.5437882,111
134,2/18/2026,0.023622049,194.2274678,170
134,2/19/2026,0.066929139,144.875,33
134,2/20/2026,0.55905515,347.687188,301
134,2/21/2026,0,1027.7,904
134,2/22/2026,0.11811024,434.5722222,559
134,2/23/2026,0,109.792,91
134,2/24/2026,0,109.792,122
134,2/25/2026,0,194.2274678,137
134,2/26/2026,0.043307085,134.5725699,110
134,2/27/2026,0,347.687188,297
134,2/28/2026,0,1027.7,869
134,3/1/2026,0,413.3858268,615
134,3/2/2026,0,109.792,106
134,3/3/2026,0.169291332,109.792,79
134,3/4/2026,0.208661407,194.2274678,165
134,3/5/2026,0.181102365,134.5725699,105
135,2/4/2026,0,179.1344538,97
135,2/5/2026,0.185039371,109.8155198,82
135,2/6/2026,0,208.2805755,181
135,2/7/2026,0,447.1,555
135,2/8/2026,0,214.1163793,183
135,2/9/2026,0,81.78779841,81
135,2/10/2026,0,81.78779841,43
135,2/11/2026,0,185.9294118,69
135,2/12/2026,0.003937008,109.8155198,95
135,2/13/2026,0,247.0916335,181
135,2/14/2026,0,513.1666667,631
135,2/15/2026,0.047244098,329.976378,357
135,2/16/2026,0.606299222,264.2101911,315
135,2/17/2026,0,126.5437882,77
135,2/18/2026,0,194.2274678,124
135,2/19/2026,0,134.5725699,90
135,2/20/2026,0,262.2347561,190
135,2/21/2026,0,600.6805556,446
135,2/22/2026,0.039370079,329.976378,366
135,2/23/2026,0,107.4480519,136
135,2/24/2026,0,107.4480519,80
135,2/25/2026,0,194.2274678,155
135,2/26/2026,0,126.5437882,72
135,2/27/2026,0.181102365,264.10625,280
135,2/28/2026,1.326771736,628.7835821,530
135,3/1/2026,0,318.7317073,347
135,3/2/2026,0,107.4480519,60
135,3/3/2026,0.019685039,107.4480519,74
135,3/4/2026,0.051181108,194.2274678,103
135,3/5/2026,0.11811024,126.5437882,81
136,2/4/2026,0,247.0916335,139
136,2/5/2026,0.342519671,179.1344538,156
136,2/6/2026,0,377.4006969,295
136,2/7/2026,0,879.2439024,809
136,2/8/2026,0,460.9315068,304
136,2/9/2026,0,134.5725699,120
136,2/10/2026,0,134.5725699,95
136,2/11/2026,0,262.2347561,161
136,2/12/2026,0,175.1505576,129
136,2/13/2026,0.007874016,439.2601626,312
136,2/14/2026,0,974.0987654,1035
136,2/15/2026,0,689.8461538,714
136,2/16/2026,0.188976362,434.5722222,372
136,2/17/2026,0,194.2274678,130
136,2/18/2026,0.003937008,308.6872727,188
136,2/19/2026,0,202.2571429,147
136,2/20/2026,0,460.9315068,314
136,2/21/2026,0,1067.561786,756
136,2/22/2026,0.066929139,600.75,612
136,2/23/2026,0,144.875,218
136,2/24/2026,0,144.875,147
136,2/25/2026,0,264.2101911,226
136,2/26/2026,0.003937008,192.3618421,120
136,2/27/2026,0.015748031,434.5722222,262
136,2/28/2026,0.267716497,1102.105263,829
136,3/1/2026,0.251968503,628.7835821,533
136,3/2/2026,0.011811025,144.875,133
136,3/3/2026,0.023622049,151.2089552,124
136,3/4/2026,0.019685039,264.10625,190
136,3/5/2026,0.153543308,194.2274678,143
137,2/4/2026,0.570866287,175.1505576,90
137,2/5/2026,0.011811023,109.792,84
137,2/6/2026,0.082677163,214.1163793,177
137,2/7/2026,0,472.6632124,507
137,2/8/2026,0,214.1163793,192
137,2/9/2026,0,81.78779841,52
137,2/10/2026,0,81.78779841,36
137,2/11/2026,0.208661407,175.1505576,78
137,2/12/2026,0,109.8155198,81
137,2/13/2026,0,262.2347561,254
137,2/14/2026,0,533.7429467,660
137,2/15/2026,0.625984192,325.104,597
137,2/16/2026,0.070866138,262.2347561,174
137,2/17/2026,0,126.5437882,84
137,2/18/2026,0.019685039,192.3618421,118
137,2/19/2026,0.330708683,134.5725699,130
137,2/20/2026,0.035433073,262.2347561,220
137,2/21/2026,0.090551168,628.7835821,489
137,2/22/2026,0.023622049,308.6872727,332
137,2/23/2026,0,101,99
137,2/24/2026,0,101,97
137,2/25/2026,0,179.1344538,101
137,2/26/2026,1.173228383,134.5725699,111
137,2/27/2026,0,247.0916335,277
137,2/28/2026,0,628.7835821,558
137,3/1/2026,0,296.3813559,287
137,3/2/2026,0.070866145,101,93
137,3/3/2026,0,101,52
137,3/4/2026,0,179.1344538,96
137,3/5/2026,0.003937008,126.5437882,70
138,2/4/2026,0.043307088,134.5725699,122
138,2/5/2026,0.003937008,81.78779841,95
138,2/6/2026,0.003937009,236.9805825,217
138,2/7/2026,0,628.7835821,636
138,2/8/2026,0,247.0916335,270
138,2/9/2026,0,76.81111111,57
138,2/10/2026,0,76.81111111,58
138,2/11/2026,0,134.5725699,100
138,2/12/2026,0,91.77777778,91
138,2/13/2026,0,296.3813559,266
138,2/14/2026,0,691.8602151,1023
138,2/15/2026,1.035433054,393.3469388,374
138,2/16/2026,0.216535434,208.2805755,136
138,2/17/2026,0,81.78779841,66
138,2/18/2026,0,144.875,116
138,2/19/2026,0.011811025,109.8155198,80
138,2/20/2026,0.468503922,308.6872727,241
138,2/21/2026,0.090551183,782.8181818,854
138,2/22/2026,0.275590539,377.4006969,432
138,2/23/2026,0,76.81111111,77
138,2/24/2026,0,76.81111111,66
138,2/25/2026,0,144.875,132
138,2/26/2026,0.484252036,109.8155198,108
138,2/27/2026,0.031496067,296.3813559,308
138,2/28/2026,0,782.8181818,759
138,3/1/2026,0.003937008,347.687188,360
138,3/2/2026,0.035433073,76.81111111,93
138,3/3/2026,0.031496067,76.81111111,85
138,3/4/2026,0,144.875,99
138,3/5/2026,0,109.792,106
140,2/4/2026,0.374015749,214.1163793,128
140,2/5/2026,0,134.5725699,118
140,2/6/2026,0,347.687188,306
140,2/7/2026,0,1041.227273,1165
140,2/8/2026,0,434.5722222,455
140,2/9/2026,0,109.8155198,59
140,2/10/2026,0,109.8155198,51
140,2/11/2026,0.216535434,214.1163793,84
140,2/12/2026,0,144.875,89
140,2/13/2026,0,460.9315068,359
140,2/14/2026,0.003937008,1216.5,1442
140,2/15/2026,1.326771736,641.4963504,784
140,2/16/2026,0,393.3469388,510
140,2/17/2026,0,208.2805755,345
140,2/18/2026,0.019685039,325.104,467
140,2/19/2026,0.047244098,236.9805825,440
140,2/20/2026,0.389763772,434.5722222,686
140,2/21/2026,0.338582695,1320.05,1347
140,2/22/2026,0,628.7835821,717
140,2/23/2026,0,126.5437882,117
140,2/24/2026,0,126.5437882,114
140,2/25/2026,0,238.7488789,193
140,2/26/2026,0.389763772,175.1505576,157
140,2/27/2026,1.240157604,434.5722222,460
140,2/28/2026,0.011811025,1320.05,1462
140,3/1/2026,0,600.6805556,815
140,3/2/2026,0,126.5437882,153
140,3/3/2026,0,126.5437882,112
140,3/4/2026,0,236.9805825,156
140,3/5/2026,0.007874016,160.9544554,109
141,2/4/2026,0,214.1163793,137
141,2/5/2026,0,134.5725699,95
141,2/6/2026,0,377.4006969,257
141,2/7/2026,0,947.4925373,769
141,2/8/2026,0,434.5722222,439
141,2/9/2026,0,118.9402985,63
141,2/10/2026,0,118.9402985,90
141,2/11/2026,0,214.1163793,114
141,2/12/2026,0,144.875,97
141,2/13/2026,0,439.2601626,366
141,2/14/2026,0,1027.7,1239
141,2/15/2026,0.22047244,641.4963504,779
141,2/16/2026,0.263779551,434.5722222,572
141,2/17/2026,0,194.2274678,310
141,2/18/2026,0,264.2101911,108
141,2/19/2026,0.181102365,195.173913,78
141,2/20/2026,0.594488204,472.6632124,329
141,2/21/2026,0,1165.06383,917
141,2/22/2026,0.216535434,600.75,310
141,2/23/2026,0.011811022,134.5725699,171
141,2/24/2026,0,134.5725699,87
141,2/25/2026,0,238.7488789,155
141,2/26/2026,0.05905512,175.1505576,122
141,2/27/2026,0,434.5722222,395
141,2/28/2026,0,1165.06383,928
141,3/1/2026,0.003937008,600.6805556,577
141,3/2/2026,0,134.5725699,70
141,3/3/2026,0.192913413,151.2089552,91
141,3/4/2026,0.208661392,247.0916335,131
141,3/5/2026,0.003937008,175.1505576,130
142,2/4/2026,0.153543308,202.2571429,92
142,2/5/2026,0,126.5437882,75
142,2/6/2026,0,308.6872727,227
142,2/7/2026,0,758.5454545,682
142,2/8/2026,0,325.104,256
142,2/9/2026,0,109.792,93
142,2/10/2026,0,109.792,107
142,2/11/2026,0.082677171,208.2805755,168
142,2/12/2026,0,134.5725699,139
142,2/13/2026,0.003937008,393.3469388,367
142,2/14/2026,0.2401575,813.875,954
142,2/15/2026,0.606299222,504.9354839,555
142,2/16/2026,0,308.6872727,253
142,2/17/2026,0,134.5725699,75
142,2/18/2026,0.015748031,221.2258065,131
142,2/19/2026,0.007874016,160.9544554,106
142,2/20/2026,0.106299199,393.3469388,269
142,2/21/2026,0.023622049,947.4925373,878
142,2/22/2026,0,434.5722222,415
142,2/23/2026,0,109.8155198,73
142,2/24/2026,0,109.8155198,95
142,2/25/2026,0,214.1163793,134
142,2/26/2026,0,144.875,82
142,2/27/2026,0,377.4006969,312
142,2/28/2026,0,920.7321621,707
142,3/1/2026,0,417.9166667,476
142,3/2/2026,0,109.8155198,56
142,3/3/2026,0.023622049,109.8155198,74
142,3/4/2026,0.169291347,214.1163793,197
142,3/5/2026,0.047244102,144.875,59
143,2/4/2026,0,208.2268908,142
143,2/5/2026,0,134.5725699,87
143,2/6/2026,0,325.104,265
143,2/7/2026,0.003937008,947.4925373,618
143,2/8/2026,0,434.5722222,460
143,2/9/2026,0,118.9402985,135
143,2/10/2026,0,118.9402985,73
143,2/11/2026,0.003937008,214.1163793,111
143,2/12/2026,0,144.875,89
143,2/13/2026,0,434.5722222,254
143,2/14/2026,0,1043.925926,1207
143,2/15/2026,0,674.3894737,889
143,2/16/2026,0,460.9315068,778
143,2/17/2026,0,247.0916335,499
143,2/18/2026,0.086614177,347.687188,657
143,2/19/2026,0,221.2258065,705
143,2/20/2026,0.007874016,434.5722222,562
143,2/21/2026,0.035433076,1216.5,1037
143,2/22/2026,0,628.7835821,541
143,2/23/2026,0,134.5725699,1
143,2/24/2026,0,134.5725699,267
143,2/25/2026,0.003937008,226.6818182,135
143,2/26/2026,0,160.9544554,165
143,2/27/2026,0,413.3858268,324
143,2/28/2026,0,1167.421053,1111
143,3/1/2026,0,628.7835821,613
143,3/2/2026,0,134.5725699,99
143,3/3/2026,0.011811022,134.5725699,64
143,3/4/2026,0.326771677,241.1770444,146
143,3/5/2026,0.003937008,160.9544554,86
144,2/4/2026,0.177165344,144.875,68
144,2/5/2026,0,81.78779841,77
144,2/6/2026,0,262.2347561,198
144,2/7/2026,0,628.7835821,636
144,2/8/2026,0,262.2347561,217
144,2/9/2026,0,76.81111111,22
144,2/10/2026,0,76.81111111,58
144,2/11/2026,0.318897665,158.1783439,88
144,2/12/2026,0,101,81
144,2/13/2026,0,346.67,354
144,2/14/2026,0,689.8461538,1115
144,2/15/2026,0.751968443,406.9115646,522
144,2/16/2026,0,208.2805755,248
144,2/17/2026,0,101,57
144,2/18/2026,0,160.9544554,70
144,2/19/2026,0.118110232,126.5437882,93
144,2/20/2026,0.078740157,346.67,257
144,2/21/2026,0.484251946,782.8181818,757
144,2/22/2026,0,377.4006969,321
144,2/23/2026,0,81.78779841,46
144,2/24/2026,0,81.78779841,56
144,2/25/2026,0,158.1783439,70
144,2/26/2026,0.51968503,109.8155198,88
144,2/27/2026,0.2401575,347.687188,234
144,2/28/2026,0,777.5111111,774
144,3/1/2026,0,377.4006969,335
144,3/2/2026,0.003937008,81.78779841,51
144,3/3/2026,0,81.78779841,65
144,3/4/2026,0,158.1783439,70
144,3/5/2026,0.019685039,109.8155198,62
145,2/4/2026,0,134.5725699,100
145,2/5/2026,0,81.78779841,76
145,2/6/2026,0,226.6818182,196
145,2/7/2026,0,628.7835821,593
145,2/8/2026,0,214.1163793,184
145,2/9/2026,0,81.78779841,65
145,2/10/2026,0,81.78779841,49
145,2/11/2026,0,144.875,86
145,2/12/2026,0,109.792,146
145,2/13/2026,0.011811025,296.3813559,313
145,2/14/2026,0.696850419,761.4489796,876
145,2/15/2026,0.007874016,347.687188,421
145,2/16/2026,0,194.2274678,162
145,2/17/2026,0,107.4480519,68
145,2/18/2026,0,175.1505576,92
145,2/19/2026,0,134.5725699,62
145,2/20/2026,0,310.0405405,253
145,2/21/2026,0,795.3333333,842
145,2/22/2026,0,347.687188,422
145,2/23/2026,0,81.78779841,68
145,2/24/2026,0,81.78779841,69
145,2/25/2026,0,158.1783439,109
145,2/26/2026,0.031496063,109.8155198,109
145,2/27/2026,0,296.3813559,283
145,2/28/2026,0.212598428,782.8181818,774
145,3/1/2026,0.779527605,329.976378,412
145,3/2/2026,0,81.78779841,54
145,3/3/2026,0,81.78779841,48
145,3/4/2026,0.007874016,158.1783439,116
145,3/5/2026,0,109.8155198,72
146,2/4/2026,0,194.2274678,175
146,2/5/2026,0,109.8155198,105
146,2/6/2026,0,318.7317073,239
146,2/7/2026,0.007874017,947.4925373,918
146,2/8/2026,0,318.7317073,286
146,2/9/2026,0,109.792,142
146,2/10/2026,0,109.792,80
146,2/11/2026,0,208.2268908,173
146,2/12/2026,0,126.5437882,143
146,2/13/2026,0,413.3858268,558
146,2/14/2026,0,1027.7,1290
146,2/15/2026,0.035433073,533.7429467,606
146,2/16/2026,0,325.104,369
146,2/17/2026,0,151.2089552,88
146,2/18/2026,0.169291347,238.7488789,127
146,2/19/2026,0.007874016,175.1505576,118
146,2/20/2026,0.665354371,409.4651163,338
146,2/21/2026,0,1167.421053,1121
146,2/22/2026,0.003937008,472.6632124,534
146,2/23/2026,0,109.8155198,107
146,2/24/2026,0,109.8155198,137
146,2/25/2026,0,214.1163793,193
146,2/26/2026,0,144.875,194
146,2/27/2026,0,406.9115646,415
146,2/28/2026,0,1167.421053,1099
146,3/1/2026,0,439.2601626,623
146,3/2/2026,0,109.8155198,82
146,3/3/2026,0.385826796,117.1072221,122
146,3/4/2026,0.094488196,214.1163793,196
146,3/5/2026,0.877952814,151.2089552,113
147,2/4/2026,0,220.8461538,178
147,2/5/2026,0,134.5725699,104
147,2/6/2026,0,329.976378,281
147,2/7/2026,0,846.2641509,714
147,2/8/2026,0,347.687188,369
147,2/9/2026,0,109.8155198,89
147,2/10/2026,0,109.8155198,129
147,2/11/2026,0,238.7488789,175
147,2/12/2026,0,144.875,126
147,2/13/2026,0,409.4651163,269
147,2/14/2026,0,974.0987654,1137
147,2/15/2026,0,594.6557377,815
147,2/16/2026,0,377.4006969,315
147,2/17/2026,0,194.2274678,141
147,2/18/2026,0,308.6872727,267
147,2/19/2026,0,195.173913,237
147,2/20/2026,0,417.9166667,205
147,2/21/2026,0,1102.105263,840
147,2/22/2026,0,533.7429467,595
147,2/23/2026,0,134.5725699,114
147,2/24/2026,0,134.5725699,711
147,2/25/2026,0,262.2347561,848
147,2/26/2026,0,175.1505576,901
147,2/27/2026,0,409.4651163,957
147,2/28/2026,0,1068.395833,1137
147,3/1/2026,0,513.1666667,685
147,3/2/2026,0,134.5725699,125
147,3/3/2026,0,134.5725699,51
147,3/4/2026,0.027559057,247.0916335,182
147,3/5/2026,0,160.9544554,118
148,2/4/2026,0,214.1163793,147
148,2/5/2026,0,144.875,110
148,2/6/2026,0,329.976378,277
148,2/7/2026,0,782.8181818,653
148,2/8/2026,0,413.3858268,308
148,2/9/2026,0,126.5437882,207
148,2/10/2026,0.062992126,134.5725699,107
148,2/11/2026,1.460630178,238.7488789,199
148,2/12/2026,0.043307088,158.1783439,159
148,2/13/2026,0,409.4651163,361
148,2/14/2026,0,879.2439024,1020
148,2/15/2026,0,628.7835821,761
148,2/16/2026,1.279527545,347.687188,595
148,2/17/2026,0.681102335,179.1344538,125
148,2/18/2026,0.279527545,264.10625,194
148,2/19/2026,0.433070898,194.2274678,235
148,2/20/2026,0,406.9115646,356
148,2/21/2026,0,1027.7,809
148,2/22/2026,0,600.75,545
148,2/23/2026,0,134.5725699,133
148,2/24/2026,0.007874016,134.5725699,132
148,2/25/2026,0.011811025,244.0131579,189
148,2/26/2026,0,175.1505576,174
148,2/27/2026,0,406.9115646,356
148,2/28/2026,0,1008.739455,675
148,3/1/2026,0,577.8163265,553
148,3/2/2026,0,134.5725699,140
148,3/3/2026,0,134.5725699,114
148,3/4/2026,0,238.7488789,179
148,3/5/2026,0,175.1505576,123
150,2/4/2026,0,194.2274678,117
150,2/5/2026,0,109.8155198,88
150,2/6/2026,0,308.6872727,271
150,2/7/2026,0.448818892,689.8461538,729
150,2/8/2026,0.165354326,329.976378,207
150,2/9/2026,0.177165359,109.8155198,67
150,2/10/2026,0,109.792,72
150,2/11/2026,0,208.2268908,150
150,2/12/2026,0,126.5437882,118
150,2/13/2026,0.110236228,393.3469388,335
150,2/14/2026,0.314960629,771.6206897,782
150,2/15/2026,0,472.6632124,478
150,2/16/2026,0.019685039,347.687188,370
150,2/17/2026,0.007874016,160.9544554,172
150,2/18/2026,0.031496063,238.7488789,256
150,2/19/2026,0.031496063,175.1505576,161
150,2/20/2026,0,393.3469388,402
150,2/21/2026,0.122047253,810.3402062,785
150,2/22/2026,0.271653563,447.1,427
150,2/23/2026,0.700787544,109.8155198,105
150,2/24/2026,0,109.8155198,83
150,2/25/2026,0,214.1163793,105
150,2/26/2026,0,144.875,125
150,2/27/2026,0.059055127,393.3469388,305
150,2/28/2026,0,810.3402062,638
150,3/1/2026,0,417.9166667,501
150,3/2/2026,0,109.8155198,95
150,3/3/2026,0.047244098,109.8155198,86
150,3/4/2026,1.035433173,214.1163793,153
150,3/5/2026,0.263779491,144.875,177
151,2/4/2026,0,221.2258065,185
151,2/5/2026,0,134.5725699,121
151,2/6/2026,0,347.687188,388
151,2/7/2026,0,974.0987654,794
151,2/8/2026,0,413.3858268,391
151,2/9/2026,0,126.5437882,122
151,2/10/2026,0,126.5437882,86
151,2/11/2026,0.11023622,247.0916335,207
151,2/12/2026,0,151.2089552,187
151,2/13/2026,0,464.2833333,549
151,2/14/2026,0,1068.395833,1351
151,2/15/2026,0.031496063,674.3894737,908
151,2/16/2026,0.114173219,460.9315068,610
151,2/17/2026,0,208.2805755,149
151,2/18/2026,0.015748031,308.6872727,176
151,2/19/2026,0.035433069,194.2274678,151
151,2/20/2026,0.649606287,504.9354839,486
151,2/21/2026,0,1271.785714,1066
151,2/22/2026,0.149606302,628.7835821,244
151,2/23/2026,0.003937008,134.5725699,63
151,2/24/2026,0,134.5725699,218
151,2/25/2026,0,262.2347561,247
151,2/26/2026,0.011811025,175.1505576,207
151,2/27/2026,0,439.2601626,480
151,2/28/2026,0,1267.603258,1112
151,3/1/2026,0,600.6805556,821
151,3/2/2026,0,134.5725699,134
151,3/3/2026,0.169291332,151.2089552,136
151,3/4/2026,0.106299199,264.10625,212
151,3/5/2026,0.125984251,179.1344538,212
152,2/4/2026,0,134.5725699,77
152,2/5/2026,0,81.78779841,75
152,2/6/2026,0,208.2268908,97
152,2/7/2026,0,413.3858268,321
152,2/8/2026,0,214.1163793,151
152,2/9/2026,0,76.81111111,58
152,2/10/2026,0.015748031,76.81111111,65
152,2/11/2026,0.972440839,134.5725699,84
152,2/12/2026,0.059055123,81.78779841,3
152,2/13/2026,0,238.7488789,
152,2/14/2026,0.007874016,460.9315068,107
152,2/15/2026,0.22047244,308.6872727,401
152,2/16/2026,1.535433054,208.2268908,304
152,2/17/2026,0.53937006,101,124
152,2/18/2026,0.125984251,158.1783439,221
152,2/19/2026,0.610236168,109.8155198,197
152,2/20/2026,0,247.0916335,230
152,2/21/2026,0,533.7429467,376
152,2/22/2026,0,308.6872727,295
152,2/23/2026,0,76.81111111,49
152,2/24/2026,0.027559057,76.81111111,92
152,2/25/2026,0.409448862,144.875,101
152,2/26/2026,0,109.792,95
152,2/27/2026,0,238.7488789,147
152,2/28/2026,0,533.7429467,325
152,3/1/2026,0,296.3813559,242
152,3/2/2026,0.023622049,76.81111111,30
152,3/3/2026,0,76.81111111,82
152,3/4/2026,0,144.875,89
152,3/5/2026,0,109.792,84
153,2/4/2026,0,282.147541,269
153,2/5/2026,0,194.2274678,198
153,2/6/2026,0,472.6632124,481
153,2/7/2026,0,974.0987654,921
153,2/8/2026,0,557.0555556,336
153,2/9/2026,0,175.1505576,181
153,2/10/2026,0.039370079,175.1505576,126
153,2/11/2026,0.409448922,308.6872727,228
153,2/12/2026,0.003937008,214.1163793,187
153,2/13/2026,0,533.7429467,465
153,2/14/2026,0,1068.395833,1256
153,2/15/2026,0.031496067,810.3402062,989
153,2/16/2026,0.956692874,557.0555556,634
153,2/17/2026,0.429133952,236.9805825,4
153,2/18/2026,0.216535434,347.687188,12
153,2/19/2026,0.255905539,247.0916335,289
153,2/20/2026,0,533.7429467,533
153,2/21/2026,0,1167.421053,897
153,2/22/2026,0,674.3894737,799
153,2/23/2026,0,175.1505576,140
153,2/24/2026,0,175.1505576,167
153,2/25/2026,0,318.7317073,265
153,2/26/2026,0,214.1163793,205
153,2/27/2026,0,533.7429467,489
153,2/28/2026,0,1165.06383,1037
153,3/1/2026,0,674.3894737,718
153,3/2/2026,0,175.1505576,144
153,3/3/2026,0,175.1505576,59
153,3/4/2026,0,308.6872727,219
153,3/5/2026,0,214.1163793,151
156,2/4/2026,0,194.2274678,110
156,2/5/2026,0,109.8155198,116
156,2/6/2026,0,286.8571429,297
156,2/7/2026,0,864.0833333,942
156,2/8/2026,0,318.7317073,329
156,2/9/2026,0,109.792,63
156,2/10/2026,0,109.792,82
156,2/11/2026,0,208.2268908,134
156,2/12/2026,0,126.5437882,127
156,2/13/2026,0,377.4006969,342
156,2/14/2026,0.003937008,974.0987654,1278
156,2/15/2026,0.681102335,513.1666667,675
156,2/16/2026,0,325.104,304
156,2/17/2026,0,144.875,109
156,2/18/2026,0.039370079,236.9805825,94
156,2/19/2026,0.122047246,175.1505576,122
156,2/20/2026,0.44094488,377.4006969,319
156,2/21/2026,0,1068.395833,1038
156,2/22/2026,0,460.9315068,639
156,2/23/2026,0,109.8155198,111
156,2/24/2026,0,109.8155198,83
156,2/25/2026,0.003937008,214.1163793,192
156,2/26/2026,0,144.875,148
156,2/27/2026,0,347.687188,324
156,2/28/2026,0,1068.395833,940
156,3/1/2026,0,434.5722222,580
156,3/2/2026,0.023622053,109.8155198,83
156,3/3/2026,1.055118084,118.9402985,167
156,3/4/2026,1.381889582,214.1163793,160
156,3/5/2026,0.838582754,144.875,179
157,2/4/2026,0,236.9805825,127
157,2/5/2026,0,158.1783439,88
157,2/6/2026,0,409.4651163,307
157,2/7/2026,0,974.0987654,759
157,2/8/2026,0,533.7429467,335
157,2/9/2026,0,134.5725699,103
157,2/10/2026,0.015748031,134.5725699,111
157,2/11/2026,0.448818922,262.2347561,144
157,2/12/2026,0.062992126,175.1505576,152
157,2/13/2026,0,472.6632124,485
157,2/14/2026,0,1068.395833,1182
157,2/15/2026,0.677165329,810.3402062,970
157,2/16/2026,1.740157485,533.7429467,763
157,2/17/2026,0.685039282,238.7488789,178
157,2/18/2026,0.161417305,325.104,209
157,2/19/2026,0.492125988,214.1163793,213
157,2/20/2026,0,472.6632124,389
157,2/21/2026,0,1167.421053,923
157,2/22/2026,0,641.4963504,531
157,2/23/2026,0,144.875,96
157,2/24/2026,0.019685039,144.875,87
157,2/25/2026,0.074803151,264.10625,162
157,2/26/2026,0,179.1344538,144
157,2/27/2026,0,464.2833333,337
157,2/28/2026,0,1165.06383,867
157,3/1/2026,0,641.4963504,698
157,3/2/2026,0.019685039,144.875,89
157,3/3/2026,0,144.875,76
157,3/4/2026,0,262.2347561,140
157,3/5/2026,0,179.1344538,133
158,2/4/2026,0,296.3813559,188
158,2/5/2026,0,192.3618421,161
158,2/6/2026,0,472.6632124,401
158,2/7/2026,0.484251976,1167.421053,1071
158,2/8/2026,0.125984251,577.8163265,346
158,2/9/2026,0.019685039,175.1505576,154
158,2/10/2026,0,175.1505576,135
158,2/11/2026,0,318.7317073,247
158,2/12/2026,0,214.1163793,196
158,2/13/2026,0.11811024,600.6805556,525
158,2/14/2026,0.307086617,1320.05,1494
158,2/15/2026,0,813.875,960
158,2/16/2026,0.051181108,594.6557377,650
158,2/17/2026,0.039370079,238.7488789,328
158,2/18/2026,0.031496063,377.4006969,502
158,2/19/2026,0.007874016,262.2347561,374
158,2/20/2026,0,600.75,599
158,2/21/2026,0.094488181,1430.2,1153
158,2/22/2026,0.216535434,691.8602151,749
158,2/23/2026,0.488189012,179.1344538,183
158,2/24/2026,0,175.1505576,169
158,2/25/2026,0,325.104,281
158,2/26/2026,0,214.1163793,211
158,2/27/2026,0,533.7429467,458
158,2/28/2026,0,1320.05,1136
158,3/1/2026,0,689.8461538,738
158,3/2/2026,0,175.1505576,153
158,3/3/2026,0.039370079,175.1505576,150
158,3/4/2026,0.641732335,318.7317073,358
158,3/5/2026,0.173228353,214.1163793,265
159,2/4/2026,0.271653533,214.1163793,159
159,2/5/2026,0.007874016,126.5437882,108
159,2/6/2026,0,329.976378,251
159,2/7/2026,0,879.2439024,980
159,2/8/2026,0,347.687188,369
159,2/9/2026,0,109.8155198,89
159,2/10/2026,0,109.8155198,81
159,2/11/2026,0.36220476,214.1163793,162
159,2/12/2026,0,134.5725699,115
159,2/13/2026,0,409.4651163,405
159,2/14/2026,0,974.0987654,1277
159,2/15/2026,0.799212635,557.0555556,716
159,2/16/2026,0,347.687188,319
159,2/17/2026,0,160.9544554,102
159,2/18/2026,0,247.0916335,173
159,2/19/2026,0.20078738,194.2274678,154
159,2/20/2026,0.043307088,406.9115646,339
159,2/21/2026,0.590551198,1102.105263,948
159,2/22/2026,0.015748031,472.6632124,591
159,2/23/2026,0,109.8155198,138
159,2/24/2026,0,109.8155198,93
159,2/25/2026,0.023622049,220.8461538,190
159,2/26/2026,0.850393832,160.9544554,222
159,2/27/2026,0.051181108,402.7702703,308
159,2/28/2026,0,1068.395833,929
159,3/1/2026,0,464.2833333,505
159,3/2/2026,0.015748031,109.8155198,117
159,3/3/2026,0,109.8155198,136
159,3/4/2026,0,214.1163793,175
159,3/5/2026,0,144.875,106
160,2/4/2026,0,194.2274678,197
160,2/5/2026,0,117.5000943,107
160,2/6/2026,0,318.7317073,222
160,2/7/2026,0,923.076506,879
160,2/8/2026,0,377.4006969,339
160,2/9/2026,0,109.8155198,64
160,2/10/2026,0,109.8155198,82
160,2/11/2026,0.011811025,208.2268908,122
160,2/12/2026,0,134.5725699,148
160,2/13/2026,0,413.3858268,463
160,2/14/2026,0,1027.7,1244
160,2/15/2026,0.007874016,628.7835821,772
160,2/16/2026,0,347.687188,458
160,2/17/2026,0,158.1783439,148
160,2/18/2026,0.070866138,238.7488789,171
160,2/19/2026,0.114173219,175.1505576,152
160,2/20/2026,0.259842515,413.3858268,327
160,2/21/2026,0,1167.421053,965
160,2/22/2026,0.05905512,557.0555556,193
160,2/23/2026,0,109.8155198,173
160,2/24/2026,0,109.8155198,133
160,2/25/2026,0,214.1163793,202
160,2/26/2026,0,144.875,160
160,2/27/2026,0,402.7702703,366
160,2/28/2026,0,1167.421053,951
160,3/1/2026,0,533.7429467,688
160,3/2/2026,0,109.8155198,135
160,3/3/2026,0.133858278,134.5725699,169
160,3/4/2026,0.145669281,236.9805825,209
160,3/5/2026,0.511811078,160.9544554,158
161,2/4/2026,0,160.9544554,107
161,2/5/2026,0,109.792,96
161,2/6/2026,0,262.2347561,263
161,2/7/2026,0,641.4963504,660
161,2/8/2026,0,262.2347561,180
161,2/9/2026,0,81.78779841,81
161,2/10/2026,0,81.78779841,55
161,2/11/2026,0,175.1505576,115
161,2/12/2026,0,109.8155198,79
161,2/13/2026,0,347.687188,333
161,2/14/2026,0,758.5454545,947
161,2/15/2026,0,409.4651163,410
161,2/16/2026,0.098425195,262.2347561,123
161,2/17/2026,0,126.5437882,73
161,2/18/2026,0.523622036,194.2274678,115
161,2/19/2026,0.035433073,134.5725699,132
161,2/20/2026,0.425196916,347.687188,320
161,2/21/2026,0,813.875,788
161,2/22/2026,0,402.7702703,416
161,2/23/2026,0,109.792,94
161,2/24/2026,0,109.792,65
161,2/25/2026,0,185.9294118,154
161,2/26/2026,0,126.5437882,116
161,2/27/2026,0,329.976378,368
161,2/28/2026,0,810.3402062,864
161,3/1/2026,0,377.4006969,449
161,3/2/2026,0,109.792,128
161,3/3/2026,0,109.792,78
161,3/4/2026,0,185.9294118,125
161,3/5/2026,0.031496063,126.5437882,133
162,2/4/2026,0,126.5437882,53
162,2/5/2026,0,81.78779841,59
162,2/6/2026,0,208.2805755,192
162,2/7/2026,0,533.7429467,543
162,2/8/2026,0,214.1163793,132
162,2/9/2026,0,57.23441809,40
162,2/10/2026,0,57.23441809,33
162,2/11/2026,0,126.5437882,67
162,2/12/2026,0,81.78779841,53
162,2/13/2026,0,244.0131579,301
162,2/14/2026,0.003937008,600.75,682
162,2/15/2026,0,318.7317073,265
162,2/16/2026,0,175.1505576,137
162,2/17/2026,0,80.72222222,48
162,2/18/2026,0.0511811,134.5725699,76
162,2/19/2026,0,109.792,96
162,2/20/2026,0,247.0916335,187
162,2/21/2026,0,674.3894737,471
162,2/22/2026,0,308.6872727,276
162,2/23/2026,0,64.14049587,45
162,2/24/2026,0,64.14049587,63
162,2/25/2026,0,134.5725699,103
162,2/26/2026,0,98.74468085,110
162,2/27/2026,0,244.0131579,234
162,2/28/2026,0,646.25,580
162,3/1/2026,0,296.3813559,338
162,3/2/2026,0,64.14049587,73
162,3/3/2026,0.082677163,64.14049587,62
162,3/4/2026,0,126.5437882,96
162,3/5/2026,0,91.77777778,99
163,2/4/2026,0,244.0131579,163
163,2/5/2026,0,175.1505576,135
163,2/6/2026,0,318.7317073,157
163,2/7/2026,0,771.6206897,506
163,2/8/2026,0,413.3858268,281
163,2/9/2026,0,134.5725699,101
163,2/10/2026,0,134.5725699,81
163,2/11/2026,0.003937008,262.2347561,138
163,2/12/2026,0,179.1344538,86
163,2/13/2026,0,413.3858268,286
163,2/14/2026,0,864.0833333,905
163,2/15/2026,0,641.4963504,699
163,2/16/2026,0,464.2833333,576
163,2/17/2026,0,262.2347561,446
163,2/18/2026,0.055118114,347.687188,622
163,2/19/2026,0.031496063,262.2347561,508
163,2/20/2026,0.326771706,434.5722222,541
163,2/21/2026,0,1005.025,833
163,2/22/2026,0.074803151,628.7835821,149
163,2/23/2026,0,160.9544554,4
163,2/24/2026,0,160.9544554,113
163,2/25/2026,0,264.2101911,154
163,2/26/2026,0.031496063,194.2274678,159
163,2/27/2026,0,409.4651163,413
163,2/28/2026,0,974.0987654,1016
163,3/1/2026,0.003937008,600.6805556,586
163,3/2/2026,0,160.9544554,140
163,3/3/2026,0.145669296,160.9544554,170
163,3/4/2026,0.232283458,264.2101911,359
163,3/5/2026,0.523622036,202.2571429,190
164,2/4/2026,0,160.9544554,120
164,2/5/2026,0,109.792,92
164,2/6/2026,0,214.1163793,178
164,2/7/2026,0,472.6632124,424
164,2/8/2026,0,238.7488789,192
164,2/9/2026,0,91.77777778,156
164,2/10/2026,0.011811025,91.77777778,52
164,2/11/2026,0.094488174,175.1505576,83
164,2/12/2026,0,109.8155198,92
164,2/13/2026,0,247.0916335,222
164,2/14/2026,0,533.7429467,564
164,2/15/2026,0,347.687188,406
164,2/16/2026,0.472440958,247.0916335,241
164,2/17/2026,0.106299207,126.5437882,86
164,2/18/2026,1.066929221,185.9294118,110
164,2/19/2026,0.531496048,134.5725699,98
164,2/20/2026,0.208661422,262.2347561,222
164,2/21/2026,0,628.7835821,474
164,2/22/2026,0,347.687188,333
164,2/23/2026,0,98.74468085,87
164,2/24/2026,0,98.74468085,93
164,2/25/2026,0,175.1505576,134
164,2/26/2026,0.003937008,126.5437882,125
164,2/27/2026,0,247.0916335,219
164,2/28/2026,0,628.7835821,424
164,3/1/2026,0,346.67,360
164,3/2/2026,0.003937008,98.74468085,71
164,3/3/2026,0,98.74468085,84
164,3/4/2026,0,175.1505576,124
164,3/5/2026,0,126.5437882,85
165,2/4/2026,0,208.2268908,128
165,2/5/2026,0.173228353,126.5437882,128
165,2/6/2026,0,286.8571429,263
165,2/7/2026,0,691.8602151,709
165,2/8/2026,0,308.6872727,272
165,2/9/2026,0,109.792,89
165,2/10/2026,0,109.792,86
165,2/11/2026,0,214.1163793,145
165,2/12/2026,0.007874016,134.5725699,123
165,2/13/2026,0,347.687188,289
165,2/14/2026,0,758.5454545,867
165,2/15/2026,0.094488181,460.9315068,462
165,2/16/2026,0.035433076,308.6872727,283
165,2/17/2026,0,134.5725699,117
165,2/18/2026,0.007874016,226.6818182,92
165,2/19/2026,0.003937008,160.9544554,192
165,2/20/2026,0,347.687188,290
165,2/21/2026,0,846.2641509,722
165,2/22/2026,0.043307088,413.3858268,455
165,2/23/2026,0,109.8155198,123
165,2/24/2026,0,109.8155198,123
165,2/25/2026,0,226.6818182,177
165,2/26/2026,0,144.875,159
165,2/27/2026,0.42125985,347.687188,302
165,2/28/2026,0.007874016,813.875,854
165,3/1/2026,0,413.3858268,381
165,3/2/2026,0,109.8155198,92
165,3/3/2026,0,109.8155198,84
165,3/4/2026,0,221.2258065,177
165,3/5/2026,0,144.875,122
166,2/4/2026,0,208.2805755,126
166,2/5/2026,0,134.5725699,100
166,2/6/2026,0,286.8571429,290
166,2/7/2026,0,674.3894737,600
166,2/8/2026,0,346.67,285
166,2/9/2026,0,118.9402985,85
166,2/10/2026,0,118.9402985,92
166,2/11/2026,0.003937008,214.1163793,142
166,2/12/2026,0,144.875,196
166,2/13/2026,0,377.4006969,366
166,2/14/2026,0,721.8006565,800
166,2/15/2026,0,504.9354839,532
166,2/16/2026,0,347.687188,319
166,2/17/2026,0,185.9294118,297
166,2/18/2026,0.055118114,264.2101911,418
166,2/19/2026,0.031496063,208.2268908,403
166,2/20/2026,0.326771706,377.4006969,503
166,2/21/2026,0,810.3402062,844
166,2/22/2026,0.074803151,464.2833333,206
166,2/23/2026,0,126.5437882,
166,2/24/2026,0,126.5437882,157
166,2/25/2026,0,226.6818182,139
166,2/26/2026,0.031496063,160.9544554,170
166,2/27/2026,0,347.687188,322
166,2/28/2026,0,782.8181818,835
166,3/1/2026,0.003937008,460.9315068,498
166,3/2/2026,0,126.5437882,141
166,3/3/2026,0.145669296,134.5725699,76
166,3/4/2026,0.232283458,236.9805825,198
166,3/5/2026,0.523622036,175.1505576,163
167,2/4/2026,0.633858263,329.976378,221
167,2/5/2026,0.019685039,208.2805755,166
167,2/6/2026,0.011811025,413.3858268,308
167,2/7/2026,0.039370079,947.4925373,595
167,2/8/2026,0.314960599,641.4963504,559
167,2/9/2026,0.106299207,194.2274678,145
167,2/10/2026,0.035433073,192.3618421,108
167,2/11/2026,0.007874016,347.687188,157
167,2/12/2026,0.208661422,238.7488789,142
167,2/13/2026,0.047244098,472.6632124,378
167,2/14/2026,0.295275599,1102.105263,873
167,2/15/2026,0.468503922,929.4210526,874
167,2/16/2026,0.066929139,557.0555556,393
167,2/17/2026,0,220.8461538,111
167,2/18/2026,0.003937008,347.687188,161
167,2/19/2026,0,247.0916335,145
167,2/20/2026,0,494.4772699,294
167,2/21/2026,0.003937008,1165.06383,731
167,2/22/2026,0.003937008,733.862069,618
167,2/23/2026,0,194.2274678,140
167,2/24/2026,0.023622049,194.2274678,122
167,2/25/2026,0.007874016,347.687188,218
167,2/26/2026,0.023622049,236.9805825,199
167,2/27/2026,0.066929139,472.6632124,367
167,2/28/2026,0.003937008,1102.105263,822
167,3/1/2026,0.003937008,733.862069,749
167,3/2/2026,0.035433073,194.2274678,242
167,3/3/2026,0,194.2274678,137
167,3/4/2026,0.12204726,347.687188,174
167,3/5/2026,0.086614177,238.7488789,143
168,2/4/2026,0.437007844,194.2274678,145
168,2/5/2026,0.393700868,126.5437882,104
168,2/6/2026,0,282.147541,253
168,2/7/2026,0,777.0588235,786
168,2/8/2026,0,286.8571429,303
168,2/9/2026,0,101,80
168,2/10/2026,0,101,53
168,2/11/2026,0.16141732,194.2274678,118
168,2/12/2026,0,118.9402985,167
168,2/13/2026,0,347.687188,367
168,2/14/2026,0,810.3402062,964
168,2/15/2026,0.748031557,460.9315068,540
168,2/16/2026,0.019685039,318.7317073,306
168,2/17/2026,0,134.5725699,77
168,2/18/2026,0.003937008,208.2805755,138
168,2/19/2026,0.003937008,144.875,116
168,2/20/2026,0.070866138,347.687188,343
168,2/21/2026,0.606299222,974.0987654,926
168,2/22/2026,0.007874016,413.3858268,421
168,2/23/2026,0,109.8155198,82
168,2/24/2026,0,109.8155198,115
168,2/25/2026,0,202.2571429,128
168,2/26/2026,0.263779521,144.875,142
168,2/27/2026,1.141732335,347.687188,347
168,2/28/2026,0.007874016,947.4925373,941
168,3/1/2026,0,409.4651163,479
168,3/2/2026,0,109.8155198,72
168,3/3/2026,0,109.8155198,96
168,3/4/2026,0,202.2571429,182
168,3/5/2026,0.003937008,134.5725699,134
169,2/4/2026,0.114173234,208.2805755,108
169,2/5/2026,0.023622049,118.9402985,105
169,2/6/2026,0.003937008,318.7317073,303
169,2/7/2026,0,916.65,896
169,2/8/2026,0,347.687188,233
169,2/9/2026,0,109.792,78
169,2/10/2026,0,109.792,68
169,2/11/2026,0.007874016,214.1163793,145
169,2/12/2026,0,126.5437882,114
169,2/13/2026,0,406.9115646,368
169,2/14/2026,0,1027.7,1164
169,2/15/2026,0.696850419,557.0555556,682
169,2/16/2026,0.303149611,393.3469388,214
169,2/17/2026,0,175.1505576,134
169,2/18/2026,0,262.2347561,126
169,2/19/2026,0.062992133,175.1505576,125
169,2/20/2026,0.177165359,406.9115646,326
169,2/21/2026,0.11023622,1165.06383,948
169,2/22/2026,0.350393742,504.9354839,495
169,2/23/2026,0,109.8155198,92
169,2/24/2026,0,109.8155198,123
169,2/25/2026,0,220.8461538,193
169,2/26/2026,1.01968503,151.2089552,149
169,2/27/2026,0.098425195,402.7702703,435
169,2/28/2026,0,1109.186207,937
169,3/1/2026,0,460.9315068,460
169,3/2/2026,0.015748031,109.8155198,103
169,3/3/2026,0.015748031,109.8155198,227
169,3/4/2026,0,214.1163793,138
169,3/5/2026,0,144.875,180
170,2/4/2026,0,175.1505576,63
170,2/5/2026,0,109.8155198,60
170,2/6/2026,0,275.8613861,189
170,2/7/2026,0,628.7835821,469
170,2/8/2026,0.015748031,264.10625,163
170,2/9/2026,0,101,63
170,2/10/2026,0,101,52
170,2/11/2026,0,179.1344538,119
170,2/12/2026,0,126.5437882,133
170,2/13/2026,0,347.687188,295
170,2/14/2026,0.688976407,777.0588235,889
170,2/15/2026,0,439.2601626,388
170,2/16/2026,0,286.8571429,184
170,2/17/2026,0,134.5725699,57
170,2/18/2026,0,194.2274678,82
170,2/19/2026,0,144.875,88
170,2/20/2026,0,347.687188,263
170,2/21/2026,0,810.3402062,755
170,2/22/2026,0,409.4651163,422
170,2/23/2026,0,109.8155198,84
170,2/24/2026,0,109.8155198,77
170,2/25/2026,0,194.2274678,133
170,2/26/2026,0,134.5725699,124
170,2/27/2026,0,347.687188,238
170,2/28/2026,0,782.8181818,790
170,3/1/2026,0,406.9115646,342
170,3/2/2026,0,109.8155198,94
170,3/3/2026,0,109.8155198,65
170,3/4/2026,0,194.2274678,117
170,3/5/2026,0.011811025,134.5725699,82
177,2/4/2026,0,175.1505576,74
177,2/5/2026,0,109.8155198,57
177,2/6/2026,0,308.6872727,212
177,2/7/2026,0,771.6206897,693
177,2/8/2026,0,318.7317073,172
177,2/9/2026,0,101,49
177,2/10/2026,0,101,65
177,2/11/2026,0,179.1344538,105
177,2/12/2026,0,109.8155198,54
177,2/13/2026,0,402.7702703,314
177,2/14/2026,0,846.2641509,901
177,2/15/2026,0,533.7429467,325
177,2/16/2026,0,296.3813559,134
177,2/17/2026,0,134.5725699,36
177,2/18/2026,0,195.173913,68
177,2/19/2026,0,144.875,161
177,2/20/2026,0,393.3469388,321
177,2/21/2026,0,974.0987654,829
177,2/22/2026,0,460.9315068,304
177,2/23/2026,0,109.792,71
177,2/24/2026,0,109.792,65
177,2/25/2026,0,194.2274678,140
177,2/26/2026,0,134.5725699,166
177,2/27/2026,0,393.3469388,344
177,2/28/2026,0,974.0987654,806
177,3/1/2026,0,434.5722222,428
177,3/2/2026,0,109.792,57
177,3/3/2026,0.188976347,109.8155198,62
177,3/4/2026,0.003937008,194.2274678,86
177,3/5/2026,0.003937008,134.5725699,104
179,2/4/2026,0,134.5725699,75
179,2/5/2026,0,81.78779841,28
179,2/6/2026,0.003937008,194.2274678,149
179,2/7/2026,0,377.4006969,256
179,2/8/2026,0,194.2274678,115
179,2/9/2026,0,64.14049587,41
179,2/10/2026,0,64.14049587,44
179,2/11/2026,0,134.5725699,69
179,2/12/2026,0,81.78779841,42
179,2/13/2026,0.015748031,214.1163793,181
179,2/14/2026,0,409.4651163,341
179,2/15/2026,0,264.10625,244
179,2/16/2026,0,179.1344538,217
179,2/17/2026,0.224409431,81.78779841,19
179,2/18/2026,0.003937008,151.2089552,84
179,2/19/2026,0,109.8155198,71
179,2/20/2026,0.035433073,226.0666667,165
179,2/21/2026,0,472.6632124,285
179,2/22/2026,0,262.2347561,142
179,2/23/2026,0,74.20454545,51
179,2/24/2026,0,74.20454545,55
179,2/25/2026,0,144.875,82
179,2/26/2026,0,107.4480519,55
179,2/27/2026,0,214.1163793,159
179,2/28/2026,0,472.6632124,254
179,3/1/2026,0,247.0916335,251
179,3/2/2026,0,74.20454545,49
179,3/3/2026,0,74.20454545,41
179,3/4/2026,0,144.875,63
179,3/5/2026,0,101,79
189,2/4/2026,0.082677171,175.1505576,283
189,2/5/2026,0.192913368,112.6666667,236
189,2/6/2026,0,308.6872727,424
189,2/7/2026,0,771.6206897,1226
189,2/8/2026,0,318.7317073,432
189,2/9/2026,0,101,473
189,2/10/2026,0,101,202
189,2/11/2026,0.137795284,193.1041257,251
189,2/12/2026,0.043307088,109.8155198,242
189,2/13/2026,0,402.7702703,677
189,2/14/2026,0,846.2641509,1193
189,2/15/2026,0.551181138,533.7429467,1078
189,2/16/2026,0.114173234,308.6872727,726
189,2/17/2026,0,134.5725699,219
189,2/18/2026,0.003937008,195.173913,280
189,2/19/2026,0.027559057,144.875,240
189,2/20/2026,0,393.3469388,369
189,2/21/2026,0.035433073,974.0987654,1275
189,2/22/2026,0.377952784,464.2833333,817
189,2/23/2026,0,109.792,204
189,2/24/2026,0,109.792,182
189,2/25/2026,0,194.2274678,330
189,2/26/2026,0,134.5725699,199
189,2/27/2026,1.051180959,402.7702703,481
189,2/28/2026,0.039370079,974.0987654,907
189,3/1/2026,0,434.5722222,675
189,3/2/2026,0.015748031,109.792,209
189,3/3/2026,0.003937008,109.792,136
189,3/4/2026,0.007874016,194.2274678,275
189,3/5/2026,0.062992126,134.5725699,170
