Loc Number,Date,Precipitation,Predicted Purchased Cards,Unique Purchased Cards
4,2/4/2026,0.192913368,127.8516129,111
4,2/5/2026,0,89.16915423,56
4,2/6/2026,0,244.84375,270
4,2/7/2026,0,644.6363636,964
4,2/8/2026,0,163.9297297,263
4,2/9/2026,0,91.46524064,110
4,2/10/2026,0,70.92592593,61
4,2/11/2026,0.137795284,137.616129,100
4,2/12/2026,0,110.3915493,138
4,2/13/2026,0,511.8983051,328
4,2/14/2026,0,1349.518519,1331
4,2/15/2026,0.692913413,589.7456647,678
4,2/16/2026,0.011811025,220.9241379,283
4,2/17/2026,0,100.3636364,227
4,2/18/2026,0.007874016,200.5985915,329
4,2/19/2026,0.051181108,174.1060606,267
4,2/20/2026,0.094488196,347.8575499,497
4,2/21/2026,0.472440958,1267.337349,1130
4,2/22/2026,0.003937008,450.8429319,584
4,2/23/2026,0,91.46524064,127
4,2/24/2026,0,58.90816327,127
4,2/25/2026,0.003937008,148.8377282,145
4,2/26/2026,0.88188982,118.4955357,135
4,2/27/2026,1.185039639,341.1545455,345
4,2/28/2026,0,1110.024691,1023
4,3/1/2026,0,373.3566879,490
4,3/2/2026,0,89.16915423,135
4,3/3/2026,0,67.25352113,75
4,3/4/2026,0,127.8516129,131
4,3/5/2026,0.015748031,110.3915493,106
5,2/4/2026,0,127.8516129,148
5,2/5/2026,0,118.4545455,110
5,2/6/2026,0,280.8842105,217
5,2/7/2026,0,547.4032258,584
5,2/8/2026,0,200.5985915,226
5,2/9/2026,0,76.85526316,72
5,2/10/2026,0,80.94285714,81
5,2/11/2026,0.023622049,133,158
5,2/12/2026,0,118.4955357,186
5,2/13/2026,0,514.9345794,359
5,2/14/2026,0,1110.024691,1148
5,2/15/2026,0.035433073,415.05,472
5,2/16/2026,0.066929132,168.0305677,252
5,2/17/2026,0,89.16915423,105
5,2/18/2026,0.015748031,148.8377282,147
5,2/19/2026,0.066929139,147.6,125
5,2/20/2026,0.622047246,331.7697842,372
5,2/21/2026,0,1005.886179,1010
5,2/22/2026,0.137795284,383.1410256,145
5,2/23/2026,0,76.85526316,64
5,2/24/2026,0,75.68518519,118
5,2/25/2026,0,148.8377282,201
5,2/26/2026,0.003937008,127.8516129,200
5,2/27/2026,0,383.1410256,471
5,2/28/2026,0,1005.886179,1141
5,3/1/2026,0,331.7697842,462
5,3/2/2026,0,79.55357143,115
5,3/3/2026,0.133858278,80.94285714,128
5,3/4/2026,0.244094491,137.616129,162
5,3/5/2026,0.248031482,126.8560794,132
8,2/4/2026,0,244.84375,181
8,2/5/2026,0.094488196,174.1060606,169
8,2/6/2026,0,296.5333333,305
8,2/7/2026,0,695.9179104,785
8,2/8/2026,0,331.7697842,360
8,2/9/2026,0,137.616129,115
8,2/10/2026,0,126.8560794,111
8,2/11/2026,0.007874016,242.1313673,185
8,2/12/2026,0,191.5615764,207
8,2/13/2026,0.051181108,547.4032258,317
8,2/14/2026,0.011811025,1267.337349,1016
8,2/15/2026,0.031496067,804.9107143,717
8,2/16/2026,0.086614169,363.4901961,428
8,2/17/2026,0.019685039,126.8560794,106
8,2/18/2026,0.023622049,290.3260073,204
8,2/19/2026,0.015748031,208.9411765,198
8,2/20/2026,0,373.3566879,340
8,2/21/2026,0.007874016,1233.686275,718
8,2/22/2026,0,668.5060241,573
8,2/23/2026,0.023622049,147.6,217
8,2/24/2026,0,119.7925926,205
8,2/25/2026,0,249.5630631,248
8,2/26/2026,0.015748031,195.7888889,182
8,2/27/2026,0.007874016,402.7941176,376
8,2/28/2026,0.429133862,1208.75,1158
8,3/1/2026,0.14173229,611.1417323,559
8,3/2/2026,0.05905512,148.8377282,48
8,3/3/2026,0.169291332,127.8516129,138
8,3/4/2026,0.208661392,244.84375,367
8,3/5/2026,0.078740165,191.5615764,156
10,2/4/2026,0,296.5333333,280
10,2/5/2026,0,242.1313673,252
10,2/6/2026,0.007874016,568.4,498
10,2/7/2026,0,1233.686275,1199
10,2/8/2026,0,547.4032258,471
10,2/9/2026,0,195.7888889,436
10,2/10/2026,0,191.5615764,199
10,2/11/2026,1.271653533,331.7697842,365
10,2/12/2026,0.003937008,270.259887,223
10,2/13/2026,0,852.1596639,612
10,2/14/2026,0,1610.387373,1724
10,2/15/2026,0,1233.686275,1190
10,2/16/2026,0.893700838,618.6629213,772
10,2/17/2026,0.637795389,220.9241379,257
10,2/18/2026,0.55905515,415.05,350
10,2/19/2026,0.429133862,290.3260073,305
10,2/20/2026,0.031496063,668.5060241,686
10,2/21/2026,0,1561.25,1381
10,2/22/2026,0,1110.024691,983
10,2/23/2026,0,195.7888889,244
10,2/24/2026,0,154.8221154,257
10,2/25/2026,0,347.8575499,376
10,2/26/2026,0,249.5630631,333
10,2/27/2026,0,726.6078431,642
10,2/28/2026,0,1561.25,1456
10,3/1/2026,0,929.1269841,1044
10,3/2/2026,0,195.7888889,220
10,3/3/2026,0,154.8221154,219
10,3/4/2026,0,321.3348624,367
10,3/5/2026,0,242.1313673,241
11,2/4/2026,0,174.1060606,169
11,2/5/2026,0,110.3915493,90
11,2/6/2026,0,296.5333333,248
11,2/7/2026,0,627.952381,1033
11,2/8/2026,0,286.8283582,358
11,2/9/2026,0,75.68518519,117
11,2/10/2026,0,80.94285714,61
11,2/11/2026,0,168.0305677,169
11,2/12/2026,0,118.4545455,155
11,2/13/2026,0,569.2716763,478
11,2/14/2026,0,1502,1383
11,2/15/2026,0.527559102,644.6363636,802
11,2/16/2026,0,195.7888889,391
11,2/17/2026,0,75.68518519,84
11,2/18/2026,0.039370079,168.0305677,137
11,2/19/2026,0.035433073,126.8560794,148
11,2/20/2026,0.074803151,383.1410256,407
11,2/21/2026,0,1349.518519,1205
11,2/22/2026,0.003937008,520.6186441,524
11,2/23/2026,0,80.94285714,47
11,2/24/2026,0,58.90816327,146
11,2/25/2026,0.019685039,174.1060606,185
11,2/26/2026,0,119.7925926,175
11,2/27/2026,0,402.7941176,360
11,2/28/2026,0,1267.337349,1182
11,3/1/2026,0.015748031,447.0123457,592
11,3/2/2026,0.043307088,89.16915423,122
11,3/3/2026,0.677165329,80.94285714,135
11,3/4/2026,0.712598443,174.1060606,170
11,3/5/2026,1.074803233,126.8560794,141
12,2/4/2026,0.007874017,220.9241379,203
12,2/5/2026,0,174.1060606,173
12,2/6/2026,0,447.0123457,495
12,2/7/2026,0,929.1269841,1068
12,2/8/2026,0,347.8575499,310
12,2/9/2026,0,126.8560794,194
12,2/10/2026,0,118.4955357,121
12,2/11/2026,0,224.0731707,238
12,2/12/2026,0,182.2408759,131
12,2/13/2026,0.007874016,750.9484536,622
12,2/14/2026,0.027559057,1502,1367
12,2/15/2026,0,750.9484536,737
12,2/16/2026,0,244.84375,442
12,2/17/2026,0.023622049,118.4955357,200
12,2/18/2026,0,208.9411765,219
12,2/19/2026,0,174.1060606,203
12,2/20/2026,0,547.4032258,593
12,2/21/2026,0,1349.518519,1197
12,2/22/2026,0,644.6363636,719
12,2/23/2026,0,148.8377282,173
12,2/24/2026,0,110.3915493,135
12,2/25/2026,0.003937008,242.1313673,259
12,2/26/2026,0,191.5615764,219
12,2/27/2026,0,589.7456647,555
12,2/28/2026,0,1267.337349,1136
12,3/1/2026,0,569.2716763,671
12,3/2/2026,0,137.616129,160
12,3/3/2026,0.039370079,106.2573099,112
12,3/4/2026,0.035433076,216.6267606,277
12,3/5/2026,0,174.1060606,258
13,2/4/2026,0,200.5985915,193
13,2/5/2026,0,148.8377282,145
13,2/6/2026,0,373.3566879,403
13,2/7/2026,0,825.1736527,1040
13,2/8/2026,0,290.3260073,383
13,2/9/2026,0,118.4955357,76
13,2/10/2026,0,108.8055556,67
13,2/11/2026,0,231.7790698,202
13,2/12/2026,0,126.8560794,164
13,2/13/2026,0,611.1417323,510
13,2/14/2026,0,1561.25,1642
13,2/15/2026,0,776.2307692,803
13,2/16/2026,0,252.6173913,603
13,2/17/2026,0.078740157,163.9297297,333
13,2/18/2026,0.031496059,347.8575499,444
13,2/19/2026,0,174.1060606,357
13,2/20/2026,0.196850374,450.8429319,540
13,2/21/2026,0.007874014,1502,1245
13,2/22/2026,0,618.6629213,667
13,2/23/2026,0,137.616129,106
13,2/24/2026,0,118.4545455,141
13,2/25/2026,0.007874021,271.5,254
13,2/26/2026,0.003937006,148.8377282,179
13,2/27/2026,0,450.8429319,440
13,2/28/2026,0.019685039,1349.518519,1266
13,3/1/2026,0,547.4032258,776
13,3/2/2026,0,126.8560794,137
13,3/3/2026,0,108.8055556,118
13,3/4/2026,0.027559057,242.1313673,320
13,3/5/2026,0.09055119,137.616129,173
14,2/4/2026,0,290.3260073,214
14,2/5/2026,0,200.5985915,166
14,2/6/2026,0,514.9345794,422
14,2/7/2026,0,934.5945946,921
14,2/8/2026,0,479.1730769,366
14,2/9/2026,0,154.8221154,156
14,2/10/2026,0,154.8221154,154
14,2/11/2026,0.692913473,283.484375,296
14,2/12/2026,0.003937008,200.5985915,190
14,2/13/2026,0,750.9484536,466
14,2/14/2026,0,1561.25,1419
14,2/15/2026,0,1110.024691,1050
14,2/16/2026,0.846456647,547.4032258,835
14,2/17/2026,0.771653593,200.5985915,247
14,2/18/2026,0.437007904,347.8575499,436
14,2/19/2026,0.287401557,216.6267606,305
14,2/20/2026,0.007874016,547.4032258,549
14,2/21/2026,0,1408.384738,1072
14,2/22/2026,0,852.1596639,639
14,2/23/2026,0,148.8377282,109
14,2/24/2026,0,127.8516129,149
14,2/25/2026,0,280.8842105,201
14,2/26/2026,0,188,206
14,2/27/2026,0,589.7456647,424
14,2/28/2026,0,1379.375,949
14,3/1/2026,0,825.1736527,708
14,3/2/2026,0,148.8377282,114
14,3/3/2026,0,147.6,167
14,3/4/2026,0,280.8842105,238
14,3/5/2026,0,182.2408759,153
15,2/4/2026,0,161.2021277,183
15,2/5/2026,0,126.8560794,102
15,2/6/2026,0,271.5,304
15,2/7/2026,0,804.9107143,823
15,2/8/2026,0,280.8842105,357
15,2/9/2026,0,115.0666667,108
15,2/10/2026,0,106.2573099,102
15,2/11/2026,0.145669296,182.1711097,181
15,2/12/2026,0,138.3928571,122
15,2/13/2026,0,481.3425414,360
15,2/14/2026,0,1349.518519,1182
15,2/15/2026,0,934.5945946,883
15,2/16/2026,0,481.3425414,749
15,2/17/2026,0,224.0731707,527
15,2/18/2026,0.09055119,447.0123457,643
15,2/19/2026,0.062992126,220.9241379,528
15,2/20/2026,0.295275569,383.1410256,557
15,2/21/2026,0.007874016,1267.337349,1160
15,2/22/2026,0.035433076,726.6078431,193
15,2/23/2026,0,127.8516129,
15,2/24/2026,0,110.3915493,186
15,2/25/2026,0,242.1313673,157
15,2/26/2026,0.027559055,148.8377282,90
15,2/27/2026,0,341.1545455,295
15,2/28/2026,0,1110.024691,1094
15,3/1/2026,0,644.6363636,652
15,3/2/2026,0,118.4955357,61
15,3/3/2026,0.129921257,110.3915493,75
15,3/4/2026,0.354330719,216.6267606,230
15,3/5/2026,0.488189042,154.8221154,114
16,2/4/2026,0,293.3492202,297
16,2/5/2026,0,242.1313673,199
16,2/6/2026,0,514.9345794,429
16,2/7/2026,0,1049.589744,977
16,2/8/2026,0,547.4032258,389
16,2/9/2026,0,174.1060606,266
16,2/10/2026,0,163.9297297,161
16,2/11/2026,0.724409461,341.1545455,373
16,2/12/2026,0,249.5630631,220
16,2/13/2026,0,750.9484536,570
16,2/14/2026,0,1561.25,1317
16,2/15/2026,0,1146.083333,1036
16,2/16/2026,0.877952635,520.6186441,801
16,2/17/2026,0.350393772,182.2408759,238
16,2/18/2026,0.570866168,415.05,331
16,2/19/2026,0.248031482,290.3260073,381
16,2/20/2026,0.003937008,618.6629213,541
16,2/21/2026,0,1502,1095
16,2/22/2026,0,934.5945946,866
16,2/23/2026,0,174.1060606,153
16,2/24/2026,0,154.8221154,188
16,2/25/2026,0,347.8575499,317
16,2/26/2026,0,244.84375,270
16,2/27/2026,0,644.6363636,545
16,2/28/2026,0,1502,1006
16,3/1/2026,0,825.1736527,841
16,3/2/2026,0,168.0305677,162
16,3/3/2026,0,148.8377282,208
16,3/4/2026,0,347.8575499,302
16,3/5/2026,0,242.1313673,246
17,2/4/2026,0,174.1060606,179
17,2/5/2026,0,106.2573099,124
17,2/6/2026,0,258.5933014,234
17,2/7/2026,0,668.5060241,849
17,2/8/2026,0,290.3260073,385
17,2/9/2026,0,98.47826087,75
17,2/10/2026,0,110.3915493,86
17,2/11/2026,0,195.7888889,169
17,2/12/2026,0,95.85454545,145
17,2/13/2026,0,458.1666667,453
17,2/14/2026,0,1267.337349,1268
17,2/15/2026,0.413385838,569.2716763,667
17,2/16/2026,0,174.1060606,438
17,2/17/2026,0,94.75,87
17,2/18/2026,0.019685039,200.5985915,154
17,2/19/2026,0.023622049,115.0666667,151
17,2/20/2026,0.854330778,301.6236559,335
17,2/21/2026,0,1233.686275,1044
17,2/22/2026,0,481.3425414,353
17,2/23/2026,0,95.85454545,122
17,2/24/2026,0,80.94285714,96
17,2/25/2026,0.023622049,216.6267606,169
17,2/26/2026,0,106.2573099,183
17,2/27/2026,0,331.7697842,296
17,2/28/2026,0,1010.5625,820
17,3/1/2026,0,415.05,560
17,3/2/2026,0,96.13461538,123
17,3/3/2026,0.185039371,91.46524064,75
17,3/4/2026,0.405511856,216.6267606,130
17,3/5/2026,0.704724491,110.3915493,80
18,2/4/2026,0,174.1060606,175
18,2/5/2026,0,137.616129,125
18,2/6/2026,0,244.84375,271
18,2/7/2026,0,547.4032258,642
18,2/8/2026,0,191.5615764,279
18,2/9/2026,0,119.7925926,89
18,2/10/2026,0,100.3636364,91
18,2/11/2026,0.019685039,220.9241379,165
18,2/12/2026,0,154.8221154,114
18,2/13/2026,0.015748031,450.8429319,297
18,2/14/2026,1.224409461,1267.337349,1245
18,2/15/2026,0,652.5294118,602
18,2/16/2026,0,195.7888889,285
18,2/17/2026,0,76.85526316,119
18,2/18/2026,0.003937008,216.6267606,197
18,2/19/2026,0.003937008,154.8221154,205
18,2/20/2026,0.003937008,296.5333333,258
18,2/21/2026,0,892.6792453,802
18,2/22/2026,0,479.1730769,556
18,2/23/2026,0,118.4545455,131
18,2/24/2026,0,89.16915423,137
18,2/25/2026,0,242.1313673,233
18,2/26/2026,0,154.8221154,203
18,2/27/2026,0,331.4468085,365
18,2/28/2026,0,852.1596639,816
18,3/1/2026,0.007874016,415.05,569
18,3/2/2026,0.043307088,118.4955357,106
18,3/3/2026,0.023622049,91.46524064,108
18,3/4/2026,0.055118114,224.0731707,237
18,3/5/2026,0.125984251,154.8221154,187
20,2/4/2026,0,191.5615764,153
20,2/5/2026,0,119.7925926,133
20,2/6/2026,0,286.8283582,392
20,2/7/2026,0,589.7456647,1218
20,2/8/2026,0,347.8575499,393
20,2/9/2026,0,118.4545455,112
20,2/10/2026,0,109.7059625,130
20,2/11/2026,0,200.5985915,188
20,2/12/2026,0,127.8516129,180
20,2/13/2026,0,589.7456647,614
20,2/14/2026,0.543307126,1502,1603
20,2/15/2026,0.55905515,825.1736527,909
20,2/16/2026,0,249.5630631,494
20,2/17/2026,0,100.3636364,96
20,2/18/2026,0,224.0731707,207
20,2/19/2026,0.795275629,154.8221154,192
20,2/20/2026,0,385.496063,465
20,2/21/2026,0,1267.337349,1320
20,2/22/2026,0,644.6363636,846
20,2/23/2026,0,118.9530557,164
20,2/24/2026,0,96.13461538,176
20,2/25/2026,0,242.1313673,270
20,2/26/2026,0.003937008,147.6,248
20,2/27/2026,0,443.7368421,436
20,2/28/2026,0.007874016,1233.686275,1382
20,3/1/2026,0,547.4032258,838
20,3/2/2026,0.196850389,126.8560794,154
20,3/3/2026,0.897637844,108.8055556,235
20,3/4/2026,0.566929102,216.6267606,227
20,3/5/2026,1.858267784,148.8377282,170
21,2/4/2026,0,126.8560794,123
21,2/5/2026,0,89.16915423,89
21,2/6/2026,0,191.5615764,162
21,2/7/2026,0,450.8429319,532
21,2/8/2026,0,195.7888889,200
21,2/9/2026,0,91.37254902,43
21,2/10/2026,0.019685039,89.16915423,49
21,2/11/2026,0.125984251,137.616129,143
21,2/12/2026,0,96.13461538,100
21,2/13/2026,0.007874016,402.7941176,240
21,2/14/2026,1.09842515,1049.589744,928
21,2/15/2026,0.003937008,458.1666667,448
21,2/16/2026,0,195.7888889,235
21,2/17/2026,0.003937008,71.09345794,87
21,2/18/2026,0,154.8221154,107
21,2/19/2026,0.019685039,106.2573099,132
21,2/20/2026,0.007874016,258.5933014,214
21,2/21/2026,0,804.9107143,583
21,2/22/2026,0,347.8575499,351
21,2/23/2026,0,95.85454545,61
21,2/24/2026,0,58.90816327,80
21,2/25/2026,0,148.8377282,133
21,2/26/2026,0,96.13461538,103
21,2/27/2026,0,270.259887,224
21,2/28/2026,0,776.2307692,536
21,3/1/2026,0.015748031,301.6236559,313
21,3/2/2026,0.019685039,96.13461538,57
21,3/3/2026,0.027559057,67.25352113,44
21,3/4/2026,0.055118121,147.6,153
21,3/5/2026,0.547244072,100.225,91
22,2/4/2026,0,224.0731707,225
22,2/5/2026,0.42125988,154.8221154,123
22,2/6/2026,0,372.1054998,396
22,2/7/2026,0,934.5945946,1069
22,2/8/2026,0,290.3260073,334
22,2/9/2026,0,115.0666667,102
22,2/10/2026,0.023622049,119.7925926,113
22,2/11/2026,0.023622049,224.0731707,150
22,2/12/2026,0,148.8377282,173
22,2/13/2026,0,627.952381,503
22,2/14/2026,0,1561.25,1475
22,2/15/2026,0.267716557,825.1736527,874
22,2/16/2026,0.027559057,242.1313673,538
22,2/17/2026,0,110.3915493,118
22,2/18/2026,0,220.9241379,157
22,2/19/2026,0,148.8377282,140
22,2/20/2026,0,385.496063,384
22,2/21/2026,0,1502,1206
22,2/22/2026,0.086614177,611.1417323,800
22,2/23/2026,0,118.4955357,181
22,2/24/2026,0,106.2573099,159
22,2/25/2026,0,242.1313673,281
22,2/26/2026,0,137.616129,225
22,2/27/2026,0.086614177,447.0123457,500
22,2/28/2026,0,1367.66258,1534
22,3/1/2026,0,479.1730769,810
22,3/2/2026,0,126.8560794,145
22,3/3/2026,0,108.8055556,151
22,3/4/2026,0.007874016,208.9411765,268
22,3/5/2026,0,137.616129,178
23,2/4/2026,0,174.1060606,179
23,2/5/2026,0,119.7925926,129
23,2/6/2026,0,321.3348624,392
23,2/7/2026,0,776.2307692,686
23,2/8/2026,0,373.3566879,381
23,2/9/2026,0,96.13461538,115
23,2/10/2026,0,106.2573099,92
23,2/11/2026,0.007874017,231.7790698,176
23,2/12/2026,0,148.8377282,181
23,2/13/2026,0,611.1417323,395
23,2/14/2026,0,1561.25,1410
23,2/15/2026,0,929.1269841,1097
23,2/16/2026,0,402.7941176,822
23,2/17/2026,0,216.6267606,528
23,2/18/2026,0.153543308,589.7456647,905
23,2/19/2026,0.027559057,321.3348624,815
23,2/20/2026,0.070866153,520.6186441,863
23,2/21/2026,0.070866138,1561.25,1290
23,2/22/2026,0,750.9484536,414
23,2/23/2026,0.003937008,148.8377282,
23,2/24/2026,0,127.8516129,65
23,2/25/2026,0.007874017,301.6236559,231
23,2/26/2026,0,161.2021277,288
23,2/27/2026,0,450.8429319,523
23,2/28/2026,0,1379.375,1326
23,3/1/2026,0,589.7456647,870
23,3/2/2026,0,96.13461538,148
23,3/3/2026,0.090551183,95.85454545,174
23,3/4/2026,0.397637814,244.84375,271
23,3/5/2026,0.078740157,137.616129,169
24,2/4/2026,0,200.5985915,163
24,2/5/2026,0,148.8377282,135
24,2/6/2026,0,383.1410256,301
24,2/7/2026,0,852.1596639,784
24,2/8/2026,0,363.4901961,362
24,2/9/2026,0.003937008,115.0666667,110
24,2/10/2026,0.094488196,110.3915493,97
24,2/11/2026,0.279527545,200.5985915,202
24,2/12/2026,0.082677163,148.8377282,119
24,2/13/2026,0,618.6629213,380
24,2/14/2026,0,1502,1196
24,2/15/2026,0.082677163,1110.024691,1067
24,2/16/2026,2.35433054,547.4032258,776
24,2/17/2026,0.937007844,195.7888889,284
24,2/18/2026,0.476377934,321.3348624,577
24,2/19/2026,0.696850419,216.6267606,533
24,2/20/2026,0.003937008,415.05,580
24,2/21/2026,0,1349.518519,1087
24,2/22/2026,0,731.2,608
24,2/23/2026,0,126.8560794,111
24,2/24/2026,0.039370079,91.46524064,104
24,2/25/2026,0.011811025,195.7888889,149
24,2/26/2026,0.019685039,148.8377282,162
24,2/27/2026,0,447.0123457,327
24,2/28/2026,0,1267.337349,965
24,3/1/2026,0,644.6363636,589
24,3/2/2026,0,126.8560794,125
24,3/3/2026,0.003937008,94.75,93
24,3/4/2026,0.003937008,174.1060606,208
24,3/5/2026,0,127.8516129,108
25,2/4/2026,0,148.8377282,121
25,2/5/2026,0,127.8516129,96
25,2/6/2026,0,383.1410256,340
25,2/7/2026,0,825.1736527,792
25,2/8/2026,0,249.5630631,214
25,2/9/2026,0,94.75,113
25,2/10/2026,0,96.13461538,95
25,2/11/2026,0,163.9297297,155
25,2/12/2026,0,147.6,139
25,2/13/2026,0.003937008,627.952381,462
25,2/14/2026,0.055118114,1349.518519,1415
25,2/15/2026,0,695.9179104,632
25,2/16/2026,0,242.1313673,321
25,2/17/2026,0.023622049,110.3915493,181
25,2/18/2026,0.003937008,168.0305677,137
25,2/19/2026,0.003937008,154.8221154,135
25,2/20/2026,0,447.0123457,426
25,2/21/2026,0,1267.337349,1007
25,2/22/2026,0,547.4032258,578
25,2/23/2026,0,115.0666667,134
25,2/24/2026,0,91.46524064,136
25,2/25/2026,0.015748031,163.9297297,203
25,2/26/2026,0,147.6,180
25,2/27/2026,0,479.1730769,440
25,2/28/2026,0,1233.686275,897
25,3/1/2026,0,481.3425414,553
25,3/2/2026,0,119.7925926,102
25,3/3/2026,0.074803151,98.47826087,83
25,3/4/2026,0.035433073,154.8221154,170
25,3/5/2026,0,137.616129,196
26,2/4/2026,0,148.8377282,196
26,2/5/2026,0,147.6,151
26,2/6/2026,0.003937008,321.3348624,326
26,2/7/2026,0,852.1596639,1106
26,2/8/2026,0,286.8283582,362
26,2/9/2026,0,76.98838157,138
26,2/10/2026,0,91.46524064,129
26,2/11/2026,0.007874016,168.0305677,182
26,2/12/2026,0,148.8377282,175
26,2/13/2026,0,618.6629213,450
26,2/14/2026,0,1561.25,1636
26,2/15/2026,0.106299207,668.5060241,928
26,2/16/2026,0,195.7888889,346
26,2/17/2026,0,91.46524064,145
26,2/18/2026,0.11811024,174.1060606,262
26,2/19/2026,0.192913398,148.8377282,188
26,2/20/2026,0.275590539,447.0123457,491
26,2/21/2026,0,1561.25,1419
26,2/22/2026,0,589.7456647,628
26,2/23/2026,0,75.68518519,173
26,2/24/2026,0,79.43061554,202
26,2/25/2026,0.015748031,174.1060606,250
26,2/26/2026,0,148.8377282,237
26,2/27/2026,0,450.8429319,446
26,2/28/2026,0,1502,1452
26,3/1/2026,0,481.3425414,922
26,3/2/2026,0,76.85526316,132
26,3/3/2026,0.685039341,100.3636364,158
26,3/4/2026,0.20078738,174.1060606,228
26,3/5/2026,0.669291377,148.8377282,187
27,2/4/2026,0,373.3566879,301
27,2/5/2026,0,270.259887,30
27,2/6/2026,0,611.1417323,553
27,2/7/2026,0,1110.024691,1215
27,2/8/2026,0,481.3425414,395
27,2/9/2026,0,195.7888889,211
27,2/10/2026,0,191.5615764,197
27,2/11/2026,0.188976392,415.05,381
27,2/12/2026,0,271.5,273
27,2/13/2026,0,825.1736527,698
27,2/14/2026,0,1561.25,1311
27,2/15/2026,0,1208.75,1055
27,2/16/2026,0.748031497,644.6363636,1007
27,2/17/2026,0.657480359,244.84375,296
27,2/18/2026,0.287401617,520.6186441,429
27,2/19/2026,0.05511811,290.3260073,365
27,2/20/2026,0.287401557,695.9179104,560
27,2/21/2026,0,1502,1139
27,2/22/2026,0,925.8387097,698
27,2/23/2026,0,174.1060606,213
27,2/24/2026,0,148.8377282,206
27,2/25/2026,0,383.1410256,393
27,2/26/2026,0,249.5630631,247
27,2/27/2026,0,685.1111111,591
27,2/28/2026,0,1502,1015
27,3/1/2026,0,825.1736527,802
27,3/2/2026,0,174.1060606,216
27,3/3/2026,0,154.8221154,156
27,3/4/2026,0,398.8571429,311
27,3/5/2026,0,242.1313673,243
28,2/4/2026,0,174.1060606,174
28,2/5/2026,0.070866145,163.9297297,198
28,2/6/2026,0,402.7941176,379
28,2/7/2026,0,1010.5625,1114
28,2/8/2026,0,402.7941176,504
28,2/9/2026,0,110.3915493,86
28,2/10/2026,0,100.3636364,100
28,2/11/2026,0.05511811,174.1060606,182
28,2/12/2026,0,163.9297297,151
28,2/13/2026,0.043307088,644.6363636,452
28,2/14/2026,0.011811025,1592.020186,1302
28,2/15/2026,0.129921272,1183.076923,972
28,2/16/2026,0.039370079,383.1410256,459
28,2/17/2026,0.023622049,91.46524064,124
28,2/18/2026,0.031496067,174.1060606,183
28,2/19/2026,0.007874016,168.0305677,170
28,2/20/2026,0,447.0123457,370
28,2/21/2026,0,1561.25,1165
28,2/22/2026,0,825.1736527,832
28,2/23/2026,0.007874016,118.4955357,135
28,2/24/2026,0,89.16915423,175
28,2/25/2026,0,168.0305677,174
28,2/26/2026,0.015748031,166.986014,179
28,2/27/2026,0.035433073,514.9345794,440
28,2/28/2026,0.094488181,1561.25,1330
28,3/1/2026,0.129921257,825.1736527,1007
28,3/2/2026,0.027559057,118.4955357,158
28,3/3/2026,0.110236228,106.2573099,131
28,3/4/2026,0.133858249,174.1060606,208
28,3/5/2026,0.157480285,166.986014,163
29,2/4/2026,0,154.8221154,105
29,2/5/2026,0,80.94285714,69
29,2/6/2026,0,174.1060606,199
29,2/7/2026,0,589.7456647,716
29,2/8/2026,0,208.9411765,260
29,2/9/2026,0,91.46524064,63
29,2/10/2026,0,108.8055556,65
29,2/11/2026,0.031496067,200.5985915,145
29,2/12/2026,0,98.47826087,122
29,2/13/2026,0,450.8429319,356
29,2/14/2026,0.783464551,1379.375,1111
29,2/15/2026,0.114173226,547.4032258,590
29,2/16/2026,0,252.6173913,390
29,2/17/2026,0,89.16915423,83
29,2/18/2026,0,200.5985915,113
29,2/19/2026,0,98.47826087,96
29,2/20/2026,0,290.3260073,228
29,2/21/2026,0,1110.024691,832
29,2/22/2026,0,385.496063,441
29,2/23/2026,0,110.3915493,77
29,2/24/2026,0,71.09345794,88
29,2/25/2026,0,208.9411765,139
29,2/26/2026,0,100.3636364,123
29,2/27/2026,0,301.6236559,286
29,2/28/2026,0.011811025,1005.886179,676
29,3/1/2026,0,347.8575499,482
29,3/2/2026,0.011811025,126.8560794,88
29,3/3/2026,0,89.16915423,74
29,3/4/2026,0.031496067,220.9241379,147
29,3/5/2026,0.413385868,110.3915493,88
31,2/4/2026,0,242.1313673,210
31,2/5/2026,0,126.8560794,140
31,2/6/2026,0.011811025,258.5933014,254
31,2/7/2026,0,668.5060241,957
31,2/8/2026,0,325.7435897,416
31,2/9/2026,0,91.37254902,137
31,2/10/2026,0,126.8560794,80
31,2/11/2026,0.011811025,224.0731707,198
31,2/12/2026,0,119.7925926,123
31,2/13/2026,0,569.2716763,591
31,2/14/2026,0,1349.518519,1483
31,2/15/2026,0,611.1417323,857
31,2/16/2026,0,200.5985915,448
31,2/17/2026,0,126.8560794,146
31,2/18/2026,0.204724431,249.5630631,236
31,2/19/2026,0.035433069,147.6,144
31,2/20/2026,0.129921257,402.7941176,340
31,2/21/2026,0,1267.337349,1052
31,2/22/2026,0,520.6186441,590
31,2/23/2026,0.003937008,91.37254902,152
31,2/24/2026,0,106.2573099,142
31,2/25/2026,0,242.1313673,235
31,2/26/2026,0,126.8560794,198
31,2/27/2026,0,415.05,444
31,2/28/2026,0,1233.686275,1322
31,3/1/2026,0,447.0123457,781
31,3/2/2026,0,89.16915423,159
31,3/3/2026,0.078740165,110.3915493,144
31,3/4/2026,0.031496063,224.0731707,227
31,3/5/2026,0.641732335,137.616129,136
32,2/4/2026,0,276.6532318,206
32,2/5/2026,0,168.0305677,158
32,2/6/2026,0,402.7941176,475
32,2/7/2026,0,892.6792453,994
32,2/8/2026,0,270.259887,423
32,2/9/2026,0,110.3915493,158
32,2/10/2026,0,126.8560794,127
32,2/11/2026,0.07086613,290.3260073,265
32,2/12/2026,0,182.2408759,179
32,2/13/2026,0,695.9179104,417
32,2/14/2026,0,1561.25,1407
32,2/15/2026,0,1005.886179,1061
32,2/16/2026,0,402.7941176,905
32,2/17/2026,0,244.84375,827
32,2/18/2026,0.078740157,611.1417323,1469
32,2/19/2026,0.039370079,301.6236559,1203
32,2/20/2026,0.393700778,644.6363636,1130
32,2/21/2026,0.031496067,1561.25,1395
32,2/22/2026,0.027559057,892.6792453,238
32,2/23/2026,0.003937009,148.8377282,
32,2/24/2026,0,137.616129,177
32,2/25/2026,0.003937008,383.1410256,240
32,2/26/2026,0.039370079,220.9241379,123
32,2/27/2026,0,547.4032258,494
32,2/28/2026,0,1349.518519,1342
32,3/1/2026,0,644.6363636,889
32,3/2/2026,0,110.3915493,140
32,3/3/2026,0.149606302,126.8560794,126
32,3/4/2026,0.244094491,331.7697842,285
32,3/5/2026,0.523622096,200.5985915,139
33,2/4/2026,0,195.7888889,178
33,2/5/2026,0,126.8560794,152
33,2/6/2026,0,415.05,326
33,2/7/2026,0,929.1269841,1101
33,2/8/2026,0,347.8575499,440
33,2/9/2026,0,91.46524064,134
33,2/10/2026,0.003937008,95.85454545,90
33,2/11/2026,0,174.1060606,206
33,2/12/2026,0,110.3915493,158
33,2/13/2026,0,644.6363636,497
33,2/14/2026,0,1561.25,1221
33,2/15/2026,0,726.6078431,1102
33,2/16/2026,0.003937008,347.8575499,938
33,2/17/2026,0.007874017,96.13461538,177
33,2/18/2026,0.102362193,220.9241379,97
33,2/19/2026,0.015748031,148.8377282,215
33,2/20/2026,0.307086647,450.8429319,403
33,2/21/2026,0.023622049,1502,1042
33,2/22/2026,0.015748031,668.5060241,609
33,2/23/2026,0,91.46524064,98
33,2/24/2026,0,80.94285714,117
33,2/25/2026,0.003937008,195.7888889,177
33,2/26/2026,0,129.2777778,208
33,2/27/2026,0,481.3425414,535
33,2/28/2026,0.051181108,1379.375,1179
33,3/1/2026,0,547.4032258,601
33,3/2/2026,0,91.46524064,120
33,3/3/2026,0,91.46524064,128
33,3/4/2026,0,191.5615764,210
33,3/5/2026,0.078740157,137.616129,179
34,2/4/2026,0,191.5615764,168
34,2/5/2026,0,148.8377282,121
34,2/6/2026,0,398.8571429,365
34,2/7/2026,0,852.1596639,729
34,2/8/2026,0,447.0123457,348
34,2/9/2026,0,148.8377282,204
34,2/10/2026,0.007874016,115.0666667,114
34,2/11/2026,1.271653414,242.1313673,142
34,2/12/2026,0.007874016,154.8221154,159
34,2/13/2026,0,611.1417323,395
34,2/14/2026,0,1267.337349,1055
34,2/15/2026,0,929.1269841,816
34,2/16/2026,1.244094491,481.3425414,623
34,2/17/2026,0.57874018,110.3915493,175
34,2/18/2026,0.527559042,244.84375,226
34,2/19/2026,0.515748084,154.8221154,191
34,2/20/2026,0.011811025,383.1410256,385
34,2/21/2026,0,1110.024691,795
34,2/22/2026,0,706.3076923,664
34,2/23/2026,0,148.8377282,122
34,2/24/2026,0,96.13461538,115
34,2/25/2026,0,224.0731707,185
34,2/26/2026,0,148.8377282,161
34,2/27/2026,0,447.0123457,345
34,2/28/2026,0,1010.5625,775
34,3/1/2026,0,663.21875,596
34,3/2/2026,0,148.8377282,95
34,3/3/2026,0,100.3636364,121
34,3/4/2026,0,216.6267606,191
34,3/5/2026,0,147.6,112
35,2/4/2026,0,224.0731707,272
35,2/5/2026,0,174.1060606,140
35,2/6/2026,0,415.05,485
35,2/7/2026,0,1010.5625,1396
35,2/8/2026,0,520.6186441,632
35,2/9/2026,0,154.8221154,191
35,2/10/2026,0,163.9297297,189
35,2/11/2026,0,249.5630631,204
35,2/12/2026,0,200.5985915,228
35,2/13/2026,0,719.0757576,585
35,2/14/2026,0,1651.706941,1927
35,2/15/2026,0.204724401,1148.372251,1210
35,2/16/2026,0.362204731,450.8429319,857
35,2/17/2026,0,163.9297297,246
35,2/18/2026,0,249.5630631,193
35,2/19/2026,0.125984251,195.7888889,234
35,2/20/2026,0.507874012,569.2716763,529
35,2/21/2026,0,1594.117041,1653
35,2/22/2026,0.279527575,895.5348837,651
35,2/23/2026,0.011811025,147.6,302
35,2/24/2026,0,129.2777778,179
35,2/25/2026,0.015748031,242.1313673,261
35,2/26/2026,0.062992126,195.7888889,231
35,2/27/2026,0,589.7456647,591
35,2/28/2026,0,1584.91278,1702
35,3/1/2026,0.003937008,750.9484536,972
35,3/2/2026,0,137.616129,152
35,3/3/2026,0.16141732,148.8377282,181
35,3/4/2026,0.181102335,242.1313673,274
35,3/5/2026,0.051181108,191.5615764,235
36,2/4/2026,0.043307088,148.8377282,191
36,2/5/2026,0.003937008,115.0666667,136
36,2/6/2026,0.007874016,242.1313673,243
36,2/7/2026,0,618.6629213,907
36,2/8/2026,0,290.3260073,444
36,2/9/2026,0,126.8560794,118
36,2/10/2026,0,100.3636364,99
36,2/11/2026,0.023622049,163.9297297,139
36,2/12/2026,0,118.4955357,150
36,2/13/2026,0,450.8429319,344
36,2/14/2026,0,1349.518519,1283
36,2/15/2026,1.07874012,726.6078431,632
36,2/16/2026,0.185039371,290.3260073,322
36,2/17/2026,0,91.46524064,114
36,2/18/2026,0,154.8221154,171
36,2/19/2026,0.011811025,137.616129,135
36,2/20/2026,0.165354326,290.3260073,312
36,2/21/2026,0.078740157,1233.686275,1131
36,2/22/2026,0.59842515,516.9927014,625
36,2/23/2026,0,119.7925926,144
36,2/24/2026,0,89.16915423,130
36,2/25/2026,0,168.0305677,182
36,2/26/2026,1.122047305,137.616129,177
36,2/27/2026,0.165354341,301.6236559,406
36,2/28/2026,0.007874016,1110.024691,1262
36,3/1/2026,0,447.0123457,643
36,3/2/2026,0,126.8560794,167
36,3/3/2026,0.007874016,100.3636364,157
36,3/4/2026,0,168.0305677,153
36,3/5/2026,0,126.8560794,131
38,2/4/2026,0.094488196,110.3915493,95
38,2/5/2026,0,80.94285714,106
38,2/6/2026,0,216.6267606,256
38,2/7/2026,0,479.1730769,601
38,2/8/2026,0,242.1313673,299
38,2/9/2026,0,70.92592593,72
38,2/10/2026,0,71.09345794,45
38,2/11/2026,0.149606302,118.4545455,97
38,2/12/2026,0,91.37254902,90
38,2/13/2026,0,447.0123457,235
38,2/14/2026,0,1005.886179,896
38,2/15/2026,1.196850419,415.05,600
38,2/16/2026,0,195.7888889,325
38,2/17/2026,0,76.85526316,120
38,2/18/2026,0.16141732,126.8560794,111
38,2/19/2026,0.255905479,94.75,93
38,2/20/2026,0.098425195,286.8283582,270
38,2/21/2026,0,852.1596639,799
38,2/22/2026,0,415.05,200
38,2/23/2026,0,67.25352113,79
38,2/24/2026,0,65.26190476,105
38,2/25/2026,0,126.8560794,117
38,2/26/2026,0.783464551,89.16915423,116
38,2/27/2026,0,296.5333333,204
38,2/28/2026,0,852.1596639,720
38,3/1/2026,0,336.8125,419
38,3/2/2026,0.039370082,58.90816327,61
38,3/3/2026,0,71.09345794,64
38,3/4/2026,0.003937008,119.7925926,132
38,3/5/2026,0.023622049,89.16915423,96
39,2/4/2026,0.110236228,182.2408759,195
39,2/5/2026,0,154.8221154,166
39,2/6/2026,0,415.05,475
39,2/7/2026,0,825.1736527,1191
39,2/8/2026,0.003937008,383.1410256,457
39,2/9/2026,0,154.8221154,108
39,2/10/2026,0.011811025,126.8560794,129
39,2/11/2026,0.066929139,231.7790698,247
39,2/12/2026,0,168.0305677,171
39,2/13/2026,0.015748031,726.6078431,622
39,2/14/2026,0.283464581,1672.167912,1778
39,2/15/2026,0.858267725,1233.686275,1090
39,2/16/2026,0,347.8575499,482
39,2/17/2026,0,110.3915493,120
39,2/18/2026,0.019685039,234.5730026,165
39,2/19/2026,0.007874016,154.8221154,195
39,2/20/2026,0.019685039,547.4032258,476
39,2/21/2026,0.023622049,1600.750498,1322
39,2/22/2026,0,825.1736527,885
39,2/23/2026,0,154.8221154,143
39,2/24/2026,0,110.3915493,194
39,2/25/2026,0,242.1313673,275
39,2/26/2026,0.007874016,162.1267658,194
39,2/27/2026,0.003937008,611.1417323,693
39,2/28/2026,0,1561.25,1418
39,3/1/2026,0,722.9010599,954
39,3/2/2026,0,166.986014,127
39,3/3/2026,0.039370079,115.0666667,133
39,3/4/2026,0.086614177,242.1313673,199
39,3/5/2026,0.043307092,154.8221154,161
42,2/4/2026,0.070866145,191.5615764,205
42,2/5/2026,0,154.8221154,164
42,2/6/2026,0,301.6236559,385
42,2/7/2026,0,719.0757576,1281
42,2/8/2026,0,458.1666667,477
42,2/9/2026,0,126.8560794,128
42,2/10/2026,0,148.8377282,123
42,2/11/2026,0.074803151,270.259887,154
42,2/12/2026,0,163.9297297,188
42,2/13/2026,0,663.21875,566
42,2/14/2026,0.007874016,1591.610956,1526
42,2/15/2026,1.700787425,1010.5625,1067
42,2/16/2026,0,296.5333333,463
42,2/17/2026,0,89.16915423,154
42,2/18/2026,0.236220479,301.6236559,179
42,2/19/2026,0.507874072,161.2021277,155
42,2/20/2026,0.334645689,415.05,398
42,2/21/2026,0.023622049,1561.25,1498
42,2/22/2026,0,668.5060241,861
42,2/23/2026,0,126.8560794,184
42,2/24/2026,0,100.3636364,182
42,2/25/2026,0,258.5933014,207
42,2/26/2026,1.240157485,154.8221154,217
42,2/27/2026,0,447.0123457,532
42,2/28/2026,0,1561.25,1389
42,3/1/2026,0,569.2716763,723
42,3/2/2026,0.062992133,154.8221154,145
42,3/3/2026,0.090551183,126.8560794,152
42,3/4/2026,0.011811025,283.484375,188
42,3/5/2026,0.0511811,166.986014,137
43,2/4/2026,0,154.8221154,120
43,2/5/2026,0,110.3915493,103
43,2/6/2026,0,249.5630631,254
43,2/7/2026,0,479.1730769,479
43,2/8/2026,0,216.6267606,214
43,2/9/2026,0,91.37254902,91
43,2/10/2026,0,89.16915423,75
43,2/11/2026,0,166.986014,143
43,2/12/2026,0,118.4955357,102
43,2/13/2026,0.003937008,479.1730769,293
43,2/14/2026,0.035433069,925.8387097,699
43,2/15/2026,0,547.4032258,446
43,2/16/2026,0,252.6173913,391
43,2/17/2026,0.66535449,137.616129,98
43,2/18/2026,0.035433073,182.2408759,221
43,2/19/2026,0.003937008,126.8560794,119
43,2/20/2026,0.035433073,296.5333333,296
43,2/21/2026,0,726.6078431,553
43,2/22/2026,0,402.7941176,391
43,2/23/2026,0,91.46524064,79
43,2/24/2026,0,79.55357143,103
43,2/25/2026,0,168.0305677,169
43,2/26/2026,0,119.7925926,125
43,2/27/2026,0,331.4468085,312
43,2/28/2026,0,726.6078431,509
43,3/1/2026,0,347.8575499,386
43,3/2/2026,0,104.4931025,94
43,3/3/2026,0,91.37254902,114
43,3/4/2026,0,168.0305677,166
43,3/5/2026,0,118.4955357,98
44,2/4/2026,0,220.9241379,278
44,2/5/2026,0,182.2408759,187
44,2/6/2026,0,447.0123457,496
44,2/7/2026,0,892.6792453,1028
44,2/8/2026,0,447.0123457,435
44,2/9/2026,0,137.616129,115
44,2/10/2026,0,127.8516129,134
44,2/11/2026,0.027559061,249.5630631,316
44,2/12/2026,0,216.6267606,149
44,2/13/2026,0,668.5060241,401
44,2/14/2026,0,1586.783208,1673
44,2/15/2026,0,1267.337349,1204
44,2/16/2026,0.003937008,555,1158
44,2/17/2026,0,331.4468085,901
44,2/18/2026,0.082677163,589.7456647,1367
44,2/19/2026,0.027559057,363.8291245,1182
44,2/20/2026,0.350393742,644.6363636,1241
44,2/21/2026,0.011811025,1561.25,1392
44,2/22/2026,0.047244098,1110.024691,275
44,2/23/2026,0,154.8221154,
44,2/24/2026,0,161.2021277,255
44,2/25/2026,0,334.5,175
44,2/26/2026,0.039370079,224.0731707,198
44,2/27/2026,0,569.2716763,481
44,2/28/2026,0,1561.25,1481
44,3/1/2026,0.003937008,852.1596639,879
44,3/2/2026,0,137.616129,160
44,3/3/2026,0.157480314,147.6,150
44,3/4/2026,0.228346452,301.6236559,430
44,3/5/2026,0.53937006,224.0731707,183
45,2/4/2026,0.267716527,154.8221154,187
45,2/5/2026,0,96.13461538,121
45,2/6/2026,0,258.5933014,316
45,2/7/2026,0,611.1417323,1162
45,2/8/2026,0,415.05,524
45,2/9/2026,0,110.3915493,91
45,2/10/2026,0,91.37254902,92
45,2/11/2026,0.125984251,174.1060606,176
45,2/12/2026,0,110.3915493,223
45,2/13/2026,0,589.7456647,564
45,2/14/2026,0,1561.25,1561
45,2/15/2026,0.720472395,1005.886179,939
45,2/16/2026,0,258.5933014,469
45,2/17/2026,0,91.37254902,149
45,2/18/2026,0.003937008,191.5615764,203
45,2/19/2026,0.055118121,119.7925926,176
45,2/20/2026,0.14173229,347.8575499,352
45,2/21/2026,0.712598443,1561.25,1354
45,2/22/2026,0.007874016,668.5060241,836
45,2/23/2026,0,106.2573099,150
45,2/24/2026,0,71.09345794,126
45,2/25/2026,0.003937008,174.1060606,201
45,2/26/2026,1.196850419,119.7925926,139
45,2/27/2026,0.637795329,383.1410256,378
45,2/28/2026,0.003937008,1379.375,1133
45,3/1/2026,0,569.2716763,764
45,3/2/2026,0,110.3915493,101
45,3/3/2026,0,89.16915423,127
45,3/4/2026,0,174.1060606,228
45,3/5/2026,0,106.2573099,138
47,2/4/2026,0.003937008,191.5615764,168
47,2/5/2026,0,118.4955357,82
47,2/6/2026,0,321.3348624,316
47,2/7/2026,0,611.1417323,796
47,2/8/2026,0,242.1313673,194
47,2/9/2026,0,96.13461538,72
47,2/10/2026,0,89.16915423,68
47,2/11/2026,0,195.7888889,176
47,2/12/2026,0,110.3915493,140
47,2/13/2026,0,547.5,434
47,2/14/2026,0,1233.686275,1031
47,2/15/2026,0,589.7456647,581
47,2/16/2026,0,208.9411765,293
47,2/17/2026,0,106.2573099,93
47,2/18/2026,0,200.5985915,166
47,2/19/2026,0,126.8560794,89
47,2/20/2026,0,385.496063,336
47,2/21/2026,0,1049.589744,907
47,2/22/2026,0,450.8429319,504
47,2/23/2026,0,118.4955357,121
47,2/24/2026,0,89.16915423,104
47,2/25/2026,0,216.6267606,174
47,2/26/2026,0.003937008,118.4955357,147
47,2/27/2026,0,415.05,340
47,2/28/2026,0,1005.886179,933
47,3/1/2026,0,383.1410256,613
47,3/2/2026,0,118.4955357,92
47,3/3/2026,0.019685039,89.16915423,79
47,3/4/2026,0.003937008,212.7333333,221
47,3/5/2026,0,119.7925926,116
49,2/4/2026,0,93.08,94
49,2/5/2026,0,71.09345794,81
49,2/6/2026,0,191.5615764,192
49,2/7/2026,0,479.1730769,642
49,2/8/2026,0,118.4545455,200
49,2/9/2026,0,76.85526316,84
49,2/10/2026,0,67.25352113,50
49,2/11/2026,0,110.3915493,127
49,2/12/2026,0,89.16915423,137
49,2/13/2026,0,347.8575499,299
49,2/14/2026,0.842519581,1005.886179,806
49,2/15/2026,0.019685039,447.0123457,509
49,2/16/2026,0,163.9297297,197
49,2/17/2026,0,71.09345794,48
49,2/18/2026,0,126.8560794,69
49,2/19/2026,0.003937008,80.94285714,108
49,2/20/2026,0,242.1313673,237
49,2/21/2026,0,825.1736527,738
49,2/22/2026,0,347.8575499,356
49,2/23/2026,0,76.85526316,70
49,2/24/2026,0,58.12408759,51
49,2/25/2026,0,110.3915493,136
49,2/26/2026,0.003937008,89.16915423,99
49,2/27/2026,0,249.5630631,254
49,2/28/2026,0,804.9107143,883
49,3/1/2026,0.358267725,336.8125,250
49,3/2/2026,0.456692964,89.16915423,56
49,3/3/2026,0.137795269,67.25352113,80
49,3/4/2026,0.086614184,110.3915493,97
49,3/5/2026,0.078740157,89.16915423,83
50,2/4/2026,0,280.8842105,249
50,2/5/2026,0,242.1313673,235
50,2/6/2026,0,511.8983051,567
50,2/7/2026,0,925.8387097,837
50,2/8/2026,0,363.4901961,430
50,2/9/2026,0,174.1060606,174
50,2/10/2026,0,174.1060606,184
50,2/11/2026,0.011811025,249.5630631,233
50,2/12/2026,0,270.259887,284
50,2/13/2026,0,776.2307692,581
50,2/14/2026,0,1561.25,1661
50,2/15/2026,0,852.1596639,924
50,2/16/2026,0,481.3425414,620
50,2/17/2026,0,249.5630631,488
50,2/18/2026,0.066929139,347.8575499,577
50,2/19/2026,0.035433073,383.1410256,664
50,2/20/2026,0.326771677,611.1417323,829
50,2/21/2026,0.0511811,1561.25,1182
50,2/22/2026,0.078740157,685.3448689,291
50,2/23/2026,0,182.2408759,282
50,2/24/2026,0,168.0305677,199
50,2/25/2026,0,280.8842105,314
50,2/26/2026,0.023622049,290.3260073,334
50,2/27/2026,0,644.6363636,723
50,2/28/2026,0,1502,1478
50,3/1/2026,0.011811025,589.7456647,700
50,3/2/2026,0,174.1060606,258
50,3/3/2026,0.129921272,168.0305677,207
50,3/4/2026,0.216535434,244.84375,335
50,3/5/2026,0.535433114,280.8842105,329
51,2/4/2026,0,154.8221154,182
51,2/5/2026,0,126.8560794,93
51,2/6/2026,0,341.1545455,307
51,2/7/2026,0,695.9179104,772
51,2/8/2026,0,244.84375,250
51,2/9/2026,0.003937008,71.09345794,105
51,2/10/2026,0,75.68518519,97
51,2/11/2026,0,154.8221154,185
51,2/12/2026,0,118.4955357,143
51,2/13/2026,0,569.2716763,432
51,2/14/2026,0,1267.337349,1167
51,2/15/2026,0,589.7456647,656
51,2/16/2026,0,220.9241379,408
51,2/17/2026,0.019685039,91.37254902,156
51,2/18/2026,0.271653533,154.8221154,84
51,2/19/2026,0,118.4955357,103
51,2/20/2026,0,383.1410256,343
51,2/21/2026,0,1158.510598,1034
51,2/22/2026,0,447.0123457,532
51,2/23/2026,0,76.85526316,103
51,2/24/2026,0.011811025,71.09345794,117
51,2/25/2026,0,163.9297297,193
51,2/26/2026,0,119.7925926,196
51,2/27/2026,0,447.0123457,371
51,2/28/2026,0,1110.024691,1132
51,3/1/2026,0,385.496063,663
51,3/2/2026,0,71.09345794,91
51,3/3/2026,0,79.55357143,133
51,3/4/2026,0,161.2021277,188
51,3/5/2026,0,126.8560794,169
52,2/4/2026,0,200.5985915,173
52,2/5/2026,0,154.8221154,148
52,2/6/2026,0.019685039,347.8575499,326
52,2/7/2026,0,627.952381,597
52,2/8/2026,0,290.3260073,267
52,2/9/2026,0,126.8560794,90
52,2/10/2026,0,126.8560794,128
52,2/11/2026,0,231.7790698,165
52,2/12/2026,0,163.9297297,148
52,2/13/2026,0.003937008,611.1417323,341
52,2/14/2026,0.003937008,1233.686275,1043
52,2/15/2026,0,644.6363636,575
52,2/16/2026,0,216.6267606,294
52,2/17/2026,0.314960629,126.8560794,151
52,2/18/2026,0.023622049,216.6267606,172
52,2/19/2026,0.003937008,154.8221154,217
52,2/20/2026,0.011811025,447.0123457,346
52,2/21/2026,0,929.1269841,747
52,2/22/2026,0,481.3425414,499
52,2/23/2026,0,126.8560794,143
52,2/24/2026,0,110.3915493,137
52,2/25/2026,0,242.1313673,278
52,2/26/2026,0,163.9297297,211
52,2/27/2026,0,450.8429319,414
52,2/28/2026,0,895.5348837,772
52,3/1/2026,0,447.0123457,509
52,3/2/2026,0,126.8560794,119
52,3/3/2026,0,115.0666667,135
52,3/4/2026,0,224.0731707,223
52,3/5/2026,0,154.8221154,188
53,2/4/2026,0,106.2573099,115
53,2/5/2026,0,71.09345794,62
53,2/6/2026,0,224.0731707,207
53,2/7/2026,0,481.3425414,719
53,2/8/2026,0,200.5985915,221
53,2/9/2026,0,58.90816327,53
53,2/10/2026,0,70.92592593,89
53,2/11/2026,0.003937008,118.4955357,119
53,2/12/2026,0,76.85526316,143
53,2/13/2026,0,450.8429319,328
53,2/14/2026,0,1183.076923,962
53,2/15/2026,0.031496063,479.1730769,680
53,2/16/2026,0.015748031,216.6267606,532
53,2/17/2026,0,67.25352113,155
53,2/18/2026,0.043307088,147.6,94
53,2/19/2026,0.074803151,91.37254902,83
53,2/20/2026,0.527559042,331.4468085,232
53,2/21/2026,0,1005.886179,806
53,2/22/2026,0.114173226,383.1410256,168
53,2/23/2026,0,58.12408759,42
53,2/24/2026,0,58.12408759,67
53,2/25/2026,0,119.7925926,136
53,2/26/2026,0.086614169,79.55357143,106
53,2/27/2026,0,296.5333333,360
53,2/28/2026,0,929.1269841,759
53,3/1/2026,0.003937008,296.5333333,426
53,3/2/2026,0,58.12408759,63
53,3/3/2026,0.16141732,65.26190476,72
53,3/4/2026,0.251968503,127.8516129,136
53,3/5/2026,0.16141732,80.94285714,83
54,2/4/2026,0,100.225,79
54,2/5/2026,0,89.16915423,58
54,2/6/2026,0,174.1060606,154
54,2/7/2026,0,447.0123457,466
54,2/8/2026,0,168.0305677,154
54,2/9/2026,0,75.68518519,30
54,2/10/2026,0,65.26190476,49
54,2/11/2026,0.070866145,110.3915493,81
54,2/12/2026,0,95.85454545,98
54,2/13/2026,0,373.3566879,221
54,2/14/2026,0.397637784,934.5945946,738
54,2/15/2026,0.003937008,383.1410256,333
54,2/16/2026,0,161.2021277,151
54,2/17/2026,0,58.90816327,64
54,2/18/2026,0,126.8560794,64
54,2/19/2026,0,91.37254902,45
54,2/20/2026,0,249.5630631,219
54,2/21/2026,0.027559057,726.6078431,555
54,2/22/2026,0,286.8283582,386
54,2/23/2026,0,67.25352113,77
54,2/24/2026,0,58.12408759,68
54,2/25/2026,0,118.4955357,128
54,2/26/2026,0,91.46524064,80
54,2/27/2026,0,258.5933014,283
54,2/28/2026,0,726.6078431,489
54,3/1/2026,0,249.5630631,285
54,3/2/2026,0,67.25352113,61
54,3/3/2026,0,58.12408759,59
54,3/4/2026,0.074803151,108.8055556,91
54,3/5/2026,0.122047231,89.16915423,65
55,2/4/2026,0.011811025,106.2573099,130
55,2/5/2026,0,91.46524064,69
55,2/6/2026,0,216.6267606,197
55,2/7/2026,0,450.8429319,734
55,2/8/2026,0,191.5615764,270
55,2/9/2026,0,58.90816327,66
55,2/10/2026,0,65.26190476,93
55,2/11/2026,0,110.3915493,124
55,2/12/2026,0,96.13461538,123
55,2/13/2026,0,383.1410256,287
55,2/14/2026,0,1049.589744,1030
55,2/15/2026,0.464566916,481.3425414,556
55,2/16/2026,0.740157545,249.5630631,259
55,2/17/2026,0,71.09345794,106
55,2/18/2026,0,118.4545455,83
55,2/19/2026,0.354330689,110.3915493,135
55,2/20/2026,0.405511826,258.5933014,266
55,2/21/2026,0,825.1736527,757
55,2/22/2026,0.287401587,363.4901961,321
55,2/23/2026,0.019685039,67.25352113,83
55,2/24/2026,0,58.90816327,110
55,2/25/2026,0,110.3915493,124
55,2/26/2026,0.125984251,106.2573099,130
55,2/27/2026,0.003937008,252.6173913,291
55,2/28/2026,0,804.9107143,796
55,3/1/2026,0,280.8842105,319
55,3/2/2026,0.05511811,75.68518519,91
55,3/3/2026,0.169291347,89.16915423,80
55,3/4/2026,0,118.4545455,124
55,3/5/2026,0,100.3636364,121
56,2/4/2026,0,89.16915423,75
56,2/5/2026,0,58.12408759,27
56,2/6/2026,0,119.7925926,136
56,2/7/2026,0,220.9241379,313
56,2/8/2026,0.05511811,126.8560794,103
56,2/9/2026,0,58.12408759,36
56,2/10/2026,0,58.12408759,38
56,2/11/2026,0,94.75,78
56,2/12/2026,0,58.12408759,77
56,2/13/2026,0.244094491,216.6267606,184
56,2/14/2026,0.496063054,520.6186441,520
56,2/15/2026,0.137795284,242.1313673,242
56,2/16/2026,0,127.8516129,136
56,2/17/2026,0,58.12408759,57
56,2/18/2026,0,100.3636364,57
56,2/19/2026,0,58.90816327,54
56,2/20/2026,0,154.8221154,119
56,2/21/2026,0.031496063,415.05,299
56,2/22/2026,0,168.0305677,234
56,2/23/2026,0,58.12408759,88
56,2/24/2026,0,58.12408759,72
56,2/25/2026,0,96.13461538,93
56,2/26/2026,0.023622049,58.90816327,48
56,2/27/2026,0,154.8221154,154
56,2/28/2026,0.039370079,383.1410256,427
56,3/1/2026,0.003937008,148.8377282,208
56,3/2/2026,0.031496063,51.625,50
56,3/3/2026,0,58.12408759,41
56,3/4/2026,1.712598443,89.16915423,91
56,3/5/2026,0.011811025,58.12408759,58
57,2/4/2026,0,126.8560794,116
57,2/5/2026,0,89.16915423,74
57,2/6/2026,0,224.0731707,269
57,2/7/2026,0,589.7456647,930
57,2/8/2026,0,200.5985915,286
57,2/9/2026,0,71.09345794,73
57,2/10/2026,0,65.26190476,79
57,2/11/2026,0,148.8377282,101
57,2/12/2026,0,96.13461538,87
57,2/13/2026,0,443.7368421,286
57,2/14/2026,0.003937008,1349.518519,1302
57,2/15/2026,0.594488204,589.7456647,560
57,2/16/2026,0,195.7888889,296
57,2/17/2026,0,71.09345794,105
57,2/18/2026,0.074803151,154.8221154,103
57,2/19/2026,0.236220494,110.3915493,115
57,2/20/2026,0.342519671,286.8283582,321
57,2/21/2026,0,1267.337349,1099
57,2/22/2026,0,450.8429319,495
57,2/23/2026,0,76.85526316,97
57,2/24/2026,0,58.12408759,103
57,2/25/2026,0.003937008,154.8221154,144
57,2/26/2026,0,106.2573099,95
57,2/27/2026,0,290.3260073,314
57,2/28/2026,0,1183.076923,1081
57,3/1/2026,0,385.496063,609
57,3/2/2026,0,76.85526316,137
57,3/3/2026,0.606299281,58.90816327,112
57,3/4/2026,0.96063,148.8377282,59
57,3/5/2026,0.685039461,106.2573099,6
58,2/4/2026,0,119.7925926,85
58,2/5/2026,0,67.25352113,55
58,2/6/2026,0,174.1060606,163
58,2/7/2026,0,479.1730769,557
58,2/8/2026,0,216.6267606,300
58,2/9/2026,0,58.12408759,74
58,2/10/2026,0,71.09345794,59
58,2/11/2026,0,118.4955357,76
58,2/12/2026,0,75.68518519,89
58,2/13/2026,0,321.3348624,297
58,2/14/2026,0,1005.886179,1016
58,2/15/2026,0.448818922,479.1730769,532
58,2/16/2026,0,182.2408759,346
58,2/17/2026,0,89.16915423,102
58,2/18/2026,0.043307088,119.7925926,90
58,2/19/2026,0.019685039,89.16915423,90
58,2/20/2026,0.814960659,242.1313673,238
58,2/21/2026,0,852.1596639,812
58,2/22/2026,0.003937008,362.625,402
58,2/23/2026,0,58.12408759,82
58,2/24/2026,0,58.90816327,79
58,2/25/2026,0.043307088,110.3915493,108
58,2/26/2026,0,80.94285714,111
58,2/27/2026,0,242.1313673,216
58,2/28/2026,0,825.1736527,716
58,3/1/2026,0,296.5333333,411
58,3/2/2026,0,58.12408759,74
58,3/3/2026,0.314960629,71.09345794,60
58,3/4/2026,0.429133952,110.3915493,125
58,3/5/2026,0.988189161,80.94285714,107
59,2/4/2026,0,127.8516129,97
59,2/5/2026,0,106.2573099,98
59,2/6/2026,0.003937008,216.6267606,189
59,2/7/2026,0,547.4032258,584
59,2/8/2026,0,195.7888889,237
59,2/9/2026,0,65.26190476,53
59,2/10/2026,0,71.09345794,61
59,2/11/2026,0,148.8377282,113
59,2/12/2026,0,108.8055556,86
59,2/13/2026,0,331.7697842,284
59,2/14/2026,0,929.1269841,876
59,2/15/2026,0,385.496063,411
59,2/16/2026,0,154.8221154,222
59,2/17/2026,0,71.09345794,124
59,2/18/2026,0.129921243,148.8377282,106
59,2/19/2026,0,110.3915493,107
59,2/20/2026,0.385826796,242.1313673,199
59,2/21/2026,0,825.1736527,689
59,2/22/2026,0,331.7697842,379
59,2/23/2026,0,71.09345794,119
59,2/24/2026,0,71.09345794,130
59,2/25/2026,0,154.8221154,197
59,2/26/2026,0,115.0666667,151
59,2/27/2026,0,244.84375,384
59,2/28/2026,0,776.2307692,694
59,3/1/2026,0.003937008,271.5,450
59,3/2/2026,0,65.26190476,120
59,3/3/2026,0,67.25352113,84
59,3/4/2026,0,137.616129,139
59,3/5/2026,0.015748031,96.13461538,108
60,2/4/2026,0,119.7925926,126
60,2/5/2026,0,100.3636364,65
60,2/6/2026,0,200.5985915,205
60,2/7/2026,0,447.0123457,463
60,2/8/2026,0,174.1060606,198
60,2/9/2026,0,91.46524064,118
60,2/10/2026,0.011811025,76.85526316,55
60,2/11/2026,1.062992215,138.3928571,106
60,2/12/2026,0.165354326,100.225,87
60,2/13/2026,0,383.1410256,225
60,2/14/2026,0,895.5348837,721
60,2/15/2026,0.051181108,481.3425414,475
60,2/16/2026,2.094487906,286.8283582,385
60,2/17/2026,0.582677126,100.3636364,174
60,2/18/2026,0.192913368,166.986014,272
60,2/19/2026,0.704724491,126.8560794,212
60,2/20/2026,0.031496063,258.5933014,276
60,2/21/2026,0,663.21875,583
60,2/22/2026,0,347.8575499,358
60,2/23/2026,0,94.75,77
60,2/24/2026,0.236220479,71.09345794,74
60,2/25/2026,0.736220539,148.8377282,139
60,2/26/2026,0.003937008,108.8055556,117
60,2/27/2026,0,249.5630631,248
60,2/28/2026,0,644.6363636,566
60,3/1/2026,0,296.5333333,410
60,3/2/2026,0.003937008,94.75,97
60,3/3/2026,0,76.85526316,71
60,3/4/2026,0.007874016,137.616129,106
60,3/5/2026,0,100.3636364,109
61,2/4/2026,0,108.8055556,121
61,2/5/2026,0,89.16915423,80
61,2/6/2026,0,220.9241379,199
61,2/7/2026,0,618.6629213,437
61,2/8/2026,0,231.7790698,232
61,2/9/2026,0,70.92592593,66
61,2/10/2026,0,89.16915423,72
61,2/11/2026,0,147.6,122
61,2/12/2026,0,106.2573099,92
61,2/13/2026,0,416.3571429,227
61,2/14/2026,0,1233.686275,969
61,2/15/2026,0,668.5060241,629
61,2/16/2026,0,347.8575499,519
61,2/17/2026,0,163.9297297,435
61,2/18/2026,0.074803151,383.1410256,656
61,2/19/2026,0,249.5630631,682
61,2/20/2026,0.011811021,383.1410256,459
61,2/21/2026,0.031496067,1005.886179,840
61,2/22/2026,0,568.4,363
61,2/23/2026,0,126.8560794,
61,2/24/2026,0,118.4955357,134
61,2/25/2026,0.003937008,224.0731707,206
61,2/26/2026,0,138.3928571,144
61,2/27/2026,0,296.5333333,323
61,2/28/2026,0,925.8387097,864
61,3/1/2026,0,447.0123457,463
61,3/2/2026,0,71.09345794,96
61,3/3/2026,0.011811022,75.68518519,96
61,3/4/2026,0.374015749,148.8377282,136
61,3/5/2026,0.007874016,100.3636364,121
62,2/4/2026,0,191.5615764,153
62,2/5/2026,0,126.8560794,115
62,2/6/2026,0,280.8842105,285
62,2/7/2026,0,589.7456647,918
62,2/8/2026,0,398.8571429,318
62,2/9/2026,0,161.2021277,74
62,2/10/2026,0,154.8221154,91
62,2/11/2026,0.062992126,270.259887,199
62,2/12/2026,0,154.8221154,195
62,2/13/2026,0.003937008,644.6363636,459
62,2/14/2026,0.413385808,1569.348102,1524
62,2/15/2026,0.11023622,825.1736527,860
62,2/16/2026,0,296.5333333,364
62,2/17/2026,0,126.8560794,115
62,2/18/2026,0,270.259887,185
62,2/19/2026,0,154.8221154,187
62,2/20/2026,0.003937008,447.0123457,438
62,2/21/2026,0.019685039,1561.25,1085
62,2/22/2026,0,668.5060241,776
62,2/23/2026,0,148.8377282,122
62,2/24/2026,0,118.4955357,142
62,2/25/2026,0,270.259887,218
62,2/26/2026,0,154.8221154,167
62,2/27/2026,0,479.1730769,445
62,2/28/2026,0,1379.375,1128
62,3/1/2026,0,569.2716763,693
62,3/2/2026,0,148.8377282,130
62,3/3/2026,0.003937008,119.7925926,141
62,3/4/2026,0.062992126,249.5630631,207
62,3/5/2026,0.157480314,148.8377282,160
63,2/4/2026,0,148.8377282,146
63,2/5/2026,0,115.0666667,96
63,2/6/2026,0,271.5,272
63,2/7/2026,0.350393683,589.7456647,621
63,2/8/2026,1.074803233,301.6236559,236
63,2/9/2026,0.181102365,106.2573099,96
63,2/10/2026,0.011811025,89.16915423,71
63,2/11/2026,0,148.8377282,134
63,2/12/2026,0,118.4955357,133
63,2/13/2026,0.011811025,447.0123457,310
63,2/14/2026,0.228346452,1049.589744,881
63,2/15/2026,0.236220434,589.7456647,654
63,2/16/2026,0.16141732,224.0731707,318
63,2/17/2026,0.122047223,91.46524064,88
63,2/18/2026,0.102362193,163.9297297,121
63,2/19/2026,0.177165344,137.616129,149
63,2/20/2026,0.047244098,290.3260073,308
63,2/21/2026,0.204724431,852.1596639,706
63,2/22/2026,0.570866168,479.1730769,488
63,2/23/2026,1.224409461,110.3915493,126
63,2/24/2026,0.614173293,80.94285714,147
63,2/25/2026,0.125984251,168.0305677,193
63,2/26/2026,0,126.8560794,177
63,2/27/2026,0,321.3348624,340
63,2/28/2026,0,750.9484536,727
63,3/1/2026,0,362.6029412,470
63,3/2/2026,0.003937008,106.2573099,142
63,3/3/2026,0.015748031,79.55357143,114
63,3/4/2026,0.744094551,163.9297297,154
63,3/5/2026,0.228346452,127.8516129,115
64,2/4/2026,0,301.6236559,310
64,2/5/2026,0.228346467,220.9241379,321
64,2/6/2026,0,423.5294118,487
64,2/7/2026,0,929.1269841,1016
64,2/8/2026,0,415.05,363
64,2/9/2026,0,220.9241379,148
64,2/10/2026,0,195.7888889,165
64,2/11/2026,0,331.7697842,337
64,2/12/2026,0.007874016,231.7790698,230
64,2/13/2026,0,776.2307692,538
64,2/14/2026,0,1561.25,1381
64,2/15/2026,0.003937008,1059.2,842
64,2/16/2026,0.448818922,520.6186441,534
64,2/17/2026,0,174.1060606,267
64,2/18/2026,0,415.05,359
64,2/19/2026,0,216.6267606,296
64,2/20/2026,0,450.8429319,467
64,2/21/2026,0,1353.844684,1043
64,2/22/2026,0.137795284,750.9484536,803
64,2/23/2026,0,195.7888889,308
64,2/24/2026,0,154.8221154,332
64,2/25/2026,0,347.8575499,352
64,2/26/2026,0,216.6267606,282
64,2/27/2026,0.196850389,532.125,631
64,2/28/2026,0.653543413,1561.25,1208
64,3/1/2026,0.007874016,668.5060241,671
64,3/2/2026,0,216.6267606,202
64,3/3/2026,0.05511811,174.1060606,206
64,3/4/2026,0,347.8575499,323
64,3/5/2026,0.011811025,220.9241379,239
66,2/4/2026,0,75.68518519,47
66,2/5/2026,0,58.12408759,49
66,2/6/2026,0,161.2021277,150
66,2/7/2026,0,290.3260073,321
66,2/8/2026,0.011811025,147.6,79
66,2/9/2026,0,58.12408759,41
66,2/10/2026,0,58.12408759,65
66,2/11/2026,0,89.16915423,60
66,2/12/2026,0,67.25352113,63
66,2/13/2026,0,224.0731707,178
66,2/14/2026,0.437007844,618.6629213,590
66,2/15/2026,0.035433076,242.1313673,277
66,2/16/2026,0,147.6,104
66,2/17/2026,0,58.90816327,45
66,2/18/2026,0,100.3636364,66
66,2/19/2026,0,71.09345794,68
66,2/20/2026,0,168.0305677,184
66,2/21/2026,0,514.9345794,483
66,2/22/2026,0,191.5615764,226
66,2/23/2026,0,58.12408759,42
66,2/24/2026,0,58.12408759,51
66,2/25/2026,0,91.46524064,92
66,2/26/2026,0,70.92592593,124
66,2/27/2026,0,166.986014,165
66,2/28/2026,0,479.1730769,381
66,3/1/2026,0.039370079,168.0305677,235
66,3/2/2026,0.007874016,58.12408759,55
66,3/3/2026,0.015748031,58.12408759,72
66,3/4/2026,0.098425195,89.16915423,58
66,3/5/2026,0.145669296,65.26190476,50
67,2/4/2026,0,168.0305677,159
67,2/5/2026,0,126.8560794,145
67,2/6/2026,0.015748033,301.6236559,292
67,2/7/2026,0,825.1736527,936
67,2/8/2026,0,341.1545455,327
67,2/9/2026,0,148.8377282,135
67,2/10/2026,0,115.0666667,116
67,2/11/2026,0,191.5615764,148
67,2/12/2026,0,147.6,153
67,2/13/2026,0,555,346
67,2/14/2026,0,1349.518519,1497
67,2/15/2026,0,695.9179104,759
67,2/16/2026,0,331.7697842,431
67,2/17/2026,0,106.2573099,147
67,2/18/2026,0.346456677,195.4375,156
67,2/19/2026,0.011811025,148.8377282,147
67,2/20/2026,0.086614177,385.496063,365
67,2/21/2026,0,1267.337349,1008
67,2/22/2026,0,627.952381,622
67,2/23/2026,0,161.2021277,134
67,2/24/2026,0,110.3915493,141
67,2/25/2026,0,224.0731707,257
67,2/26/2026,0,154.8221154,306
67,2/27/2026,0,447.0123457,545
67,2/28/2026,0,1233.686275,1219
67,3/1/2026,0,547.4032258,784
67,3/2/2026,0,163.9297297,243
67,3/3/2026,0.003937008,110.3915493,105
67,3/4/2026,0.078740157,195.7888889,186
67,3/5/2026,0.035433073,147.6,201
68,2/4/2026,0,96.13461538,89
68,2/5/2026,0,70.92592593,49
68,2/6/2026,0,174.1060606,148
68,2/7/2026,0,383.1410256,371
68,2/8/2026,0.019685039,161.2021277,109
68,2/9/2026,0.204724386,58.90816327,75
68,2/10/2026,0,58.90816327,62
68,2/11/2026,0.094488181,106.2573099,90
68,2/12/2026,0.003937008,71.09345794,50
68,2/13/2026,0,286.8283582,251
68,2/14/2026,0,804.9107143,705
68,2/15/2026,0,290.3260073,279
68,2/16/2026,0,154.8221154,217
68,2/17/2026,0.236220464,71.09345794,62
68,2/18/2026,0.007874016,110.3915493,97
68,2/19/2026,0,80.94285714,78
68,2/20/2026,0,200.5985915,228
68,2/21/2026,0,589.7456647,486
68,2/22/2026,0,244.84375,262
68,2/23/2026,0,65.26190476,57
68,2/24/2026,0.551181078,58.90816327,74
68,2/25/2026,0.09842521,106.2573099,127
68,2/26/2026,0,80.94285714,99
68,2/27/2026,0,216.6267606,243
68,2/28/2026,0,547.5,482
68,3/1/2026,0.043307088,224.0731707,257
68,3/2/2026,0.145669281,67.25352113,86
68,3/3/2026,0.003937008,58.12408759,71
68,3/4/2026,0.05905512,91.46524064,155
68,3/5/2026,0.188976347,80.94285714,72
69,2/4/2026,0.039370079,200.5985915,174
69,2/5/2026,0.023622051,154.8221154,157
69,2/6/2026,0,347.8575499,341
69,2/7/2026,0.003937008,825.1736527,1090
69,2/8/2026,0,347.8575499,445
69,2/9/2026,0,148.8377282,104
69,2/10/2026,0,110.3915493,125
69,2/11/2026,0.035433073,200.5985915,220
69,2/12/2026,0,163.9297297,179
69,2/13/2026,0,611.1417323,447
69,2/14/2026,0,1561.25,1550
69,2/15/2026,0.212598413,1005.886179,963
69,2/16/2026,0.952755868,569.2716763,618
69,2/17/2026,0,119.7925926,128
69,2/18/2026,0,174.1060606,188
69,2/19/2026,0.303149581,182.2408759,225
69,2/20/2026,0.826771736,447.0123457,415
69,2/21/2026,0.019685039,1561.25,1285
69,2/22/2026,1.181102276,663.21875,585
69,2/23/2026,0.082677163,147.6,196
69,2/24/2026,0,95.85454545,190
69,2/25/2026,0,195.7888889,236
69,2/26/2026,0.57874018,166.986014,245
69,2/27/2026,0.043307088,447.0123457,470
69,2/28/2026,0,1379.375,1467
69,3/1/2026,0,589.7456647,751
69,3/2/2026,0.031496067,154.8221154,199
69,3/3/2026,0.082677171,110.3915493,197
69,3/4/2026,0,195.7888889,236
69,3/5/2026,0,148.8377282,232
70,2/4/2026,0,191.5615764,212
70,2/5/2026,0,127.8516129,153
70,2/6/2026,0,336.8125,330
70,2/7/2026,0,750.9484536,812
70,2/8/2026,0,249.5630631,327
70,2/9/2026,0,110.3915493,108
70,2/10/2026,0,118.4955357,124
70,2/11/2026,0,231.7790698,180
70,2/12/2026,0,147.6,153
70,2/13/2026,0,589.7456647,331
70,2/14/2026,0,1349.518519,1339
70,2/15/2026,0,706.3076923,765
70,2/16/2026,0,385.496063,628
70,2/17/2026,0.007874016,258.5933014,565
70,2/18/2026,0.066929139,520.6186441,749
70,2/19/2026,0,286.8283582,808
70,2/20/2026,0.023622045,514.9345794,399
70,2/21/2026,0.007874016,1267.337349,1179
70,2/22/2026,0,644.6363636,556
70,2/23/2026,0,148.8377282,177
70,2/24/2026,0,147.6,177
70,2/25/2026,0,290.3260073,279
70,2/26/2026,0.007874017,161.2021277,250
70,2/27/2026,0,447.0123457,478
70,2/28/2026,0,1110.024691,1320
70,3/1/2026,0,481.3425414,790
70,3/2/2026,0,126.8560794,184
70,3/3/2026,0.019685039,126.8560794,84
70,3/4/2026,0.102362216,249.5630631,269
70,3/5/2026,0.102362201,154.8221154,176
71,2/4/2026,0,126.8560794,114
71,2/5/2026,0,100.3636364,74
71,2/6/2026,0,220.9241379,223
71,2/7/2026,0.003937008,512.0958274,565
71,2/8/2026,0,154.8221154,219
71,2/9/2026,0,96.13461538,75
71,2/10/2026,0.007874016,91.37254902,70
71,2/11/2026,0.003937008,148.8377282,113
71,2/12/2026,0,110.3915493,124
71,2/13/2026,0,447.0123457,234
71,2/14/2026,0,1110.024691,1074
71,2/15/2026,0,447.0123457,599
71,2/16/2026,0,325.7435897,482
71,2/17/2026,0.086614169,191.5615764,416
71,2/18/2026,0.220472455,347.8575499,586
71,2/19/2026,0.007874016,224.0731707,614
71,2/20/2026,0.437007844,385.496063,688
71,2/21/2026,0.031496067,930.300512,1005
71,2/22/2026,0.011811026,385.496063,473
71,2/23/2026,0,137.616129,101
71,2/24/2026,0,118.4955357,141
71,2/25/2026,0.015748033,195.7888889,177
71,2/26/2026,0,137.616129,134
71,2/27/2026,0,301.6236559,376
71,2/28/2026,0.007874016,895.5348837,1056
71,3/1/2026,0,296.5333333,485
71,3/2/2026,0,95.85454545,116
71,3/3/2026,0.043307092,89.16915423,121
71,3/4/2026,0.082677171,148.8377282,165
71,3/5/2026,0.157480314,110.3915493,129
72,2/4/2026,0.059055123,110.3915493,75
72,2/5/2026,0.11023622,75.68518519,94
72,2/6/2026,0.023622049,195.7888889,187
72,2/7/2026,0,479.1730769,701
72,2/8/2026,0,200.5985915,219
72,2/9/2026,0,71.09345794,80
72,2/10/2026,0,58.90816327,67
72,2/11/2026,0.055118114,126.8560794,97
72,2/12/2026,0,79.55357143,71
72,2/13/2026,0,385.496063,314
72,2/14/2026,0,1110.024691,1030
72,2/15/2026,0.988189101,569.2716763,464
72,2/16/2026,0.007874016,154.8221154,183
72,2/17/2026,0,67.25352113,73
72,2/18/2026,0,127.8516129,66
72,2/19/2026,0.086614177,94.75,96
72,2/20/2026,0.015748031,252.6173913,262
72,2/21/2026,0.082677163,892.6792453,712
72,2/22/2026,0.129921257,383.1410256,402
72,2/23/2026,0,71.09345794,100
72,2/24/2026,0,58.12408759,44
72,2/25/2026,0,126.8560794,158
72,2/26/2026,0.665354371,91.46524064,113
72,2/27/2026,0.122047253,258.5933014,251
72,2/28/2026,0,825.1736527,702
72,3/1/2026,0,290.3260073,399
72,3/2/2026,0,71.09345794,73
72,3/3/2026,0.003937008,58.12408759,72
72,3/4/2026,0,110.3915493,111
72,3/5/2026,0,71.09345794,104
74,2/4/2026,0,174.1060606,188
74,2/5/2026,0.003937008,148.8377282,147
74,2/6/2026,0,415.05,329
74,2/7/2026,0,1005.886179,1105
74,2/8/2026,0,270.259887,384
74,2/9/2026,0,110.3915493,73
74,2/10/2026,0,100.3636364,100
74,2/11/2026,0,195.7888889,171
74,2/12/2026,0,148.8377282,162
74,2/13/2026,0,685.1111111,477
74,2/14/2026,0,1561.25,1503
74,2/15/2026,0.019685039,719.0757576,907
74,2/16/2026,0,270.259887,536
74,2/17/2026,0,148.8377282,366
74,2/18/2026,0.216535434,258.5933014,364
74,2/19/2026,0.295275569,168.0305677,298
74,2/20/2026,0.074803159,450.8429319,534
74,2/21/2026,0,1502,1150
74,2/22/2026,0,615.0158216,588
74,2/23/2026,0,108.8055556,132
74,2/24/2026,0,98.47826087,199
74,2/25/2026,0,224.0731707,224
74,2/26/2026,0,154.8221154,190
74,2/27/2026,0,511.8983051,490
74,2/28/2026,0.003937008,1379.375,1263
74,3/1/2026,0,520.6186441,743
74,3/2/2026,0,106.2573099,180
74,3/3/2026,0.003937008,100.3636364,143
74,3/4/2026,0,195.7888889,297
74,3/5/2026,0.677165389,154.8221154,175
75,2/4/2026,0,174.1060606,129
75,2/5/2026,0,154.8221154,123
75,2/6/2026,0,331.7697842,280
75,2/7/2026,0,644.6363636,666
75,2/8/2026,0,331.4468085,253
75,2/9/2026,0,118.4955357,117
75,2/10/2026,0.015748031,115.0666667,73
75,2/11/2026,0.66535449,191.5615764,209
75,2/12/2026,0,163.9297297,191
75,2/13/2026,0,547.4032258,275
75,2/14/2026,0,1183.076923,794
75,2/15/2026,0,686.3809524,578
75,2/16/2026,1.314960718,479.1730769,595
75,2/17/2026,0.287401557,118.4955357,185
75,2/18/2026,0.480315,200.5985915,169
75,2/19/2026,0.448818892,182.2408759,168
75,2/20/2026,0.003937008,347.8575499,415
75,2/21/2026,0,1005.886179,713
75,2/22/2026,0,569.2716763,498
75,2/23/2026,0,126.8560794,117
75,2/24/2026,0,110.3915493,164
75,2/25/2026,0,174.1060606,218
75,2/26/2026,0,161.2021277,147
75,2/27/2026,0,402.7941176,303
75,2/28/2026,0,929.1269841,743
75,3/1/2026,0,514.9345794,434
75,3/2/2026,0,126.8560794,120
75,3/3/2026,0,110.3915493,134
75,3/4/2026,0,174.1060606,178
75,3/5/2026,0,154.8221154,92
76,2/4/2026,0,100.3636364,91
76,2/5/2026,0,71.09345794,74
76,2/6/2026,0.007874017,216.6267606,253
76,2/7/2026,0,481.3425414,611
76,2/8/2026,0,182.2408759,236
76,2/9/2026,0,65.26190476,57
76,2/10/2026,0,58.90816327,52
76,2/11/2026,0,110.3915493,131
76,2/12/2026,0,71.09345794,105
76,2/13/2026,0,383.1410256,274
76,2/14/2026,0,970.125,651
76,2/15/2026,0,569.2716763,409
76,2/16/2026,0,249.5630631,239
76,2/17/2026,0,79.55357143,68
76,2/18/2026,0.287401587,127.8516129,64
76,2/19/2026,0,79.55357143,95
76,2/20/2026,0.090551168,258.5933014,283
76,2/21/2026,0,776.2307692,603
76,2/22/2026,0,415.05,351
76,2/23/2026,0,58.90816327,50
76,2/24/2026,0,58.12408759,37
76,2/25/2026,0,110.3915493,84
76,2/26/2026,0,71.09345794,114
76,2/27/2026,0,258.5933014,207
76,2/28/2026,0,726.6078431,509
76,3/1/2026,0,347.8575499,483
76,3/2/2026,0,67.25352113,77
76,3/3/2026,0,58.12408759,59
76,3/4/2026,0.011811025,110.3915493,101
76,3/5/2026,0.059055123,76.85526316,58
77,2/4/2026,0.515748084,110.3915493,165
77,2/5/2026,0.015748031,89.16915423,146
77,2/6/2026,0,216.6267606,167
77,2/7/2026,0,611.1417323,586
77,2/8/2026,0,200.5985915,237
77,2/9/2026,0,137.616129,65
77,2/10/2026,0,89.16915423,68
77,2/11/2026,0,126.8560794,96
77,2/12/2026,0.035433069,95.85454545,97
77,2/13/2026,0,402.7941176,306
77,2/14/2026,0,1233.686275,1116
77,2/15/2026,1.251968622,726.6078431,767
77,2/16/2026,0,331.4468085,377
77,2/17/2026,0,91.46524064,107
77,2/18/2026,0,163.9297297,178
77,2/19/2026,0.027559057,106.2573099,119
77,2/20/2026,0.291338593,270.259887,293
77,2/21/2026,0.086614177,925.8387097,924
77,2/22/2026,0.047244098,385.496063,433
77,2/23/2026,0,126.8560794,134
77,2/24/2026,0,76.85526316,139
77,2/25/2026,0.015748031,137.616129,129
77,2/26/2026,0.043307088,106.2573099,101
77,2/27/2026,0.291338563,290.3260073,296
77,2/28/2026,0.015748031,929.1269841,944
77,3/1/2026,0,347.8575499,418
77,3/2/2026,0,161.2021277,103
77,3/3/2026,0,106.2573099,110
77,3/4/2026,0,148.8377282,179
77,3/5/2026,0,110.3915493,111
78,2/4/2026,0,168.0305677,137
78,2/5/2026,0,137.616129,101
78,2/6/2026,0,290.3260073,221
78,2/7/2026,0,511.8983051,468
78,2/8/2026,0,224.0731707,231
78,2/9/2026,0,126.8560794,100
78,2/10/2026,0.003937008,126.8560794,125
78,2/11/2026,0.618110299,154.8221154,123
78,2/12/2026,0,137.616129,159
78,2/13/2026,0,493.9090909,256
78,2/14/2026,0,909.2603519,671
78,2/15/2026,0.015748031,481.3425414,409
78,2/16/2026,1.291338563,321.3348624,408
78,2/17/2026,0.334645689,110.3915493,121
78,2/18/2026,0.303149581,168.0305677,177
78,2/19/2026,0.503937006,154.8221154,180
78,2/20/2026,0,319.5,312
78,2/21/2026,0,724.251464,512
78,2/22/2026,0,383.1410256,369
78,2/23/2026,0,126.8560794,153
78,2/24/2026,0,110.3915493,107
78,2/25/2026,0,168.0305677,188
78,2/26/2026,0,127.8516129,135
78,2/27/2026,0,347.8575499,275
78,2/28/2026,0,695.9179104,501
78,3/1/2026,0,331.7697842,341
78,3/2/2026,0,127.8516129,99
78,3/3/2026,0,115.0666667,110
78,3/4/2026,0,154.8221154,187
78,3/5/2026,0,126.8560794,128
79,2/4/2026,0,80.94285714,75
79,2/5/2026,0,58.90816327,52
79,2/6/2026,0,148.8377282,157
79,2/7/2026,0,301.6236559,407
79,2/8/2026,0,118.4545455,111
79,2/9/2026,0,58.12408759,40
79,2/10/2026,0,58.12408759,49
79,2/11/2026,0,91.46524064,82
79,2/12/2026,0,65.26190476,67
79,2/13/2026,0.007874016,249.5630631,204
79,2/14/2026,0.354330719,569.2716763,597
79,2/15/2026,0,224.0731707,287
79,2/16/2026,0,147.6,150
79,2/17/2026,0.047244098,67.25352113,50
79,2/18/2026,0,106.2573099,92
79,2/19/2026,0.007874016,76.85526316,89
79,2/20/2026,0.011811025,191.5615764,176
79,2/21/2026,0,447.0123457,453
79,2/22/2026,0,195.7888889,312
79,2/23/2026,0,58.12408759,69
79,2/24/2026,0,58.12408759,64
79,2/25/2026,0,106.2573099,106
79,2/26/2026,0,75.68518519,99
79,2/27/2026,0,191.5615764,214
79,2/28/2026,0,423.5294118,464
79,3/1/2026,0,161.2021277,243
79,3/2/2026,0,58.12408759,35
79,3/3/2026,0,58.12408759,52
79,3/4/2026,0,91.46524064,103
79,3/5/2026,0,67.25352113,60
80,2/4/2026,0,110.3915493,142
80,2/5/2026,0,91.46524064,136
80,2/6/2026,0,244.84375,275
80,2/7/2026,0,514.9345794,566
80,2/8/2026,0,188,244
80,2/9/2026,0,76.85526316,93
80,2/10/2026,0,80.94285714,97
80,2/11/2026,0,137.616129,128
80,2/12/2026,0,96.13461538,139
80,2/13/2026,0,479.1730769,435
80,2/14/2026,0,1233.686275,1165
80,2/15/2026,0,547.4032258,721
80,2/16/2026,0,290.3260073,590
80,2/17/2026,0,154.8221154,342
80,2/18/2026,0,242.1313673,321
80,2/19/2026,0,163.9297297,216
80,2/20/2026,0,347.8575499,262
80,2/21/2026,0,1005.886179,930
80,2/22/2026,0,450.8429319,279
80,2/23/2026,0,89.16915423,1
80,2/24/2026,0,75.68518519,206
80,2/25/2026,0,159.8894382,154
80,2/26/2026,0,100.3636364,132
80,2/27/2026,0,331.7697842,382
80,2/28/2026,0,1005.886179,997
80,3/1/2026,0,383.1410256,543
80,3/2/2026,0,80.94285714,83
80,3/3/2026,0,76.85526316,69
80,3/4/2026,0.027559057,148.8377282,165
80,3/5/2026,0,96.13461538,130
81,2/4/2026,0,126.8560794,70
81,2/5/2026,0,65.26190476,47
81,2/6/2026,0,168.0305677,142
81,2/7/2026,0,296.5333333,430
81,2/8/2026,0.003937008,166.986014,136
81,2/9/2026,0,91.46524064,33
81,2/10/2026,0,71.09345794,34
81,2/11/2026,0.330708653,154.8221154,27
81,2/12/2026,0,75.68518519,53
81,2/13/2026,0,270.259887,222
81,2/14/2026,0.484251976,668.5060241,567
81,2/15/2026,0.007874016,347.8575499,356
81,2/16/2026,0,163.9297297,183
81,2/17/2026,0,58.90816327,35
81,2/18/2026,0,148.8377282,64
81,2/19/2026,0,79.55357143,67
81,2/20/2026,0.015748031,195.7888889,179
81,2/21/2026,0,569.2716763,443
81,2/22/2026,0,283.484375,270
81,2/23/2026,0,91.46524064,43
81,2/24/2026,0,58.12408759,37
81,2/25/2026,0,154.8221154,71
81,2/26/2026,0,80.94285714,63
81,2/27/2026,0,200.5985915,137
81,2/28/2026,0,547.4032258,330
81,3/1/2026,0,231.7790698,235
81,3/2/2026,0.003937008,89.16915423,60
81,3/3/2026,0,58.12408759,55
81,3/4/2026,0.051181108,148.8377282,88
81,3/5/2026,0.318897665,71.09345794,57
82,2/4/2026,0,154.8221154,90
82,2/5/2026,0,110.3915493,105
82,2/6/2026,0,286.8283582,331
82,2/7/2026,0,611.1417323,621
82,2/8/2026,0,296.5333333,334
82,2/9/2026,0,91.46524064,85
82,2/10/2026,0,100.3636364,93
82,2/11/2026,0.078740157,174.1060606,146
82,2/12/2026,0,126.8560794,128
82,2/13/2026,0,520.6186441,339
82,2/14/2026,0,1349.518519,1036
82,2/15/2026,0,719.0757576,622
82,2/16/2026,0,347.8575499,526
82,2/17/2026,0,200.5985915,367
82,2/18/2026,0.11023622,415.05,533
82,2/19/2026,0.078740157,242.1313673,564
82,2/20/2026,0.279527545,415.05,596
82,2/21/2026,0.007874016,1267.337349,949
82,2/22/2026,0.007874016,589.7456647,129
82,2/23/2026,0,126.8560794,
82,2/24/2026,0,118.4955357,130
82,2/25/2026,0,249.5630631,172
82,2/26/2026,0.051181108,161.2021277,203
82,2/27/2026,0,385.496063,361
82,2/28/2026,0,1110.024691,1102
82,3/1/2026,0,481.3425414,692
82,3/2/2026,0,93.08,110
82,3/3/2026,0.133858263,96.13461538,125
82,3/4/2026,0.228346452,174.1060606,234
82,3/5/2026,0.42125985,110.3915493,163
83,2/4/2026,0,79.55357143,39
83,2/5/2026,0,71.09345794,66
83,2/6/2026,0,127.8516129,98
83,2/7/2026,0,216.6267606,234
83,2/8/2026,0,147.6,102
83,2/9/2026,0,58.12408759,39
83,2/10/2026,0,58.90816327,29
83,2/11/2026,0.019685039,89.16915423,75
83,2/12/2026,0,80.94285714,106
83,2/13/2026,0.015748031,242.1313673,206
83,2/14/2026,1.224409461,514.9345794,503
83,2/15/2026,0,224.0731707,168
83,2/16/2026,0,154.8221154,101
83,2/17/2026,0,65.26190476,73
83,2/18/2026,0.003937008,100.3636364,61
83,2/19/2026,0.003937008,89.16915423,82
83,2/20/2026,0.003937008,163.9297297,133
83,2/21/2026,0,415.05,248
83,2/22/2026,0,168.0305677,119
83,2/23/2026,0,58.12408759,52
83,2/24/2026,0,58.12408759,43
83,2/25/2026,0,91.46524064,76
83,2/26/2026,0,89.16915423,62
83,2/27/2026,0,168.0305677,143
83,2/28/2026,0,385.496063,274
83,3/1/2026,0.007874016,148.8377282,146
83,3/2/2026,0.043307088,58.12408759,49
83,3/3/2026,0.023622049,58.90816327,36
83,3/4/2026,0.055118114,91.46524064,43
83,3/5/2026,0.125984251,89.16915423,93
84,2/4/2026,0,154.8221154,178
84,2/5/2026,0,110.3915493,89
84,2/6/2026,0,291.5022084,309
84,2/7/2026,0,644.6363636,529
84,2/8/2026,0,270.259887,300
84,2/9/2026,0,67.25352113,87
84,2/10/2026,0,89.16915423,95
84,2/11/2026,0,166.986014,134
84,2/12/2026,0,118.4545455,106
84,2/13/2026,0,589.7456647,294
84,2/14/2026,0,1372.374849,1235
84,2/15/2026,0,750.9484536,834
84,2/16/2026,0,415.05,703
84,2/17/2026,0,216.6267606,483
84,2/18/2026,0.031496063,479.1730769,913
84,2/19/2026,0,280.8842105,671
84,2/20/2026,0.007874017,514.9345794,666
84,2/21/2026,0.011811029,1267.337349,941
84,2/22/2026,0,668.5060241,567
84,2/23/2026,0,127.8516129,
84,2/24/2026,0,127.8516129,222
84,2/25/2026,0,231.7790698,201
84,2/26/2026,0,161.2021277,175
84,2/27/2026,0,447.0123457,347
84,2/28/2026,0,1110.024691,858
84,3/1/2026,0,481.3425414,612
84,3/2/2026,0,71.09345794,95
84,3/3/2026,0.003937009,80.94285714,99
84,3/4/2026,0.279527545,174.1060606,263
84,3/5/2026,0.015748031,118.4955357,84
85,2/4/2026,0,100.3636364,82
85,2/5/2026,0,91.37254902,87
85,2/6/2026,0.007874016,249.5630631,223
85,2/7/2026,0,569.2716763,677
85,2/8/2026,0,191.5615764,227
85,2/9/2026,0,58.90816327,109
85,2/10/2026,0,67.25352113,96
85,2/11/2026,0,118.4955357,130
85,2/12/2026,0,91.46524064,110
85,2/13/2026,0,447.0123457,376
85,2/14/2026,0,1110.024691,1217
85,2/15/2026,0,402.7941176,473
85,2/16/2026,0,161.2021277,305
85,2/17/2026,0,71.09345794,150
85,2/18/2026,0.330708683,154.8221154,155
85,2/19/2026,0,100.3636364,83
85,2/20/2026,0.507874012,331.4468085,270
85,2/21/2026,0,1005.886179,787
85,2/22/2026,0,363.4901961,390
85,2/23/2026,0,58.90816327,90
85,2/24/2026,0,58.90816327,65
85,2/25/2026,0,126.8560794,133
85,2/26/2026,0,96.13461538,120
85,2/27/2026,0,321.3348624,317
85,2/28/2026,0,1005.886179,818
85,3/1/2026,0,296.5333333,490
85,3/2/2026,0,65.26190476,76
85,3/3/2026,0,67.25352113,76
85,3/4/2026,0,126.8560794,183
85,3/5/2026,0.22047241,110.3915493,97
86,2/4/2026,0,208.9411765,180
86,2/5/2026,0,148.8377282,142
86,2/6/2026,0,383.1410256,376
86,2/7/2026,0,804.9107143,828
86,2/8/2026,0,174.1060606,359
86,2/9/2026,0,110.3915493,127
86,2/10/2026,0.003937008,127.8516129,123
86,2/11/2026,0,242.1313673,238
86,2/12/2026,0,137.616129,153
86,2/13/2026,0,644.6363636,403
86,2/14/2026,0,1267.337349,1234
86,2/15/2026,0,520.6186441,709
86,2/16/2026,0,301.6236559,605
86,2/17/2026,0.015748031,200.5985915,398
86,2/18/2026,0.547244132,415.05,721
86,2/19/2026,0.090551183,242.1313673,693
86,2/20/2026,0.232283458,520.6186441,694
86,2/21/2026,0,1267.337349,1056
86,2/22/2026,0,481.3425414,619
86,2/23/2026,0,148.8377282,89
86,2/24/2026,0,154.8221154,174
86,2/25/2026,0.015748031,290.3260073,233
86,2/26/2026,0,161.2021277,179
86,2/27/2026,0,481.3425414,421
86,2/28/2026,0.094488196,1110.024691,1104
86,3/1/2026,0,398.8571429,728
86,3/2/2026,0,110.3915493,172
86,3/3/2026,0.031496063,126.8560794,152
86,3/4/2026,0.015748031,242.1313673,276
86,3/5/2026,0.393700778,154.8221154,195
87,2/4/2026,0,154.8221154,168
87,2/5/2026,0,127.8516129,119
87,2/6/2026,0,341.1545455,299
87,2/7/2026,0,726.6078431,752
87,2/8/2026,0,258.5933014,274
87,2/9/2026,0,76.85526316,98
87,2/10/2026,0,76.85526316,86
87,2/11/2026,0,148.8377282,154
87,2/12/2026,0,119.7925926,150
87,2/13/2026,0,536.6363636,458
87,2/14/2026,0,1267.337349,1218
87,2/15/2026,0,589.7456647,624
87,2/16/2026,0,242.1313673,317
87,2/17/2026,0,91.46524064,136
87,2/18/2026,0.267716557,163.9297297,61
87,2/19/2026,0,126.8560794,116
87,2/20/2026,0,347.8575499,347
87,2/21/2026,0,1110.024691,954
87,2/22/2026,0,479.1730769,532
87,2/23/2026,0,75.68518519,85
87,2/24/2026,0.011811025,75.68518519,111
87,2/25/2026,0,163.5298069,215
87,2/26/2026,0,126.8560794,192
87,2/27/2026,0,383.1410256,407
87,2/28/2026,0,1010.5625,926
87,3/1/2026,0,415.05,663
87,3/2/2026,0,76.85526316,139
87,3/3/2026,0,89.16915423,182
87,3/4/2026,0,161.2021277,158
87,3/5/2026,0.003937008,126.8560794,163
88,2/4/2026,0,166.986014,147
88,2/5/2026,0,147.6,157
88,2/6/2026,0,301.6236559,329
88,2/7/2026,0,589.7456647,562
88,2/8/2026,0,286.8283582,230
88,2/9/2026,0,126.8560794,169
88,2/10/2026,0.023622049,100.3636364,76
88,2/11/2026,0.732283473,195.7888889,160
88,2/12/2026,0,137.616129,137
88,2/13/2026,0,532.125,399
88,2/14/2026,0,1110.024691,1052
88,2/15/2026,0,611.1417323,592
88,2/16/2026,1.03937006,331.7697842,367
88,2/17/2026,0.614173234,106.2573099,121
88,2/18/2026,0.405511796,195.7888889,126
88,2/19/2026,0.385826826,154.8221154,167
88,2/20/2026,0.023622049,341.1545455,349
88,2/21/2026,0,892.6792453,670
88,2/22/2026,0,450.8429319,477
88,2/23/2026,0,126.8560794,112
88,2/24/2026,0,96.13461538,79
88,2/25/2026,0,200.5985915,216
88,2/26/2026,0,147.6,178
88,2/27/2026,0,362.6029412,321
88,2/28/2026,0,852.1596639,651
88,3/1/2026,0,402.7941176,428
88,3/2/2026,0,126.8560794,104
88,3/3/2026,0,100.3636364,105
88,3/4/2026,0,174.1060606,142
88,3/5/2026,0,126.8560794,144
89,2/4/2026,0.38188976,168.0305677,167
89,2/5/2026,0,137.616129,157
89,2/6/2026,0,415.05,373
89,2/7/2026,0,723.9062047,1081
89,2/8/2026,0.003937008,385.496063,413
89,2/9/2026,0,154.8221154,136
89,2/10/2026,0.015748031,118.4545455,94
89,2/11/2026,0.137795284,191.5615764,186
89,2/12/2026,0,148.8377282,177
89,2/13/2026,0.011811025,695.9179104,557
89,2/14/2026,0.263779491,1585.631829,1460
89,2/15/2026,0.665354311,1005.886179,965
89,2/16/2026,0,331.7697842,428
89,2/17/2026,0,118.4545455,110
89,2/18/2026,0.007874016,195.7888889,154
89,2/19/2026,0.003937008,147.6,169
89,2/20/2026,0.106299207,447.0123457,369
89,2/21/2026,0.003937008,1561.25,1148
89,2/22/2026,0,695.9179104,750
89,2/23/2026,0,148.8377282,138
89,2/24/2026,0,98.47826087,121
89,2/25/2026,0,195.7888889,225
89,2/26/2026,0.003937008,148.8377282,179
89,2/27/2026,0,481.3425414,513
89,2/28/2026,0,1502,1121
89,3/1/2026,0,663.21875,726
89,3/2/2026,0,154.8221154,89
89,3/3/2026,0.074803151,108.8055556,116
89,3/4/2026,0.098425195,200.5985915,184
89,3/5/2026,0.086614177,148.8377282,166
90,2/4/2026,0,174.1060606,141
90,2/5/2026,0,154.8221154,118
90,2/6/2026,0.003937008,331.4468085,356
90,2/7/2026,0,627.952381,640
90,2/8/2026,0,252.6173913,251
90,2/9/2026,0,115.0666667,82
90,2/10/2026,0,110.3915493,111
90,2/11/2026,0,216.6267606,156
90,2/12/2026,0,182.2408759,135
90,2/13/2026,0.043307088,569.2716763,430
90,2/14/2026,0,1267.337349,1000
90,2/15/2026,0,644.6363636,539
90,2/16/2026,0,249.5630631,309
90,2/17/2026,0.338582665,118.4955357,143
90,2/18/2026,0.027559055,200.5985915,216
90,2/19/2026,0,174.1060606,195
90,2/20/2026,0,416.3571429,353
90,2/21/2026,0,1049.589744,808
90,2/22/2026,0,450.8429319,477
90,2/23/2026,0,110.3915493,114
90,2/24/2026,0,91.46524064,143
90,2/25/2026,0,216.6267606,259
90,2/26/2026,0,174.1060606,210
90,2/27/2026,0,447.0123457,429
90,2/28/2026,0,1005.886179,861
90,3/1/2026,0,385.496063,581
90,3/2/2026,0,118.4545455,129
90,3/3/2026,0,106.2573099,106
90,3/4/2026,0,200.5985915,230
90,3/5/2026,0,174.1060606,176
91,2/4/2026,0,163.9297297,124
91,2/5/2026,0,110.3915493,120
91,2/6/2026,0,296.5333333,238
91,2/7/2026,0,627.952381,945
91,2/8/2026,0,290.3260073,329
91,2/9/2026,0,95.85454545,121
91,2/10/2026,0,110.3915493,87
91,2/11/2026,0,174.1060606,135
91,2/12/2026,0,110.3915493,138
91,2/13/2026,0,547.4032258,360
91,2/14/2026,0,1349.518519,1057
91,2/15/2026,0.275590569,726.6078431,762
91,2/16/2026,0.409448802,402.7941176,611
91,2/17/2026,0,110.3915493,229
91,2/18/2026,0,174.1060606,131
91,2/19/2026,0.444881856,119.7925926,120
91,2/20/2026,0.716535449,383.1410256,351
91,2/21/2026,0,1267.337349,1015
91,2/22/2026,0.263779521,589.7456647,488
91,2/23/2026,0.007874008,98.47826087,265
91,2/24/2026,0,91.46524064,93
91,2/25/2026,0,195.7888889,144
91,2/26/2026,0.059055123,110.3915493,117
91,2/27/2026,0,383.1410256,361
91,2/28/2026,0,1174.850399,967
91,3/1/2026,0,479.1730769,588
91,3/2/2026,0,106.2573099,112
91,3/3/2026,0.137795269,119.7925926,75
91,3/4/2026,0.20078738,216.6267606,163
91,3/5/2026,0.015748031,119.7925926,148
92,2/4/2026,0,154.8221154,147
92,2/5/2026,0,118.4955357,117
92,2/6/2026,0,331.7697842,310
92,2/7/2026,0.275590569,520.6186441,742
92,2/8/2026,0,174.1060606,221
92,2/9/2026,0,96.13461538,83
92,2/10/2026,0,95.85454545,115
92,2/11/2026,0,174.1060606,193
92,2/12/2026,0,118.4955357,146
92,2/13/2026,0.082677163,589.7456647,442
92,2/14/2026,0.011811025,1146.083333,1251
92,2/15/2026,0,618.6629213,578
92,2/16/2026,0,224.0731707,204
92,2/17/2026,0,94.75,89
92,2/18/2026,0,182.2408759,127
92,2/19/2026,0,126.8560794,172
92,2/20/2026,0,415.05,403
92,2/21/2026,0,929.1269841,807
92,2/22/2026,0,479.1730769,546
92,2/23/2026,0,118.4955357,94
92,2/24/2026,0,95.85454545,102
92,2/25/2026,0,200.5985915,166
92,2/26/2026,0,126.8560794,207
92,2/27/2026,0,450.8429319,376
92,2/28/2026,0,925.8387097,858
92,3/1/2026,0,423.5294118,536
92,3/2/2026,0,126.8560794,138
92,3/3/2026,0,110.3915493,127
92,3/4/2026,0,200.5985915,207
92,3/5/2026,0,126.8560794,176
93,2/4/2026,0,127.8516129,170
93,2/5/2026,0,106.2573099,95
93,2/6/2026,0,249.5630631,267
93,2/7/2026,0,547.4032258,498
93,2/8/2026,0,174.1060606,266
93,2/9/2026,0,80.94285714,113
93,2/10/2026,0.035433073,89.16915423,60
93,2/11/2026,0,161.2021277,132
93,2/12/2026,0,110.3915493,83
93,2/13/2026,0,481.3425414,268
93,2/14/2026,0,1146.083333,1097
93,2/15/2026,0,450.8429319,648
93,2/16/2026,0,252.6173913,450
93,2/17/2026,0.023622049,174.1060606,421
93,2/18/2026,0.299212605,385.496063,522
93,2/19/2026,0.027559057,249.5630631,593
93,2/20/2026,0.42125988,447.0123457,773
93,2/21/2026,0.015748033,1049.589744,1000
93,2/22/2026,0,447.0123457,512
93,2/23/2026,0.015748033,126.8560794,60
93,2/24/2026,0,115.0666667,122
93,2/25/2026,0.015748031,220.9241379,190
93,2/26/2026,0,148.8377282,208
93,2/27/2026,0,362.6029412,374
93,2/28/2026,0.039370079,1005.886179,991
93,3/1/2026,0,331.7697842,659
93,3/2/2026,0,79.55357143,113
93,3/3/2026,0.015748031,76.85526316,143
93,3/4/2026,0.039370082,166.986014,170
93,3/5/2026,0.133858263,118.4955357,167
94,2/4/2026,0,242.1313673,180
94,2/5/2026,0,161.2021277,138
94,2/6/2026,0.011811025,362.6029412,388
94,2/7/2026,0,686.3809524,615
94,2/8/2026,0,347.8575499,245
94,2/9/2026,0,166.986014,283
94,2/10/2026,0,148.8377282,100
94,2/11/2026,0.051181108,249.2529877,164
94,2/12/2026,0,168.0305677,163
94,2/13/2026,0,617.9875196,404
94,2/14/2026,0,1267.337349,1001
94,2/15/2026,0,726.6078431,774
94,2/16/2026,0,450.8429319,483
94,2/17/2026,0.228346452,148.8377282,190
94,2/18/2026,0.318897665,283.3252217,182
94,2/19/2026,0.027559057,174.1060606,172
94,2/20/2026,0.031496063,415.05,368
94,2/21/2026,0,1010.5625,803
94,2/22/2026,0,555,639
94,2/23/2026,0,161.2021277,206
94,2/24/2026,0,119.7925926,197
94,2/25/2026,0,252.6173913,216
94,2/26/2026,0,174.1060606,212
94,2/27/2026,0,450.8429319,399
94,2/28/2026,0,934.5945946,750
94,3/1/2026,0,481.3425414,649
94,3/2/2026,0,166.986014,120
94,3/3/2026,0,126.8560794,135
94,3/4/2026,0,242.1313673,234
94,3/5/2026,0,168.0305677,164
95,2/4/2026,0,91.46524064,116
95,2/5/2026,0,91.46524064,91
95,2/6/2026,0,208.9411765,186
95,2/7/2026,0,511.8983051,589
95,2/8/2026,0,242.1313673,254
95,2/9/2026,0,75.68518519,56
95,2/10/2026,0,76.85526316,51
95,2/11/2026,0,106.2573099,107
95,2/12/2026,0,96.13461538,99
95,2/13/2026,0,373.3566879,369
95,2/14/2026,0,1208.75,1108
95,2/15/2026,0.224409446,479.1730769,531
95,2/16/2026,0.393700749,290.3260073,375
95,2/17/2026,0,80.94285714,96
95,2/18/2026,0.007874016,118.4545455,86
95,2/19/2026,0.2401575,108.8055556,102
95,2/20/2026,0.830708683,242.1313673,272
95,2/21/2026,0,1005.886179,998
95,2/22/2026,0.314960659,415.05,317
95,2/23/2026,0.043307088,67.25352113,120
95,2/24/2026,0,70.92592593,95
95,2/25/2026,0.003937008,110.3915493,117
95,2/26/2026,0.094488196,100.3636364,110
95,2/27/2026,0,258.5933014,307
95,2/28/2026,0,970.125,994
95,3/1/2026,0,347.8575499,472
95,3/2/2026,0,75.68518519,98
95,3/3/2026,0.161417335,76.85526316,73
95,3/4/2026,0.192913368,106.2573099,109
95,3/5/2026,0.039370079,100.3636364,117
96,2/4/2026,0.712598443,148.8377282,96
96,2/5/2026,0.165354326,89.16915423,110
96,2/6/2026,0.007874016,224.0731707,232
96,2/7/2026,0.003937008,520.6186441,779
96,2/8/2026,0,258.5933014,261
96,2/9/2026,0,71.09345794,63
96,2/10/2026,0,80.94285714,84
96,2/11/2026,0.043307092,161.2021277,118
96,2/12/2026,0,96.13461538,69
96,2/13/2026,0,402.7941176,272
96,2/14/2026,0,1059.2,1116
96,2/15/2026,0.669291377,569.2716763,582
96,2/16/2026,0.023622049,200.5985915,321
96,2/17/2026,0,80.94285714,82
96,2/18/2026,0,154.8221154,117
96,2/19/2026,0.031496063,96.13461538,84
96,2/20/2026,0.377952784,270.259887,227
96,2/21/2026,0.913385808,892.6792453,804
96,2/22/2026,0.114173226,447.0123457,406
96,2/23/2026,0,67.25352113,129
96,2/24/2026,0,58.90816327,92
96,2/25/2026,0,154.8221154,107
96,2/26/2026,0.314960629,91.46524064,114
96,2/27/2026,0.877952814,258.5933014,294
96,2/28/2026,0.003937008,852.1596639,608
96,3/1/2026,0,362.6029412,376
96,3/2/2026,0,67.25352113,72
96,3/3/2026,0,65.26190476,97
96,3/4/2026,0,154.8221154,126
96,3/5/2026,0,91.37254902,144
97,2/4/2026,0,91.46524064,100
97,2/5/2026,0,65.26190476,74
97,2/6/2026,0,182.2408759,165
97,2/7/2026,0,532.125,506
97,2/8/2026,0,168.0305677,188
97,2/9/2026,0,71.09345794,33
97,2/10/2026,0.090551183,58.12408759,65
97,2/11/2026,0.145669296,110.3915493,100
97,2/12/2026,0,75.68518519,100
97,2/13/2026,0,347.8575499,234
97,2/14/2026,0.228346467,1110.024691,978
97,2/15/2026,1.956692934,385.496063,339
97,2/16/2026,0,148.8377282,171
97,2/17/2026,0,58.12408759,55
97,2/18/2026,0,110.3915493,87
97,2/19/2026,0.003937008,71.09345794,88
97,2/20/2026,0,231.7790698,255
97,2/21/2026,0.047244098,892.6792453,811
97,2/22/2026,0,321.3348624,387
97,2/23/2026,0,70.92592593,123
97,2/24/2026,0,58.12408759,59
97,2/25/2026,0.015748031,118.4955357,115
97,2/26/2026,0.015748031,79.55357143,82
97,2/27/2026,0,242.1313673,225
97,2/28/2026,0,852.1596639,776
97,3/1/2026,0,244.84375,314
97,3/2/2026,0.141732275,76.85526316,54
97,3/3/2026,0.003937008,58.77115381,50
97,3/4/2026,0.003937008,108.8055556,80
97,3/5/2026,0.015748031,75.68518519,59
98,2/4/2026,0,119.7925926,120
98,2/5/2026,0,110.3915493,130
98,2/6/2026,0,270.259887,238
98,2/7/2026,0,532.125,736
98,2/8/2026,0,200.5985915,362
98,2/9/2026,0,91.46524064,56
98,2/10/2026,0.003937008,79.55357143,91
98,2/11/2026,0,148.8377282,110
98,2/12/2026,0,119.7925926,174
98,2/13/2026,0,547.4032258,491
98,2/14/2026,0,1233.686275,1023
98,2/15/2026,0,520.6186441,921
98,2/16/2026,0,224.0731707,732
98,2/17/2026,0,80.94285714,101
98,2/18/2026,0.169291317,147.6,117
98,2/19/2026,0.027559055,127.8516129,147
98,2/20/2026,0.279527545,373.3566879,376
98,2/21/2026,0.007874016,1110.024691,781
98,2/22/2026,0,447.0123457,315
98,2/23/2026,0,91.46524064,69
98,2/24/2026,0,71.09345794,82
98,2/25/2026,0.003937008,148.8377282,100
98,2/26/2026,0,119.7925926,101
98,2/27/2026,0,362.6029412,330
98,2/28/2026,0.031496063,1005.886179,641
98,3/1/2026,0,347.8575499,483
98,3/2/2026,0,91.37254902,69
98,3/3/2026,0.003937008,75.68518519,99
98,3/4/2026,0,148.8377282,113
98,3/5/2026,0.129921272,126.8560794,84
99,2/4/2026,0,110.3915493,70
99,2/5/2026,0,80.94285714,75
99,2/6/2026,0,195.7888889,160
99,2/7/2026,0,447.0123457,478
99,2/8/2026,0,242.1313673,234
99,2/9/2026,0,71.09345794,63
99,2/10/2026,0,76.85526316,70
99,2/11/2026,0,110.3915493,99
99,2/12/2026,0,89.16915423,72
99,2/13/2026,0,347.8575499,240
99,2/14/2026,0,852.1596639,804
99,2/15/2026,0.216535434,447.0123457,486
99,2/16/2026,0.322834641,290.3260073,395
99,2/17/2026,0,89.16915423,122
99,2/18/2026,0.003937008,118.4955357,95
99,2/19/2026,0.149606302,94.75,60
99,2/20/2026,0.795275569,244.84375,173
99,2/21/2026,0,644.6363636,617
99,2/22/2026,0.287401557,385.496063,279
99,2/23/2026,0.023622043,71.09345794,112
99,2/24/2026,0,71.09345794,89
99,2/25/2026,0.011811025,110.3915493,86
99,2/26/2026,0.106299214,89.16915423,164
99,2/27/2026,0,249.5630631,196
99,2/28/2026,0,663.21875,694
99,3/1/2026,0,347.8575499,480
99,3/2/2026,0,75.68518519,59
99,3/3/2026,0.157480329,76.85526316,83
99,3/4/2026,0.196850374,96.13461538,134
99,3/5/2026,0.18110238,89.16915423,98
100,2/4/2026,0,168.0305677,161
100,2/5/2026,0,108.8055556,110
100,2/6/2026,0,270.259887,332
100,2/7/2026,0,695.9179104,796
100,2/8/2026,0,191.5615764,288
100,2/9/2026,0,91.46524064,90
100,2/10/2026,0,80.94285714,77
100,2/11/2026,0,200.5985915,137
100,2/12/2026,0,108.8055556,169
100,2/13/2026,0,450.8429319,380
100,2/14/2026,0,1267.337349,1135
100,2/15/2026,0,569.2716763,647
100,2/16/2026,0,208.9411765,351
100,2/17/2026,0,96.13461538,113
100,2/18/2026,0.094488204,216.6267606,178
100,2/19/2026,0.114173226,127.8516129,143
100,2/20/2026,0.413385868,296.5333333,303
100,2/21/2026,0,1110.024691,926
100,2/22/2026,0,450.8429319,482
100,2/23/2026,0,96.13461538,168
100,2/24/2026,0,79.55357143,156
100,2/25/2026,0,224.0731707,198
100,2/26/2026,0,110.3915493,147
100,2/27/2026,0,321.3348624,366
100,2/28/2026,0,1010.5625,972
100,3/1/2026,0,383.1410256,574
100,3/2/2026,0,91.46524064,104
100,3/3/2026,0.031496067,75.68518519,68
100,3/4/2026,0.003937008,195.7888889,192
100,3/5/2026,0.728346467,118.4955357,146
101,2/4/2026,0,96.13461538,85
101,2/5/2026,0,76.85526316,52
101,2/6/2026,0,216.6267606,214
101,2/7/2026,0,447.0123457,632
101,2/8/2026,0,161.2021277,129
101,2/9/2026,0,91.46524064,51
101,2/10/2026,0,65.26190476,36
101,2/11/2026,0,118.4545455,87
101,2/12/2026,0,80.94285714,120
101,2/13/2026,0,415.05,315
101,2/14/2026,1.177165389,1152.274351,976
101,2/15/2026,0.003937008,383.1410256,348
101,2/16/2026,0,174.1060606,244
101,2/17/2026,0,71.09345794,63
101,2/18/2026,0.007874016,137.616129,55
101,2/19/2026,0.011811025,89.16915423,59
101,2/20/2026,0,249.5630631,206
101,2/21/2026,0,825.1736527,620
101,2/22/2026,0,296.5333333,362
101,2/23/2026,0,91.46524064,84
101,2/24/2026,0,58.12408759,43
101,2/25/2026,0,126.8560794,144
101,2/26/2026,0.035433069,89.16915423,103
101,2/27/2026,0,258.5933014,248
101,2/28/2026,0.090551183,825.1736527,587
101,3/1/2026,0.448818892,290.3260073,336
101,3/2/2026,0.279527545,100.225,78
101,3/3/2026,0.082677171,58.90816327,35
101,3/4/2026,0.102362201,118.4955357,118
101,3/5/2026,0.003937008,76.85526316,75
102,2/4/2026,0,195.7888889,135
102,2/5/2026,0,126.8560794,73
102,2/6/2026,0,290.3260073,224
102,2/7/2026,0,611.1417323,660
102,2/8/2026,0,325.7435897,258
102,2/9/2026,0.015748031,118.4955357,133
102,2/10/2026,0.114173234,100.3636364,98
102,2/11/2026,0.629921317,191.5615764,196
102,2/12/2026,0.350393772,126.8560794,146
102,2/13/2026,0,447.0123457,298
102,2/14/2026,0.019685039,934.5945946,633
102,2/15/2026,0.413385838,668.5060241,636
102,2/16/2026,1.405511856,520.6186441,599
102,2/17/2026,0.783464551,154.8221154,231
102,2/18/2026,0.377952814,271.5,258
102,2/19/2026,0.78346473,163.9297297,217
102,2/20/2026,0,296.5333333,330
102,2/21/2026,0,825.1736527,548
102,2/22/2026,0,520.6186441,425
102,2/23/2026,0,126.8560794,18
102,2/24/2026,0.074803151,91.46524064,75
102,2/25/2026,0.125984237,195.7888889,140
102,2/26/2026,0,129.2777778,118
102,2/27/2026,0,321.3348624,258
102,2/28/2026,0,776.2307692,541
102,3/1/2026,0.011811025,511.8983051,454
102,3/2/2026,0.102362201,137.616129,77
102,3/3/2026,0,110.3915493,89
102,3/4/2026,0.011811025,195.7888889,114
102,3/5/2026,0,127.8516129,111
103,2/4/2026,0,195.7888889,158
103,2/5/2026,0,154.8221154,100
103,2/6/2026,0.003937008,331.4468085,307
103,2/7/2026,0,668.5060241,637
103,2/8/2026,0,321.3348624,274
103,2/9/2026,0,115.0666667,82
103,2/10/2026,0,106.2573099,105
103,2/11/2026,1.287401676,280.8842105,238
103,2/12/2026,0.003937008,154.8221154,126
103,2/13/2026,0,589.7456647,427
103,2/14/2026,0,1267.337349,860
103,2/15/2026,0,695.9179104,603
103,2/16/2026,0.622047246,481.3425414,764
103,2/17/2026,0.456692964,191.5615764,268
103,2/18/2026,0.330708683,296.5333333,355
103,2/19/2026,0.125984251,182.2408759,291
103,2/20/2026,0.192913368,479.1730769,481
103,2/21/2026,0,1059.2,812
103,2/22/2026,0,569.2716763,508
103,2/23/2026,0,127.8516129,92
103,2/24/2026,0,106.2573099,113
103,2/25/2026,0,244.84375,184
103,2/26/2026,0,148.8377282,116
103,2/27/2026,0,447.0123457,373
103,2/28/2026,0,1005.886179,678
103,3/1/2026,0,481.3425414,416
103,3/2/2026,0,127.8516129,101
103,3/3/2026,0,100.3636364,103
103,3/4/2026,0.007874016,242.1313673,213
103,3/5/2026,0,148.8377282,150
104,2/4/2026,0.515748024,94.75,80
104,2/5/2026,0.149606287,89.16915423,202
104,2/6/2026,0,191.5615764,207
104,2/7/2026,0,520.6186441,721
104,2/8/2026,0,195.7888889,306
104,2/9/2026,0,80.94285714,50
104,2/10/2026,0,67.25352113,61
104,2/11/2026,0.070866145,100.3636364,93
104,2/12/2026,0,91.46524064,176
104,2/13/2026,0,290.3260073,307
104,2/14/2026,0,1183.076923,970
104,2/15/2026,0.732283473,385.496063,437
104,2/16/2026,0.023622049,174.1060606,228
104,2/17/2026,0,65.26190476,69
104,2/18/2026,0,110.3915493,100
104,2/19/2026,0.047244098,95.85454545,155
104,2/20/2026,0.236220479,216.6267606,276
104,2/21/2026,1.086614251,1005.886179,807
104,2/22/2026,0.066929139,331.7697842,447
104,2/23/2026,0,76.85526316,119
104,2/24/2026,0,58.12408759,68
104,2/25/2026,0,106.2573099,131
104,2/26/2026,0.429133862,91.46524064,146
104,2/27/2026,0.948818922,224.0731707,314
104,2/28/2026,0,925.8387097,883
104,3/1/2026,0,270.259887,393
104,3/2/2026,0,89.16915423,90
104,3/3/2026,0,65.26190476,79
104,3/4/2026,0,106.2573099,108
104,3/5/2026,0,91.46524064,74
105,2/4/2026,0,96.13461538,117
105,2/5/2026,0,71.09345794,41
105,2/6/2026,0,161.6714255,142
105,2/7/2026,0,331.7697842,272
105,2/8/2026,0,148.8377282,106
105,2/9/2026,0,58.90816327,51
105,2/10/2026,0,58.90816327,49
105,2/11/2026,0,110.3915493,61
105,2/12/2026,0,80.94285714,81
105,2/13/2026,0.232283473,270.259887,234
105,2/14/2026,0.090551183,627.952381,476
105,2/15/2026,0,283.484375,244
105,2/16/2026,0,161.2021277,91
105,2/17/2026,0.358267784,76.85526316,61
105,2/18/2026,0,126.8560794,88
105,2/19/2026,0.157480314,100.3636364,76
105,2/20/2026,0.007874016,195.7888889,131
105,2/21/2026,0,450.8429319,367
105,2/22/2026,0,216.6267606,210
105,2/23/2026,0,58.90816327,70
105,2/24/2026,0,58.90816327,57
105,2/25/2026,0,118.4955357,145
105,2/26/2026,0,89.16915423,186
105,2/27/2026,0,195.7888889,231
105,2/28/2026,0,423.5294118,360
105,3/1/2026,0,174.1060606,213
105,3/2/2026,0,58.12408759,62
105,3/3/2026,0,58.12408759,62
105,3/4/2026,0,106.2573099,125
105,3/5/2026,0,76.85526316,66
106,2/4/2026,0.444881916,80.94285714,83
106,2/5/2026,0,71.09345794,81
106,2/6/2026,0,158.9027805,90
106,2/7/2026,0,331.7697842,157
106,2/8/2026,0,147.6,156
106,2/9/2026,0,71.09345794,69
106,2/10/2026,0,75.68518519,37
106,2/11/2026,0.216535434,96.13461538,77
106,2/12/2026,0.007874016,89.16915423,40
106,2/13/2026,0,280.8842105,84
106,2/14/2026,0.015748031,776.2307692,128
106,2/15/2026,0.704724431,296.5333333,127
106,2/16/2026,0,163.9297297,76
106,2/17/2026,0.003937008,71.09345794,122
106,2/18/2026,0.011811025,126.8560794,167
106,2/19/2026,0.035433073,118.4955357,144
106,2/20/2026,0.082677171,242.1313673,230
106,2/21/2026,0.086614177,644.6363636,494
106,2/22/2026,0.015748031,296.5333333,335
106,2/23/2026,0,79.55357143,87
106,2/24/2026,0,75.68518519,101
106,2/25/2026,0,118.4955357,99
106,2/26/2026,0.047244098,110.3915493,111
106,2/27/2026,0.641732275,224.0731707,217
106,2/28/2026,0.007874016,611.1417323,825
106,3/1/2026,0,242.1313673,342
106,3/2/2026,0,71.09345794,48
106,3/3/2026,0.003937008,75.68518519,54
106,3/4/2026,0.039370079,95.85454545,59
106,3/5/2026,0.051181111,89.16915423,94
107,2/4/2026,0.385826796,137.616129,84
107,2/5/2026,0.318897665,110.3915493,97
107,2/6/2026,0,224.0731707,234
107,2/7/2026,0.019685039,644.6363636,776
107,2/8/2026,0,200.5985915,255
107,2/9/2026,0,91.46524064,58
107,2/10/2026,0,91.46524064,80
107,2/11/2026,0.062992133,148.8377282,111
107,2/12/2026,0,110.3915493,105
107,2/13/2026,0,479.1730769,423
107,2/14/2026,0,1267.337349,1205
107,2/15/2026,0.224409446,569.2716763,787
107,2/16/2026,0.244094491,331.4468085,317
107,2/17/2026,0,100.3636364,168
107,2/18/2026,0,163.9297297,276
107,2/19/2026,0.023622049,110.3915493,169
107,2/20/2026,0.011811025,271.5,275
107,2/21/2026,1.003937006,1267.337349,850
107,2/22/2026,0.480315,415.05,456
107,2/23/2026,0,76.85526316,126
107,2/24/2026,0,67.25352113,127
107,2/25/2026,0,147.6,182
107,2/26/2026,0.011811025,106.2573099,130
107,2/27/2026,1.716535449,347.8575499,411
107,2/28/2026,0.019685039,1005.886179,1024
107,3/1/2026,0,321.3348624,516
107,3/2/2026,0,106.2573099,132
107,3/3/2026,0,108.8055556,116
107,3/4/2026,0,168.0305677,186
107,3/5/2026,0,126.8560794,123
108,2/4/2026,0.287401557,76.85526316,34
108,2/5/2026,0,58.12408759,70
108,2/6/2026,0,147.6,167
108,2/7/2026,0,258.5933014,442
108,2/8/2026,0,166.986014,152
108,2/9/2026,0,58.90816327,47
108,2/10/2026,0,58.12408759,27
108,2/11/2026,0.188976392,89.16915423,41
108,2/12/2026,0,58.90816327,45
108,2/13/2026,0,224.0731707,156
108,2/14/2026,0,776.2857143,569
108,2/15/2026,0.870078743,363.4901961,351
108,2/16/2026,0.015748031,168.0305677,188
108,2/17/2026,0,71.09345794,108
108,2/18/2026,0.007874016,106.2573099,98
108,2/19/2026,0.062992133,75.68518519,95
108,2/20/2026,0.098425195,174.1060606,126
108,2/21/2026,0.251968503,589.7456647,503
108,2/22/2026,0.019685039,249.5630631,261
108,2/23/2026,0,58.90816327,36
108,2/24/2026,0,58.12408759,51
108,2/25/2026,0.031496063,91.37254902,54
108,2/26/2026,0.602362275,71.09345794,52
108,2/27/2026,0.40157485,174.1060606,140
108,2/28/2026,0,547.4032258,404
108,3/1/2026,0,200.5985915,221
108,3/2/2026,0,58.90816327,35
108,3/3/2026,0,58.12408759,31
108,3/4/2026,0,80.94285714,52
108,3/5/2026,0.023622049,58.12408759,51
109,2/4/2026,0,106.2573099,93
109,2/5/2026,0,71.09345794,140
109,2/6/2026,0,168.0305677,157
109,2/7/2026,0,373.3566879,343
109,2/8/2026,0,174.1060606,153
109,2/9/2026,0,67.25352113,123
109,2/10/2026,0,58.90816327,59
109,2/11/2026,0,118.4955357,67
109,2/12/2026,0,75.68518519,54
109,2/13/2026,0,258.5933014,175
109,2/14/2026,0.023622049,726.6078431,692
109,2/15/2026,0.003937008,347.8575499,364
109,2/16/2026,0,147.6,89
109,2/17/2026,0,58.12408759,62
109,2/18/2026,0,126.8560794,60
109,2/19/2026,0,80.94285714,78
109,2/20/2026,0,195.7888889,208
109,2/21/2026,0.015748031,520.6186441,415
109,2/22/2026,0,286.8283582,327
109,2/23/2026,0,70.92592593,69
109,2/24/2026,0,58.90816327,50
109,2/25/2026,0,126.8560794,97
109,2/26/2026,0,89.16915423,66
109,2/27/2026,0,208.9411765,238
109,2/28/2026,0.007874016,520.6186441,463
109,3/1/2026,0,244.84375,353
109,3/2/2026,0,67.25352113,46
109,3/3/2026,0,58.90816327,54
109,3/4/2026,0.003937008,118.4955357,51
109,3/5/2026,0.003937008,75.68518519,70
110,2/4/2026,0.023622049,174.1060606,141
110,2/5/2026,0.019685039,163.9297297,146
110,2/6/2026,0,290.3260073,321
110,2/7/2026,0,520.6186441,685
110,2/8/2026,0,242.1313673,301
110,2/9/2026,0.003937008,108.8055556,125
110,2/10/2026,0,94.75,121
110,2/11/2026,0.007874017,174.1060606,162
110,2/12/2026,0,161.2021277,196
110,2/13/2026,0,479.1730769,351
110,2/14/2026,0.011811023,1005.886179,908
110,2/15/2026,0.011811025,547.4032258,552
110,2/16/2026,0,224.0731707,385
110,2/17/2026,0,91.46524064,99
110,2/18/2026,0,174.1060606,165
110,2/19/2026,0,154.8221154,119
110,2/20/2026,0,296.5333333,330
110,2/21/2026,0,852.1596639,652
110,2/22/2026,0,423.5294118,464
110,2/23/2026,0,110.3915493,131
110,2/24/2026,0,96.13461538,145
110,2/25/2026,0,195.7888889,228
110,2/26/2026,0,154.8221154,213
110,2/27/2026,0,341.1545455,452
110,2/28/2026,0,825.1736527,691
110,3/1/2026,0,402.7941176,467
110,3/2/2026,0,118.4545455,178
110,3/3/2026,0,110.3915493,116
110,3/4/2026,0,208.9411765,244
110,3/5/2026,0,168.0305677,230
111,2/4/2026,0.074803151,100.3636364,142
111,2/5/2026,0.015748031,71.09345794,62
111,2/6/2026,0.015748031,200.5985915,179
111,2/7/2026,0,481.3425414,721
111,2/8/2026,0,252.6173913,333
111,2/9/2026,0,63.55490162,63
111,2/10/2026,0,67.25352113,62
111,2/11/2026,0.015748031,110.3915493,96
111,2/12/2026,0,71.09345794,103
111,2/13/2026,0,415.05,299
111,2/14/2026,0,1110.024691,965
111,2/15/2026,1.059055209,644.6363636,543
111,2/16/2026,0.082677163,174.1060606,226
111,2/17/2026,0,67.25352113,125
111,2/18/2026,0.003937008,118.4955357,164
111,2/19/2026,0.070866145,89.16915423,116
111,2/20/2026,0.019685039,258.5933014,336
111,2/21/2026,0.106299214,925.8387097,769
111,2/22/2026,0.145669296,447.0123457,429
111,2/23/2026,0,67.25352113,98
111,2/24/2026,0,58.90816327,61
111,2/25/2026,0,110.3915493,122
111,2/26/2026,0.877952814,91.46524064,102
111,2/27/2026,0.287401557,290.3260073,295
111,2/28/2026,0,852.1596639,804
111,3/1/2026,0,347.8575499,426
111,3/2/2026,0,67.25352113,65
111,3/3/2026,0.019685039,71.09345794,164
111,3/4/2026,0,110.3915493,100
111,3/5/2026,0,76.85526316,94
112,2/4/2026,0,200.5985915,160
112,2/5/2026,0,195.7888889,128
112,2/6/2026,0,450.8429319,362
112,2/7/2026,0,825.1736527,772
112,2/8/2026,0,347.8575499,341
112,2/9/2026,0,148.8377282,102
112,2/10/2026,0.031496063,127.8516129,125
112,2/11/2026,1.287401438,195.7888889,174
112,2/12/2026,0.003937008,208.9411765,127
112,2/13/2026,0,668.5060241,375
112,2/14/2026,0,1267.337349,991
112,2/15/2026,0,925.8387097,884
112,2/16/2026,1.389763951,398.8571429,477
112,2/17/2026,0.389763772,126.8560794,75
112,2/18/2026,0.40157485,182.2408759,205
112,2/19/2026,0.503937066,216.6267606,157
112,2/20/2026,0,514.9345794,379
112,2/21/2026,0,1233.686275,960
112,2/22/2026,0,750.9484536,679
112,2/23/2026,0,148.8377282,114
112,2/24/2026,0,126.8560794,131
112,2/25/2026,0,195.7888889,183
112,2/26/2026,0,220.9241379,52
112,2/27/2026,0,569.2716763,463
112,2/28/2026,0,1110.024691,873
112,3/1/2026,0,695.9179104,637
112,3/2/2026,0,148.8377282,89
112,3/3/2026,0,126.8560794,151
112,3/4/2026,0,182.2408759,206
112,3/5/2026,0,200.5985915,149
113,2/4/2026,0.51968509,110.3915493,177
113,2/5/2026,0,100.3636364,91
113,2/6/2026,0,216.6267606,216
113,2/7/2026,0.11023622,450.8429319,513
113,2/8/2026,0.122047253,301.6236559,416
113,2/9/2026,0.157480314,89.16915423,84
113,2/10/2026,0.066929139,75.68518519,98
113,2/11/2026,0.019685039,119.7925926,121
113,2/12/2026,0.165354341,100.3636364,99
113,2/13/2026,0.035433073,385.496063,213
113,2/14/2026,0.346456677,776.2307692,657
113,2/15/2026,0.263779491,618.6629213,534
113,2/16/2026,0.027559057,216.6267606,267
113,2/17/2026,0.023622049,58.90816327,55
113,2/18/2026,0.031496063,137.616129,85
113,2/19/2026,0,110.3915493,96
113,2/20/2026,0,249.5630631,243
113,2/21/2026,0,589.7456647,595
113,2/22/2026,0,481.3425414,409
113,2/23/2026,0,106.2573099,71
113,2/24/2026,0.078740157,58.90816327,73
113,2/25/2026,0.011811025,137.616129,172
113,2/26/2026,0.011811025,110.3915493,60
113,2/27/2026,0.023622049,270.259887,256
113,2/28/2026,0.003937008,589.7456647,555
113,3/1/2026,0,447.0123457,551
113,3/2/2026,0.019685039,110.3915493,177
113,3/3/2026,0,71.09345794,82
113,3/4/2026,0.299212605,126.8560794,153
113,3/5/2026,0.102362216,110.3915493,94
114,2/4/2026,0,168.0305677,160
114,2/5/2026,0,147.6,170
114,2/6/2026,0,402.7941176,451
114,2/7/2026,0,934.5945946,898
114,2/8/2026,0,402.7941176,333
114,2/9/2026,0,108.8055556,134
114,2/10/2026,0,110.3915493,112
114,2/11/2026,0.003937008,212.7333333,159
114,2/12/2026,0,161.2021277,165
114,2/13/2026,0,726.6078431,612
114,2/14/2026,0,1561.25,1528
114,2/15/2026,0,1110.024691,1276
114,2/16/2026,0,447.0123457,780
114,2/17/2026,0,163.9297297,326
114,2/18/2026,0.106299207,296.5333333,243
114,2/19/2026,0.047244098,195.7888889,266
114,2/20/2026,0.299212575,513.3658175,511
114,2/21/2026,0.003937008,1369.504032,1155
114,2/22/2026,0.015748031,852.1596639,213
114,2/23/2026,0,108.8055556,
114,2/24/2026,0,110.3915493,193
114,2/25/2026,0,242.1313673,165
114,2/26/2026,0.031496063,161.2021277,134
114,2/27/2026,0,514.9345794,412
114,2/28/2026,0,1267.337349,1319
114,3/1/2026,0,750.9484536,775
114,3/2/2026,0,91.46524064,102
114,3/3/2026,0.145669311,108.8055556,119
114,3/4/2026,0.224409446,224.0731707,208
114,3/5/2026,0.385826826,148.8377282,169
115,2/4/2026,0,168.0305677,115
115,2/5/2026,0,126.8560794,101
115,2/6/2026,0,331.7697842,286
115,2/7/2026,0.389763772,825.1736527,950
115,2/8/2026,0.314960629,331.7697842,319
115,2/9/2026,0.57874012,106.2573099,109
115,2/10/2026,0.047244098,91.46524064,98
115,2/11/2026,0,154.8221154,154
115,2/12/2026,0,110.3915493,106
115,2/13/2026,0.137795284,547.4032258,387
115,2/14/2026,0.350393683,1506.047773,1097
115,2/15/2026,0,825.1736527,791
115,2/16/2026,0.062992126,296.5333333,449
115,2/17/2026,0.007874016,147.6,278
115,2/18/2026,0.106299207,216.6267606,357
115,2/19/2026,0.031496067,148.8377282,286
115,2/20/2026,0,347.8575499,567
115,2/21/2026,0.224409446,1267.337349,1193
115,2/22/2026,0.208661407,695.9179104,651
115,2/23/2026,0.740157545,91.46524064,128
115,2/24/2026,0.023622049,89.16915423,148
115,2/25/2026,0.011811025,148.8377282,221
115,2/26/2026,0,108.8055556,193
115,2/27/2026,0.015748031,383.1410256,292
115,2/28/2026,0,1110.024691,994
115,3/1/2026,0,520.6186441,619
115,3/2/2026,0,95.85454545,109
115,3/3/2026,0.074803151,96.13461538,88
115,3/4/2026,0.622047305,148.8377282,145
115,3/5/2026,0.066929132,118.4545455,132
116,2/4/2026,0,195.7888889,169
116,2/5/2026,0,110.3915493,106
116,2/6/2026,0,286.8283582,297
116,2/7/2026,0,589.7456647,978
116,2/8/2026,0,373.3566879,441
116,2/9/2026,0,91.37254902,85
116,2/10/2026,0,110.3915493,98
116,2/11/2026,0,216.6267606,159
116,2/12/2026,0,110.3915493,211
116,2/13/2026,0,547.4032258,372
116,2/14/2026,0,1267.337349,1431
116,2/15/2026,0.188976392,695.9179104,789
116,2/16/2026,0.370078743,252.6173913,645
116,2/17/2026,0,89.16915423,170
116,2/18/2026,0.031496063,195.7888889,199
116,2/19/2026,0.102362201,126.8560794,169
116,2/20/2026,0.515748084,347.8575499,413
116,2/21/2026,0,1233.686275,1136
116,2/22/2026,0.271653533,547.4032258,389
116,2/23/2026,0.015748028,80.94285714,150
116,2/24/2026,0,89.16915423,130
116,2/25/2026,0.015748031,200.5985915,198
116,2/26/2026,0.0511811,110.3915493,175
116,2/27/2026,0,362.625,414
116,2/28/2026,0,1110.024691,1114
116,3/1/2026,0,511.8983051,689
116,3/2/2026,0,89.16915423,107
116,3/3/2026,0.157480314,106.2573099,108
116,3/4/2026,0.192913368,216.6267606,211
116,3/5/2026,0.035433069,110.3915493,154
117,2/4/2026,0,137.616129,98
117,2/5/2026,0,80.94285714,81
117,2/6/2026,0,195.7888889,281
117,2/7/2026,0,520.6186441,679
117,2/8/2026,0.043307088,252.6173913,217
117,2/9/2026,0,89.16915423,89
117,2/10/2026,0,91.37254902,63
117,2/11/2026,0,152.2010376,117
117,2/12/2026,0,91.46524064,100
117,2/13/2026,0,447.0123457,321
117,2/14/2026,0.854330778,1110.024691,996
117,2/15/2026,0.074803151,547.4032258,486
117,2/16/2026,0,154.8221154,230
117,2/17/2026,0,71.09345794,69
117,2/18/2026,0,148.8377282,77
117,2/19/2026,0,94.75,68
117,2/20/2026,0,283.484375,281
117,2/21/2026,0.007874016,879.9627483,746
117,2/22/2026,0,402.7941176,439
117,2/23/2026,0,91.46524064,95
117,2/24/2026,0,65.26190476,97
117,2/25/2026,0,148.8377282,141
117,2/26/2026,0,91.46524064,116
117,2/27/2026,0,296.5333333,252
117,2/28/2026,0,852.1596639,650
117,3/1/2026,0.137795284,383.1410256,419
117,3/2/2026,0.637795329,100.3636364,124
117,3/3/2026,0.007874016,70.92592593,74
117,3/4/2026,0.236220479,147.6,128
117,3/5/2026,3.03149581,106.2573099,109
118,2/4/2026,0,110.3915493,125
118,2/5/2026,0,108.8055556,85
118,2/6/2026,0,280.8842105,258
118,2/7/2026,0,726.6078431,621
118,2/8/2026,0,331.7697842,287
118,2/9/2026,0,76.85526316,33
118,2/10/2026,0,89.16915423,67
118,2/11/2026,0.007874016,119.7925926,79
118,2/12/2026,0,110.3915493,145
118,2/13/2026,0,481.3425414,270
118,2/14/2026,0,1267.337349,965
118,2/15/2026,0,726.6078431,752
118,2/16/2026,0.007874016,383.1410256,485
118,2/17/2026,0,126.8560794,163
118,2/18/2026,0.062992126,174.1060606,127
118,2/19/2026,0.066929139,118.4955357,109
118,2/20/2026,0.34251973,341.1545455,211
118,2/21/2026,0,1110.024691,841
118,2/22/2026,0.074803144,532.125,144
118,2/23/2026,0,79.55357143,
118,2/24/2026,0,80.94285714,150
118,2/25/2026,0,137.616129,111
118,2/26/2026,0.011811025,118.4955357,110
118,2/27/2026,0,331.7697842,328
118,2/28/2026,0,1049.589744,813
118,3/1/2026,0.027559057,481.3425414,538
118,3/2/2026,0,76.85526316,118
118,3/3/2026,0.177165359,96.13461538,67
118,3/4/2026,0.232283458,148.8377282,170
118,3/5/2026,0.36220479,126.8560794,78
119,2/4/2026,0,91.37254902,125
119,2/5/2026,0,75.68518519,109
119,2/6/2026,0,154.8221154,206
119,2/7/2026,0,547.4032258,558
119,2/8/2026,0,191.5615764,219
119,2/9/2026,0,80.94285714,42
119,2/10/2026,0.011811025,67.25352113,40
119,2/11/2026,0.291338563,91.46524064,80
119,2/12/2026,0,89.16915423,52
119,2/13/2026,0,290.3260073,280
119,2/14/2026,0.070866145,1005.886179,857
119,2/15/2026,2.07874012,398.8571429,523
119,2/16/2026,0,163.9297297,238
119,2/17/2026,0,67.25352113,46
119,2/18/2026,0.007874016,110.3915493,57
119,2/19/2026,0.007874016,89.16915423,85
119,2/20/2026,0,216.6267606,205
119,2/21/2026,0.023622049,825.1736527,838
119,2/22/2026,0,347.8575499,407
119,2/23/2026,0,89.16915423,90
119,2/24/2026,0,58.90816327,76
119,2/25/2026,0.003937008,106.2573099,111
119,2/26/2026,0.220472425,89.16915423,116
119,2/27/2026,0,224.0731707,235
119,2/28/2026,0,825.1736527,833
119,3/1/2026,0,280.8842105,417
119,3/2/2026,0.055118114,80.94285714,57
119,3/3/2026,0.003937008,67.25352113,73
119,3/4/2026,0.019685039,91.46524064,80
119,3/5/2026,0.078740157,76.85526316,88
120,2/4/2026,0,283.484375,279
120,2/5/2026,0.338582695,191.5615764,177
120,2/6/2026,0,447.0123457,438
120,2/7/2026,0,1110.024691,1187
120,2/8/2026,0,402.7941176,436
120,2/9/2026,0,182.2408759,170
120,2/10/2026,0,154.8221154,141
120,2/11/2026,0,271.5,238
120,2/12/2026,0.047244098,200.5985915,223
120,2/13/2026,0,726.6078431,658
120,2/14/2026,0,1571.961488,1422
120,2/15/2026,0,1049.589744,1029
120,2/16/2026,0.846456766,520.6186441,556
120,2/17/2026,0,126.8560794,154
120,2/18/2026,0,290.3260073,236
120,2/19/2026,0,174.1060606,248
120,2/20/2026,0,479.1730769,481
120,2/21/2026,0,1561.25,1131
120,2/22/2026,0.248031512,925.8387097,1016
120,2/23/2026,0,182.2408759,243
120,2/24/2026,0,126.8560794,189
120,2/25/2026,0,290.3260073,306
120,2/26/2026,0,182.2408759,236
120,2/27/2026,0.385826826,589.7456647,558
120,2/28/2026,1.035433173,1562.653207,1276
120,3/1/2026,0.035433073,726.6078431,878
120,3/2/2026,0.015748031,191.5615764,317
120,3/3/2026,0.019685039,126.8560794,141
120,3/4/2026,0.047244098,270.259887,216
120,3/5/2026,0.291338593,195.7888889,235
121,2/4/2026,0,79.55357143,82
121,2/5/2026,0,58.90816327,50
121,2/6/2026,0.003937008,168.0305677,159
121,2/7/2026,0,447.0123457,380
121,2/8/2026,0,163.9297297,126
121,2/9/2026,0,58.12408759,39
121,2/10/2026,0,58.12408759,35
121,2/11/2026,0,91.37254902,71
121,2/12/2026,0,58.90816327,62
121,2/13/2026,0,249.5630631,198
121,2/14/2026,0,825.1736527,724
121,2/15/2026,0,290.3260073,276
121,2/16/2026,0,147.6,73
121,2/17/2026,0,58.12408759,55
121,2/18/2026,0.09055119,96.13461538,71
121,2/19/2026,0,67.25352113,63
121,2/20/2026,0.255905509,195.7888889,208
121,2/21/2026,0,611.1417323,536
121,2/22/2026,0,258.5933014,269
121,2/23/2026,0,58.12408759,69
121,2/24/2026,0,58.12408759,56
121,2/25/2026,0,91.37254902,79
121,2/26/2026,0,67.25352113,126
121,2/27/2026,0,195.7888889,259
121,2/28/2026,0,611.1417323,472
121,3/1/2026,0,220.9241379,326
121,3/2/2026,0,58.12408759,63
121,3/3/2026,0.003937008,58.12408759,72
121,3/4/2026,0,80.94285714,91
121,3/5/2026,0.027559057,58.12408759,55
122,2/4/2026,0,195.7888889,149
122,2/5/2026,0,174.1060606,122
122,2/6/2026,0.003937008,347.8575499,306
122,2/7/2026,0,695.9179104,660
122,2/8/2026,0,347.8575499,323
122,2/9/2026,0,148.8377282,216
122,2/10/2026,0,126.8560794,126
122,2/11/2026,0.366141796,231.7790698,181
122,2/12/2026,0,195.7888889,200
122,2/13/2026,0,569.2716763,330
122,2/14/2026,0,1267.337349,944
122,2/15/2026,0.003937008,719.0757576,725
122,2/16/2026,1.133858204,514.9345794,581
122,2/17/2026,0.40157488,168.0305677,154
122,2/18/2026,0.783464551,252.6173913,187
122,2/19/2026,0.244094491,200.5985915,238
122,2/20/2026,0,385.496063,382
122,2/21/2026,0,1110.024691,787
122,2/22/2026,0,611.1417323,520
122,2/23/2026,0,147.6,94
122,2/24/2026,0,110.3915493,116
122,2/25/2026,0,224.0731707,199
122,2/26/2026,0,174.1060606,161
122,2/27/2026,0,447.0123457,350
122,2/28/2026,0,1005.886179,749
122,3/1/2026,0,547.4032258,518
122,3/2/2026,0,147.6,131
122,3/3/2026,0,115.0666667,104
122,3/4/2026,0,216.6267606,182
122,3/5/2026,0,174.1060606,183
124,2/4/2026,0,137.616129,160
124,2/5/2026,0,148.8377282,112
124,2/6/2026,0,242.1313673,320
124,2/7/2026,0,555,632
124,2/8/2026,0,195.7888889,188
124,2/9/2026,0.035433076,95.85454545,116
124,2/10/2026,0,80.94285714,99
124,2/11/2026,0.082677163,126.8560794,39
124,2/12/2026,0.866141737,137.616129,142
124,2/13/2026,0.110236228,520.6186441,453
124,2/14/2026,0,1110.024691,1057
124,2/15/2026,0,415.05,497
124,2/16/2026,0,191.5615764,295
124,2/17/2026,0.078740157,89.16915423,97
124,2/18/2026,0.027559057,147.6,98
124,2/19/2026,0,148.8377282,158
124,2/20/2026,0,363.4901961,353
124,2/21/2026,0,934.5945946,692
124,2/22/2026,0,331.7697842,371
124,2/23/2026,0,94.75,93
124,2/24/2026,0,76.85526316,168
124,2/25/2026,0.909448862,137.616129,162
124,2/26/2026,0.22047244,148.8377282,213
124,2/27/2026,0,415.05,389
124,2/28/2026,0,1005.886179,705
124,3/1/2026,0.007874016,290.3260073,400
124,3/2/2026,0.748031497,100.3636364,112
124,3/3/2026,0.370078743,80.94285714,104
124,3/4/2026,0,126.8560794,117
124,3/5/2026,0.153543279,148.8377282,125
125,2/4/2026,0,118.4955357,149
125,2/5/2026,0,110.3915493,122
125,2/6/2026,0,301.6236559,293
125,2/7/2026,0,589.7456647,676
125,2/8/2026,0,244.84375,333
125,2/9/2026,0,89.16915423,122
125,2/10/2026,0,106.2573099,114
125,2/11/2026,0.011811025,147.6,112
125,2/12/2026,0,126.8560794,119
125,2/13/2026,0,569.2716763,464
125,2/14/2026,0,1267.337349,1110
125,2/15/2026,0,611.1417323,804
125,2/16/2026,0,347.8575499,642
125,2/17/2026,0,148.8377282,340
125,2/18/2026,0.078740157,191.5615764,163
125,2/19/2026,0.015748031,154.8221154,172
125,2/20/2026,0.507874072,402.7941176,359
125,2/21/2026,0.023622049,1208.75,986
125,2/22/2026,0.019685039,481.3425414,246
125,2/23/2026,0.003937006,89.16915423,34
125,2/24/2026,0,89.16915423,268
125,2/25/2026,0,148.8377282,260
125,2/26/2026,0,126.8560794,121
125,2/27/2026,0,383.1410256,327
125,2/28/2026,0,1010.5625,1028
125,3/1/2026,0,402.7941176,685
125,3/2/2026,0,89.16915423,142
125,3/3/2026,0.173228338,96.13461538,117
125,3/4/2026,0.303149611,147.6,174
125,3/5/2026,0.334645629,126.8560794,125
126,2/4/2026,0,182.2408759,165
126,2/5/2026,0,126.8560794,114
126,2/6/2026,0.011811023,383.1410256,363
126,2/7/2026,0,852.1596639,819
126,2/8/2026,0,347.8575499,346
126,2/9/2026,0,148.8377282,91
126,2/10/2026,0,106.2573099,101
126,2/11/2026,0,174.1060606,144
126,2/12/2026,0,126.8560794,157
126,2/13/2026,0,652.5294118,470
126,2/14/2026,0,1267.337349,1434
126,2/15/2026,0,750.9484536,727
126,2/16/2026,0,286.8283582,430
126,2/17/2026,0,110.3915493,153
126,2/18/2026,0.448818922,166.986014,155
126,2/19/2026,0,137.616129,151
126,2/20/2026,0.295275599,423.5294118,333
126,2/21/2026,0,1167.924387,937
126,2/22/2026,0,618.6629213,608
126,2/23/2026,0,154.8221154,106
126,2/24/2026,0,95.85454545,125
126,2/25/2026,0,195.7888889,148
126,2/26/2026,0,147.6,180
126,2/27/2026,0,481.3425414,490
126,2/28/2026,0,1010.5625,1027
126,3/1/2026,0,481.3425414,703
126,3/2/2026,0,148.8377282,163
126,3/3/2026,0.015748031,110.3915493,127
126,3/4/2026,0.09055119,182.2408759,153
126,3/5/2026,0.228346437,148.8377282,140
127,2/4/2026,0,137.616129,117
127,2/5/2026,0,110.3915493,93
127,2/6/2026,0,283.484375,210
127,2/7/2026,0,520.6186441,564
127,2/8/2026,0,321.3348624,204
127,2/9/2026,0,110.3915493,101
127,2/10/2026,0.007874016,89.16915423,96
127,2/11/2026,0.763779521,154.8221154,148
127,2/12/2026,0,110.3915493,106
127,2/13/2026,0,481.3425414,316
127,2/14/2026,0,1005.886179,602
127,2/15/2026,0.003937008,686.3809524,602
127,2/16/2026,1.429134011,347.8575499,458
127,2/17/2026,0.145669267,100.3636364,107
127,2/18/2026,0.358267725,168.0305677,187
127,2/19/2026,0.34251973,126.8560794,176
127,2/20/2026,0,301.6236559,273
127,2/21/2026,0,852.1596639,566
127,2/22/2026,0,514.9345794,465
127,2/23/2026,0,118.4955357,73
127,2/24/2026,0,80.94285714,61
127,2/25/2026,0,161.2021277,158
127,2/26/2026,0,110.3915493,113
127,2/27/2026,0,347.8575499,270
127,2/28/2026,0,825.1736527,561
127,3/1/2026,0,450.8429319,531
127,3/2/2026,0,119.7925926,61
127,3/3/2026,0,91.37254902,50
127,3/4/2026,0,154.8221154,147
127,3/5/2026,0,108.8055556,93
128,2/4/2026,0.240157485,106.2573099,111
128,2/5/2026,0,93.08,94
128,2/6/2026,0,258.5933014,320
128,2/7/2026,0,750.9484536,934
128,2/8/2026,0,195.7888889,335
128,2/9/2026,0.027559055,91.46524064,66
128,2/10/2026,0,75.68518519,53
128,2/11/2026,0.118110217,110.3915493,98
128,2/12/2026,0,96.13461538,125
128,2/13/2026,0,481.3425414,351
128,2/14/2026,0,1379.375,1481
128,2/15/2026,0.657480359,611.1417323,634
128,2/16/2026,0,216.6267606,367
128,2/17/2026,0,80.94285714,95
128,2/18/2026,0.023622049,127.8516129,119
128,2/19/2026,0.094488196,100.3636364,168
128,2/20/2026,0.066929132,321.3348624,299
128,2/21/2026,0.161417335,1233.686275,1170
128,2/22/2026,0,481.3425414,571
128,2/23/2026,0,108.8055556,98
128,2/24/2026,0,70.92592593,129
128,2/25/2026,0,127.8516129,192
128,2/26/2026,0.165354326,100.3636364,185
128,2/27/2026,0.318897635,347.8575499,399
128,2/28/2026,0,1146.083333,1352
128,3/1/2026,0,402.7941176,531
128,3/2/2026,0,100.3636364,80
128,3/3/2026,0,65.26190476,86
128,3/4/2026,0,110.3915493,145
128,3/5/2026,0,91.46524064,93
129,2/4/2026,0,174.1060606,116
129,2/5/2026,0,118.4545455,103
129,2/6/2026,0,321.3348624,225
129,2/7/2026,0,695.9179104,993
129,2/8/2026,0,373.3566879,328
129,2/9/2026,0,91.46524064,92
129,2/10/2026,0,119.7925926,82
129,2/11/2026,0,195.7888889,142
129,2/12/2026,0,118.4545455,135
129,2/13/2026,0,569.2716763,384
129,2/14/2026,0,1349.518519,1190
129,2/15/2026,0.259842515,852.1596639,868
129,2/16/2026,0.330708653,423.5294118,527
129,2/17/2026,0,115.0666667,248
129,2/18/2026,0,182.2408759,158
129,2/19/2026,0.314960629,127.8516129,127
129,2/20/2026,0.720472515,385.496063,267
129,2/21/2026,0,1267.337349,1026
129,2/22/2026,0.251968503,618.6629213,401
129,2/23/2026,0,80.94285714,159
129,2/24/2026,0,91.37254902,85
129,2/25/2026,0,200.5985915,145
129,2/26/2026,0.043307088,126.8560794,132
129,2/27/2026,0,398.8571429,260
129,2/28/2026,0,1233.686275,926
129,3/1/2026,0,481.3425414,575
129,3/2/2026,0,80.94285714,71
129,3/3/2026,0.153543323,118.4955357,75
129,3/4/2026,0.204724401,220.9241379,152
129,3/5/2026,0.027559057,126.8560794,85
130,2/4/2026,0,126.8560794,127
130,2/5/2026,0,110.3915493,86
130,2/6/2026,0,220.9241379,169
130,2/7/2026,0,415.05,394
130,2/8/2026,0,242.1313673,196
130,2/9/2026,0,89.16915423,104
130,2/10/2026,0,91.46524064,121
130,2/11/2026,0.007874016,147.6,152
130,2/12/2026,0,127.8516129,110
130,2/13/2026,0,447.0123457,275
130,2/14/2026,0,895.5348837,712
130,2/15/2026,0,547.4032258,531
130,2/16/2026,0,362.6029412,444
130,2/17/2026,0,195.7888889,443
130,2/18/2026,0.074803151,383.1410256,573
130,2/19/2026,0.039370079,258.5933014,464
130,2/20/2026,0.350393742,383.1410256,500
130,2/21/2026,0,776.2307692,616
130,2/22/2026,0.074803151,479.1730769,112
130,2/23/2026,0,147.6,3
130,2/24/2026,0,137.616129,53
130,2/25/2026,0,231.7790698,67
130,2/26/2026,0.039370079,168.0305677,87
130,2/27/2026,0,331.7697842,233
130,2/28/2026,0,695.9179104,563
130,3/1/2026,0.003937008,383.1410256,437
130,3/2/2026,0,80.94285714,76
130,3/3/2026,0.165354326,93.08,62
130,3/4/2026,0.224409446,163.9297297,94
130,3/5/2026,0.452755898,127.8516129,106
131,2/4/2026,0.003937008,96.13461538,85
131,2/5/2026,0,71.09345794,60
131,2/6/2026,0.003937004,174.1060606,233
131,2/7/2026,0,383.1410256,612
131,2/8/2026,0,174.1060606,167
131,2/9/2026,0,58.12408759,60
131,2/10/2026,0,58.90816327,59
131,2/11/2026,0.003937008,110.3915493,100
131,2/12/2026,0,76.85526316,88
131,2/13/2026,0,331.7697842,242
131,2/14/2026,0.047244098,925.8387097,760
131,2/15/2026,0.437007844,339.4705678,344
131,2/16/2026,0,148.8377282,177
131,2/17/2026,0,58.90816327,84
131,2/18/2026,0.003937008,110.3915493,69
131,2/19/2026,0.015748031,76.85526316,72
131,2/20/2026,0.106299207,224.0731707,160
131,2/21/2026,0.015748031,706.3076923,665
131,2/22/2026,0.003937008,270.259887,288
131,2/23/2026,0,58.12408759,79
131,2/24/2026,0,58.12408759,75
131,2/25/2026,0.011811025,108.8055556,82
131,2/26/2026,0.066929132,76.85526316,76
131,2/27/2026,0,231.7790698,205
131,2/28/2026,0,695.9179104,731
131,3/1/2026,0,224.0731707,352
131,3/2/2026,0.338582695,65.26190476,59
131,3/3/2026,0.11811024,58.90816327,64
131,3/4/2026,0.574803114,110.3915493,112
131,3/5/2026,0.799212635,89.16915423,92
132,2/4/2026,0,154.8221154,146
132,2/5/2026,0,106.2573099,147
132,2/6/2026,0,290.3260073,246
132,2/7/2026,0,685.1111111,876
132,2/8/2026,0,242.1313673,381
132,2/9/2026,0,91.46524064,115
132,2/10/2026,0,96.13461538,96
132,2/11/2026,0.003937008,161.2021277,125
132,2/12/2026,0,108.8055556,159
132,2/13/2026,0,569.2716763,482
132,2/14/2026,0,1267.337349,1275
132,2/15/2026,0.122047253,611.1417323,713
132,2/16/2026,0.11023622,249.5630631,403
132,2/17/2026,0,106.2573099,82
132,2/18/2026,0.05905512,174.1060606,134
132,2/19/2026,0.090551183,126.8560794,158
132,2/20/2026,0.503937006,385.496063,339
132,2/21/2026,0,1267.337349,1082
132,2/22/2026,0.16141732,514.9345794,317
132,2/23/2026,0.003937009,89.16915423,106
132,2/24/2026,0,89.16915423,114
132,2/25/2026,0,166.986014,210
132,2/26/2026,0,110.3915493,152
132,2/27/2026,0,385.496063,358
132,2/28/2026,0,1110.024691,929
132,3/1/2026,0.003937008,416.3571429,601
132,3/2/2026,0,91.46524064,118
132,3/3/2026,0.287401587,100.3636364,99
132,3/4/2026,0.157480314,168.0305677,193
132,3/5/2026,0.248031512,118.4955357,183
133,2/4/2026,0,110.3915493,95
133,2/5/2026,0,95.85454545,98
133,2/6/2026,0,200.5985915,250
133,2/7/2026,0,402.7941176,420
133,2/8/2026,0,174.1060606,154
133,2/9/2026,0,110.3915493,83
133,2/10/2026,0.003937008,89.16915423,66
133,2/11/2026,0.007874016,126.8560794,128
133,2/12/2026,0.003937008,108.8055556,103
133,2/13/2026,0.043307088,383.1410256,263
133,2/14/2026,0.122047253,825.1736527,667
133,2/15/2026,0.078740157,415.05,412
133,2/16/2026,0,242.1313673,138
133,2/17/2026,0,91.46524064,104
133,2/18/2026,0.003937008,148.8377282,117
133,2/19/2026,0,118.4955357,105
133,2/20/2026,0.023622049,258.5933014,245
133,2/21/2026,0.047244098,618.6629213,545
133,2/22/2026,0,296.5333333,452
133,2/23/2026,0,115.0666667,89
133,2/24/2026,0,79.55357143,99
133,2/25/2026,0,133,180
133,2/26/2026,0,110.3915493,111
133,2/27/2026,0.003937008,258.5933014,263
133,2/28/2026,0,589.7456647,568
133,3/1/2026,0,252.6173913,325
133,3/2/2026,0.011811025,118.4955357,85
133,3/3/2026,0.003937008,80.94285714,92
133,3/4/2026,0.019685039,126.8560794,115
133,3/5/2026,0.011811025,108.8055556,101
134,2/4/2026,0,166.986014,133
134,2/5/2026,0,100.225,67
134,2/6/2026,0,290.3260073,255
134,2/7/2026,0,668.5060241,832
134,2/8/2026,0,224.0731707,307
134,2/9/2026,0,58.90816327,68
134,2/10/2026,0,91.46524064,80
134,2/11/2026,0.003937008,166.986014,168
134,2/12/2026,0,91.46524064,114
134,2/13/2026,0,547.4032258,407
134,2/14/2026,0,1267.337349,1257
134,2/15/2026,0.019685039,547.4032258,655
134,2/16/2026,0.007874017,216.6267606,298
134,2/17/2026,0,94.75,111
134,2/18/2026,0.023622049,168.0305677,170
134,2/19/2026,0.066929139,106.2573099,33
134,2/20/2026,0.55905515,347.8575499,301
134,2/21/2026,0,1267.337349,904
134,2/22/2026,0.11811024,450.8429319,559
134,2/23/2026,0,58.12408759,91
134,2/24/2026,0,76.85526316,122
134,2/25/2026,0,163.9297297,137
134,2/26/2026,0.043307085,96.13461538,110
134,2/27/2026,0,373.3566879,297
134,2/28/2026,0,1110.024691,869
134,3/1/2026,0,383.1410256,615
134,3/2/2026,0,58.90816327,106
134,3/3/2026,0.169291332,91.46524064,79
134,3/4/2026,0.208661407,166.986014,165
134,3/5/2026,0.181102365,106.2573099,105
135,2/4/2026,0,118.4955357,97
135,2/5/2026,0.185039371,76.85526316,82
135,2/6/2026,0,168.0305677,181
135,2/7/2026,0,415.05,555
135,2/8/2026,0,174.1060606,183
135,2/9/2026,0,100.3636364,81
135,2/10/2026,0,71.09345794,43
135,2/11/2026,0,133,69
135,2/12/2026,0.003937008,76.85526316,95
135,2/13/2026,0,347.8575499,181
135,2/14/2026,0,750.9484536,631
135,2/15/2026,0.047244098,479.1730769,357
135,2/16/2026,0.606299222,242.1313673,315
135,2/17/2026,0,89.16915423,77
135,2/18/2026,0,148.8377282,124
135,2/19/2026,0,89.16915423,90
135,2/20/2026,0,220.9241379,190
135,2/21/2026,0,547.4032258,446
135,2/22/2026,0.039370079,347.8575499,366
135,2/23/2026,0,100.3636364,136
135,2/24/2026,0,67.25352113,80
135,2/25/2026,0,137.616129,155
135,2/26/2026,0,80.94285714,72
135,2/27/2026,0.181102365,242.1313673,280
135,2/28/2026,1.326771736,611.1417323,530
135,3/1/2026,0,283.484375,347
135,3/2/2026,0,106.2573099,60
135,3/3/2026,0.019685039,71.09345794,74
135,3/4/2026,0.051181108,127.8516129,103
135,3/5/2026,0.11811024,89.16915423,81
136,2/4/2026,0,168.0305677,139
136,2/5/2026,0.342519671,148.8377282,156
136,2/6/2026,0,321.3348624,295
136,2/7/2026,0,695.9179104,809
136,2/8/2026,0,331.4468085,304
136,2/9/2026,0,126.8560794,120
136,2/10/2026,0,115.0666667,95
136,2/11/2026,0,174.1060606,161
136,2/12/2026,0,148.8377282,129
136,2/13/2026,0.007874016,569.2716763,312
136,2/14/2026,0,1267.337349,1035
136,2/15/2026,0,776.2307692,714
136,2/16/2026,0.188976362,280.8842105,372
136,2/17/2026,0,96.13461538,130
136,2/18/2026,0.003937008,168.0305677,188
136,2/19/2026,0,148.8377282,147
136,2/20/2026,0,347.8575499,314
136,2/21/2026,0,1110.024691,756
136,2/22/2026,0.066929139,627.952381,612
136,2/23/2026,0,126.8560794,218
136,2/24/2026,0,96.13461538,147
136,2/25/2026,0,174.1060606,226
136,2/26/2026,0.003937008,148.8377282,120
136,2/27/2026,0.015748031,385.496063,262
136,2/28/2026,0.267716497,1110.024691,829
136,3/1/2026,0.251968503,611.1417323,533
136,3/2/2026,0.011811025,138.3928571,133
136,3/3/2026,0.023622049,110.3915493,124
136,3/4/2026,0.019685039,174.1060606,190
136,3/5/2026,0.153543308,154.8221154,143
137,2/4/2026,0.570866287,100.225,90
137,2/5/2026,0.011811023,75.68518519,84
137,2/6/2026,0.082677163,166.986014,177
137,2/7/2026,0,243.313764,507
137,2/8/2026,0,154.8221154,192
137,2/9/2026,0,71.09345794,52
137,2/10/2026,0,71.09345794,36
137,2/11/2026,0.208661407,118.4955357,78
137,2/12/2026,0,89.16915423,81
137,2/13/2026,0,290.3260073,254
137,2/14/2026,0,852.1596639,660
137,2/15/2026,0.625984192,447.0123457,597
137,2/16/2026,0.070866138,174.1060606,174
137,2/17/2026,0,75.68518519,84
137,2/18/2026,0.019685039,126.8560794,118
137,2/19/2026,0.330708683,115.0666667,130
137,2/20/2026,0.035433073,216.6267606,220
137,2/21/2026,0.090551168,618.6629213,489
137,2/22/2026,0.023622049,286.8283582,332
137,2/23/2026,0,76.85526316,99
137,2/24/2026,0,58.90816327,97
137,2/25/2026,0,110.3915493,101
137,2/26/2026,1.173228383,115.0666667,111
137,2/27/2026,0,200.5985915,277
137,2/28/2026,0,569.2716763,558
137,3/1/2026,0,224.0731707,287
137,3/2/2026,0.070866145,89.16915423,93
137,3/3/2026,0,67.25352113,52
137,3/4/2026,0,106.2573099,96
137,3/5/2026,0.003937008,80.94285714,70
138,2/4/2026,0.043307088,110.3915493,122
138,2/5/2026,0.003937008,71.09345794,95
138,2/6/2026,0.003937009,191.5615764,217
138,2/7/2026,0,450.8429319,636
138,2/8/2026,0,200.5985915,270
138,2/9/2026,0,67.25352113,57
138,2/10/2026,0,58.90816327,58
138,2/11/2026,0,110.3915493,100
138,2/12/2026,0,76.85526316,91
138,2/13/2026,0,383.1410256,266
138,2/14/2026,0,1005.886179,1023
138,2/15/2026,1.035433054,447.0123457,374
138,2/16/2026,0.216535434,216.6267606,136
138,2/17/2026,0,65.26190476,66
138,2/18/2026,0,118.4955357,116
138,2/19/2026,0.011811025,89.16915423,80
138,2/20/2026,0.468503922,252.6173913,241
138,2/21/2026,0.090551183,825.1736527,854
138,2/22/2026,0.275590539,383.1410256,432
138,2/23/2026,0,67.25352113,77
138,2/24/2026,0,58.12408759,66
138,2/25/2026,0,115.0666667,132
138,2/26/2026,0.484252036,91.37254902,108
138,2/27/2026,0.031496067,252.6173913,308
138,2/28/2026,0,804.9107143,759
138,3/1/2026,0.003937008,296.5333333,360
138,3/2/2026,0.035433073,67.25352113,93
138,3/3/2026,0.031496067,58.90816327,85
138,3/4/2026,0,108.8055556,99
138,3/5/2026,0,71.09345794,106
140,2/4/2026,0.374015749,126.8560794,128
140,2/5/2026,0,98.47826087,118
140,2/6/2026,0,252.6173913,306
140,2/7/2026,0,644.6363636,1165
140,2/8/2026,0,249.5630631,455
140,2/9/2026,0,100.3636364,59
140,2/10/2026,0,75.68518519,51
140,2/11/2026,0.216535434,148.8377282,84
140,2/12/2026,0,100.225,89
140,2/13/2026,0,547.4032258,359
140,2/14/2026,0.003937008,1561.25,1442
140,2/15/2026,1.326771736,726.6078431,784
140,2/16/2026,0,252.6173913,510
140,2/17/2026,0,118.4955357,345
140,2/18/2026,0.019685039,249.5630631,467
140,2/19/2026,0.047244098,174.1060606,440
140,2/20/2026,0.389763772,373.3566879,686
140,2/21/2026,0.338582695,1561.25,1347
140,2/22/2026,0,569.2716763,717
140,2/23/2026,0,110.3915493,117
140,2/24/2026,0,67.25352113,114
140,2/25/2026,0,154.8221154,193
140,2/26/2026,0.389763772,110.3915493,157
140,2/27/2026,1.240157604,347.8575499,460
140,2/28/2026,0.011811025,1379.375,1462
140,3/1/2026,0,479.1730769,815
140,3/2/2026,0,106.2573099,153
140,3/3/2026,0,79.55357143,112
140,3/4/2026,0,161.2021277,156
140,3/5/2026,0.007874016,108.8055556,109
141,2/4/2026,0,195.4375,137
141,2/5/2026,0,118.4955357,95
141,2/6/2026,0,341.1545455,257
141,2/7/2026,0,750.9484536,769
141,2/8/2026,0,385.496063,439
141,2/9/2026,0,100.3636364,63
141,2/10/2026,0,110.3915493,90
141,2/11/2026,0,216.6267606,114
141,2/12/2026,0,118.4955357,97
141,2/13/2026,0,569.2716763,366
141,2/14/2026,0,1267.337349,1239
141,2/15/2026,0.22047244,825.1736527,779
141,2/16/2026,0.263779551,347.8575499,572
141,2/17/2026,0,110.3915493,310
141,2/18/2026,0,216.6267606,108
141,2/19/2026,0.181102365,119.7925926,78
141,2/20/2026,0.594488204,373.3566879,329
141,2/21/2026,0,1110.024691,917
141,2/22/2026,0.216535434,618.6629213,310
141,2/23/2026,0.011811022,89.16915423,171
141,2/24/2026,0,91.46524064,87
141,2/25/2026,0,224.0731707,155
141,2/26/2026,0.05905512,119.7925926,122
141,2/27/2026,0,383.1410256,395
141,2/28/2026,0,1110.024691,928
141,3/1/2026,0.003937008,520.6186441,577
141,3/2/2026,0,91.46524064,70
141,3/3/2026,0.192913413,100.3636364,91
141,3/4/2026,0.208661392,220.9241379,131
141,3/5/2026,0.003937008,110.3915493,130
142,2/4/2026,0.153543308,126.8560794,92
142,2/5/2026,0,91.37254902,75
142,2/6/2026,0,244.84375,227
142,2/7/2026,0,481.3425414,682
142,2/8/2026,0,161.2021277,256
142,2/9/2026,0,100.3636364,93
142,2/10/2026,0,75.68518519,107
142,2/11/2026,0.082677171,154.8221154,168
142,2/12/2026,0,100.3636364,139
142,2/13/2026,0.003937008,450.8429319,367
142,2/14/2026,0.2401575,1349.518519,954
142,2/15/2026,0.606299222,547.4032258,555
142,2/16/2026,0,216.6267606,253
142,2/17/2026,0,65.26190476,75
142,2/18/2026,0.015748031,161.2021277,131
142,2/19/2026,0.007874016,94.75,106
142,2/20/2026,0.106299199,290.3260073,269
142,2/21/2026,0.023622049,1110.024691,878
142,2/22/2026,0,383.1410256,415
142,2/23/2026,0,96.13461538,73
142,2/24/2026,0,58.90816327,95
142,2/25/2026,0,166.986014,134
142,2/26/2026,0,95.85454545,82
142,2/27/2026,0,296.5333333,312
142,2/28/2026,0,1005.886179,707
142,3/1/2026,0,341.1545455,476
142,3/2/2026,0,110.3915493,56
142,3/3/2026,0.023622049,71.09345794,74
142,3/4/2026,0.169291347,161.2021277,197
142,3/5/2026,0.047244102,91.46524064,59
143,2/4/2026,0,126.8560794,142
143,2/5/2026,0,106.2573099,87
143,2/6/2026,0,258.5933014,265
143,2/7/2026,0.003937008,618.6629213,618
143,2/8/2026,0,331.7697842,460
143,2/9/2026,0,89.16915423,135
143,2/10/2026,0,100.3636364,73
143,2/11/2026,0.003937008,138.3928571,111
143,2/12/2026,0,108.8055556,89
143,2/13/2026,0,547.4032258,254
143,2/14/2026,0,1349.518519,1207
143,2/15/2026,0,825.1736527,889
143,2/16/2026,0,479.1730769,778
143,2/17/2026,0,224.0731707,499
143,2/18/2026,0.086614177,385.496063,657
143,2/19/2026,0,224.0731707,705
143,2/20/2026,0.007874016,447.0123457,562
143,2/21/2026,0.035433076,1267.337349,1037
143,2/22/2026,0,695.9179104,541
143,2/23/2026,0,148.8377282,1
143,2/24/2026,0,137.616129,267
143,2/25/2026,0.003937008,216.6267606,135
143,2/26/2026,0,148.8377282,165
143,2/27/2026,0,383.1410256,324
143,2/28/2026,0,1208.75,1111
143,3/1/2026,0,547.4032258,613
143,3/2/2026,0,94.75,99
143,3/3/2026,0.011811022,96.13461538,64
143,3/4/2026,0.326771677,154.8221154,146
143,3/5/2026,0.003937008,108.8055556,86
144,2/4/2026,0.177165344,91.46524064,68
144,2/5/2026,0,71.09345794,77
144,2/6/2026,0,191.5615764,198
144,2/7/2026,0,479.1730769,636
144,2/8/2026,0,126.8560794,217
144,2/9/2026,0,89.16915423,22
144,2/10/2026,0,58.90816327,58
144,2/11/2026,0.318897665,106.2573099,88
144,2/12/2026,0,89.16915423,81
144,2/13/2026,0,402.7941176,354
144,2/14/2026,0,1110.024691,1115
144,2/15/2026,0.751968443,447.0123457,522
144,2/16/2026,0,166.986014,248
144,2/17/2026,0,58.12408759,57
144,2/18/2026,0,106.2573099,70
144,2/19/2026,0.118110232,89.16915423,93
144,2/20/2026,0.078740157,249.5630631,257
144,2/21/2026,0.484251946,1005.886179,757
144,2/22/2026,0,296.5333333,321
144,2/23/2026,0,80.94285714,46
144,2/24/2026,0,58.12408759,56
144,2/25/2026,0,106.2573099,70
144,2/26/2026,0.51968503,91.46524064,88
144,2/27/2026,0.2401575,270.259887,234
144,2/28/2026,0,929.1269841,774
144,3/1/2026,0,244.84375,335
144,3/2/2026,0.003937008,89.16915423,51
144,3/3/2026,0,58.12408759,65
144,3/4/2026,0,100.225,70
144,3/5/2026,0.019685039,80.94285714,62
145,2/4/2026,0,91.46524064,100
145,2/5/2026,0,67.25352113,76
145,2/6/2026,0,191.5615764,196
145,2/7/2026,0,450.8429319,593
145,2/8/2026,0,118.4955357,184
145,2/9/2026,0,75.68518519,65
145,2/10/2026,0,67.25352113,49
145,2/11/2026,0,110.3915493,86
145,2/12/2026,0,76.85526316,146
145,2/13/2026,0.011811025,347.8575499,313
145,2/14/2026,0.696850419,1233.686275,876
145,2/15/2026,0.007874016,430.75,421
145,2/16/2026,0,154.8221154,162
145,2/17/2026,0,70.92592593,68
145,2/18/2026,0,119.7925926,92
145,2/19/2026,0,79.55357143,62
145,2/20/2026,0,252.6173913,253
145,2/21/2026,0,895.5348837,842
145,2/22/2026,0,347.8575499,422
145,2/23/2026,0,76.85526316,68
145,2/24/2026,0,58.90816327,69
145,2/25/2026,0,118.4955357,109
145,2/26/2026,0.031496063,79.55357143,109
145,2/27/2026,0,270.259887,283
145,2/28/2026,0.212598428,852.1596639,774
145,3/1/2026,0.779527605,325.7435897,412
145,3/2/2026,0,71.09345794,54
145,3/3/2026,0,58.90816327,48
145,3/4/2026,0.007874016,100.3636364,116
145,3/5/2026,0,71.09345794,72
146,2/4/2026,0,191.5615764,175
146,2/5/2026,0,126.8560794,105
146,2/6/2026,0,331.7697842,239
146,2/7/2026,0.007874017,726.6078431,918
146,2/8/2026,0,244.84375,286
146,2/9/2026,0,91.46524064,142
146,2/10/2026,0,110.3915493,80
146,2/11/2026,0,220.9241379,173
146,2/12/2026,0,126.8560794,143
146,2/13/2026,0,589.7456647,558
146,2/14/2026,0,1349.518519,1290
146,2/15/2026,0.035433073,589.7456647,606
146,2/16/2026,0,216.6267606,369
146,2/17/2026,0,106.2573099,88
146,2/18/2026,0.169291347,220.9241379,127
146,2/19/2026,0.007874016,148.8377282,118
146,2/20/2026,0.665354371,398.8571429,338
146,2/21/2026,0,1233.686275,1121
146,2/22/2026,0.003937008,450.8429319,534
146,2/23/2026,0,76.85526316,107
146,2/24/2026,0,91.46524064,137
146,2/25/2026,0,224.0731707,193
146,2/26/2026,0,127.8516129,194
146,2/27/2026,0,415.05,415
146,2/28/2026,0,1110.024691,1099
146,3/1/2026,0,402.7941176,623
146,3/2/2026,0,71.09345794,82
146,3/3/2026,0.385826796,98.47826087,122
146,3/4/2026,0.094488196,220.9241379,196
146,3/5/2026,0.877952814,126.8560794,113
147,2/4/2026,0,154.8221154,178
147,2/5/2026,0,110.3915493,104
147,2/6/2026,0,296.5333333,281
147,2/7/2026,0,776.2307692,714
147,2/8/2026,0,244.84375,369
147,2/9/2026,0,80.94285714,89
147,2/10/2026,0,91.37254902,129
147,2/11/2026,0,161.2021277,175
147,2/12/2026,0,110.3915493,126
147,2/13/2026,0,555,269
147,2/14/2026,0,1267.337349,1137
147,2/15/2026,0,663.21875,815
147,2/16/2026,0,258.5933014,315
147,2/17/2026,0,127.8516129,141
147,2/18/2026,0,280.8842105,267
147,2/19/2026,0,174.1060606,237
147,2/20/2026,0,447.0123457,205
147,2/21/2026,0,1233.686275,840
147,2/22/2026,0,611.1417323,595
147,2/23/2026,0,126.8560794,114
147,2/24/2026,0,126.8560794,711
147,2/25/2026,0,249.5630631,848
147,2/26/2026,0,166.986014,901
147,2/27/2026,0,450.8429319,957
147,2/28/2026,0,1110.024691,1137
147,3/1/2026,0,520.6186441,685
147,3/2/2026,0,95.85454545,125
147,3/3/2026,0,96.13461538,51
147,3/4/2026,0.027559057,174.1060606,182
147,3/5/2026,0,127.8516129,118
148,2/4/2026,0,182.2408759,147
148,2/5/2026,0,154.8221154,110
148,2/6/2026,0,323.0351107,277
148,2/7/2026,0,725.2624922,653
148,2/8/2026,0,347.8575499,308
148,2/9/2026,0,148.8377282,207
148,2/10/2026,0.062992126,110.3915493,107
148,2/11/2026,1.460630178,174.1060606,199
148,2/12/2026,0.043307088,166.986014,159
148,2/13/2026,0,547.4032258,361
148,2/14/2026,0,1267.337349,1020
148,2/15/2026,0,726.6078431,761
148,2/16/2026,1.279527545,383.1410256,595
148,2/17/2026,0.681102335,118.4955357,125
148,2/18/2026,0.279527545,208.9411765,194
148,2/19/2026,0.433070898,200.5985915,235
148,2/20/2026,0,347.8575499,356
148,2/21/2026,0,1110.024691,809
148,2/22/2026,0,589.7456647,545
148,2/23/2026,0,148.8377282,133
148,2/24/2026,0.007874016,106.2573099,132
148,2/25/2026,0.011811025,174.1060606,189
148,2/26/2026,0,161.2021277,174
148,2/27/2026,0,363.4901961,356
148,2/28/2026,0,1005.886179,675
148,3/1/2026,0,514.9345794,553
148,3/2/2026,0,137.616129,140
148,3/3/2026,0,96.13461538,114
148,3/4/2026,0,161.2021277,179
148,3/5/2026,0,148.8377282,123
150,2/4/2026,0,126.8560794,117
150,2/5/2026,0,106.2573099,88
150,2/6/2026,0,280.8842105,271
150,2/7/2026,0.448818892,685.1111111,729
150,2/8/2026,0.165354326,271.5,207
150,2/9/2026,0.177165359,71.09345794,67
150,2/10/2026,0,76.85526316,72
150,2/11/2026,0,147.6,150
150,2/12/2026,0,108.8055556,118
150,2/13/2026,0.110236228,479.1730769,335
150,2/14/2026,0.314960629,1110.024691,782
150,2/15/2026,0,611.1417323,478
150,2/16/2026,0.019685039,258.5933014,370
150,2/17/2026,0.007874016,118.4955357,172
150,2/18/2026,0.031496063,200.5985915,256
150,2/19/2026,0.031496063,166.986014,161
150,2/20/2026,0,331.4468085,402
150,2/21/2026,0.122047253,895.5348837,785
150,2/22/2026,0.271653563,447.0123457,427
150,2/23/2026,0.700787544,76.85526316,105
150,2/24/2026,0,80.94285714,83
150,2/25/2026,0,148.8377282,105
150,2/26/2026,0,110.3915493,125
150,2/27/2026,0.059055127,347.8575499,305
150,2/28/2026,0,825.1736527,638
150,3/1/2026,0,347.8575499,501
150,3/2/2026,0,67.25352113,95
150,3/3/2026,0.047244098,71.09345794,86
150,3/4/2026,1.035433173,127.8516129,153
150,3/5/2026,0.263779491,108.8055556,177
151,2/4/2026,0,161.2021277,185
151,2/5/2026,0,137.616129,121
151,2/6/2026,0,347.8575499,388
151,2/7/2026,0,804.9107143,794
151,2/8/2026,0,331.7697842,391
151,2/9/2026,0,89.16915423,122
151,2/10/2026,0,119.7925926,86
151,2/11/2026,0.11023622,195.7888889,207
151,2/12/2026,0,154.8221154,187
151,2/13/2026,0,618.6629213,549
151,2/14/2026,0,1474.614264,1351
151,2/15/2026,0.031496063,686.3809524,908
151,2/16/2026,0.114173219,383.1410256,610
151,2/17/2026,0,137.616129,149
151,2/18/2026,0.015748031,195.7888889,176
151,2/19/2026,0.035433069,154.8221154,151
151,2/20/2026,0.649606287,447.0123457,486
151,2/21/2026,0,1267.337349,1066
151,2/22/2026,0.149606302,569.2716763,244
151,2/23/2026,0.003937008,70.92592593,63
151,2/24/2026,0,95.85454545,218
151,2/25/2026,0,195.7888889,247
151,2/26/2026,0.011811025,137.616129,207
151,2/27/2026,0,447.0123457,480
151,2/28/2026,0,1195.905893,1112
151,3/1/2026,0,514.9345794,821
151,3/2/2026,0,67.25352113,134
151,3/3/2026,0.169291332,110.3915493,136
151,3/4/2026,0.106299199,195.7888889,212
151,3/5/2026,0.125984251,137.616129,212
152,2/4/2026,0,95.85454545,77
152,2/5/2026,0,80.94285714,75
152,2/6/2026,0,168.0305677,97
152,2/7/2026,0,347.8575499,321
152,2/8/2026,0,224.0731707,151
152,2/9/2026,0,71.09345794,58
152,2/10/2026,0.015748031,70.92592593,65
152,2/11/2026,0.972440839,118.4955357,84
152,2/12/2026,0.059055123,80.94285714,3
152,2/13/2026,0,242.1313673,
152,2/14/2026,0.007874016,668.5060241,107
152,2/15/2026,0.22047244,450.8429319,401
152,2/16/2026,1.535433054,283.484375,304
152,2/17/2026,0.53937006,106.2573099,124
152,2/18/2026,0.125984251,148.8377282,221
152,2/19/2026,0.610236168,110.3915493,197
152,2/20/2026,0,191.5615764,230
152,2/21/2026,0,479.1730769,376
152,2/22/2026,0,347.8575499,295
152,2/23/2026,0,71.09345794,49
152,2/24/2026,0.027559057,65.26190476,92
152,2/25/2026,0.409448862,119.7925926,101
152,2/26/2026,0,80.94285714,95
152,2/27/2026,0,182.2408759,147
152,2/28/2026,0,450.8429319,325
152,3/1/2026,0,296.5333333,242
152,3/2/2026,0.023622049,75.68518519,30
152,3/3/2026,0,67.25352113,82
152,3/4/2026,0,108.8055556,89
152,3/5/2026,0,76.85526316,84
153,2/4/2026,0,252.6173913,269
153,2/5/2026,0,200.5985915,198
153,2/6/2026,0,481.3425414,481
153,2/7/2026,0,929.1269841,921
153,2/8/2026,0,479.1730769,336
153,2/9/2026,0,154.8221154,181
153,2/10/2026,0.039370079,148.8377282,126
153,2/11/2026,0.409448922,280.8842105,228
153,2/12/2026,0.003937008,216.6267606,187
153,2/13/2026,0,695.9179104,465
153,2/14/2026,0,1349.518519,1256
153,2/15/2026,0.031496067,1110.024691,989
153,2/16/2026,0.956692874,450.8429319,634
153,2/17/2026,0.429133952,137.616129,4
153,2/18/2026,0.216535434,331.7697842,12
153,2/19/2026,0.255905539,220.9241379,289
153,2/20/2026,0,514.9345794,533
153,2/21/2026,0,1267.337349,897
153,2/22/2026,0,825.1736527,799
153,2/23/2026,0,148.8377282,140
153,2/24/2026,0,126.8560794,167
153,2/25/2026,0,286.8283582,265
153,2/26/2026,0,200.5985915,205
153,2/27/2026,0,569.2716763,489
153,2/28/2026,0,1184.615057,1037
153,3/1/2026,0,719.0757576,718
153,3/2/2026,0,148.8377282,144
153,3/3/2026,0,119.7925926,59
153,3/4/2026,0,270.259887,219
153,3/5/2026,0,191.5615764,151
156,2/4/2026,0,154.8221154,110
156,2/5/2026,0,106.2573099,116
156,2/6/2026,0,252.6173913,297
156,2/7/2026,0,569.2716763,942
156,2/8/2026,0,224.0731707,329
156,2/9/2026,0,110.3915493,63
156,2/10/2026,0,80.94285714,82
156,2/11/2026,0,163.9297297,134
156,2/12/2026,0,126.8560794,127
156,2/13/2026,0,514.9345794,342
156,2/14/2026,0.003937008,1267.337349,1278
156,2/15/2026,0.681102335,547.4032258,675
156,2/16/2026,0,242.1313673,304
156,2/17/2026,0,80.94285714,109
156,2/18/2026,0.039370079,161.2021277,94
156,2/19/2026,0.122047246,126.8560794,122
156,2/20/2026,0.44094488,347.8575499,319
156,2/21/2026,0,1233.686275,1038
156,2/22/2026,0,479.1730769,639
156,2/23/2026,0,106.2573099,111
156,2/24/2026,0,71.09345794,83
156,2/25/2026,0.003937008,168.0305677,192
156,2/26/2026,0,126.8560794,148
156,2/27/2026,0,362.625,324
156,2/28/2026,0,1110.024691,940
156,3/1/2026,0,385.496063,580
156,3/2/2026,0.023622053,110.3915493,83
156,3/3/2026,1.055118084,76.85526316,167
156,3/4/2026,1.381889582,154.8588286,160
156,3/5/2026,0.838582754,126.8560794,179
157,2/4/2026,0,168.0305677,127
157,2/5/2026,0,147.6,88
157,2/6/2026,0,383.1410256,307
157,2/7/2026,0,892.6792453,759
157,2/8/2026,0,415.05,335
157,2/9/2026,0,148.8377282,103
157,2/10/2026,0.015748031,110.3915493,111
157,2/11/2026,0.448818922,166.986014,144
157,2/12/2026,0.062992126,127.8516129,152
157,2/13/2026,0,618.6629213,485
157,2/14/2026,0,1349.518519,1182
157,2/15/2026,0.677165329,1005.886179,970
157,2/16/2026,1.740157485,511.8983051,763
157,2/17/2026,0.685039282,148.8377282,178
157,2/18/2026,0.161417305,191.5615764,209
157,2/19/2026,0.492125988,154.8221154,213
157,2/20/2026,0,363.4901961,389
157,2/21/2026,0,1183.076923,923
157,2/22/2026,0,685.1111111,531
157,2/23/2026,0,138.3928571,96
157,2/24/2026,0.019685039,91.46524064,87
157,2/25/2026,0.074803151,163.9297297,162
157,2/26/2026,0,119.7925926,144
157,2/27/2026,0,398.8571429,337
157,2/28/2026,0,1049.589744,867
157,3/1/2026,0,644.6363636,698
157,3/2/2026,0.019685039,148.8377282,89
157,3/3/2026,0,106.2573099,76
157,3/4/2026,0,161.2021277,140
157,3/5/2026,0,126.8560794,133
158,2/4/2026,0,242.1313673,188
158,2/5/2026,0,182.0781538,161
158,2/6/2026,0,520.6186441,401
158,2/7/2026,0.484251976,1183.076923,1071
158,2/8/2026,0.125984251,443.7368421,346
158,2/9/2026,0.019685039,126.8560794,154
158,2/10/2026,0,126.8560794,135
158,2/11/2026,0,258.5933014,247
158,2/12/2026,0,191.5615764,196
158,2/13/2026,0.11811024,776.2857143,525
158,2/14/2026,0.307086617,1561.872621,1494
158,2/15/2026,0,1005.886179,960
158,2/16/2026,0.051181108,341.1545455,650
158,2/17/2026,0.039370079,148.8377282,328
158,2/18/2026,0.031496063,331.7697842,502
158,2/19/2026,0.007874016,216.6267606,374
158,2/20/2026,0,564.1720472,599
158,2/21/2026,0.094488181,1561.25,1153
158,2/22/2026,0.216535434,852.1596639,749
158,2/23/2026,0.488189012,126.8560794,183
158,2/24/2026,0,126.8560794,169
158,2/25/2026,0,290.3260073,281
158,2/26/2026,0,195.7888889,211
158,2/27/2026,0,589.7456647,458
158,2/28/2026,0,1349.518519,1136
158,3/1/2026,0,668.5060241,738
158,3/2/2026,0,118.4955357,153
158,3/3/2026,0.039370079,118.4955357,150
158,3/4/2026,0.641732335,286.8283582,358
158,3/5/2026,0.173228353,195.7888889,265
159,2/4/2026,0.271653533,154.8221154,159
159,2/5/2026,0.007874016,110.3915493,108
159,2/6/2026,0,252.6173913,251
159,2/7/2026,0,644.6363636,980
159,2/8/2026,0,216.6267606,369
159,2/9/2026,0,110.3915493,89
159,2/10/2026,0,91.46524064,81
159,2/11/2026,0.36220476,168.0305677,162
159,2/12/2026,0,126.8560794,115
159,2/13/2026,0,481.3425414,405
159,2/14/2026,0,1349.518519,1277
159,2/15/2026,0.799212635,644.6363636,716
159,2/16/2026,0,242.1313673,319
159,2/17/2026,0,96.13461538,102
159,2/18/2026,0,174.1060606,173
159,2/19/2026,0.20078738,148.8377282,154
159,2/20/2026,0.043307088,321.3348624,339
159,2/21/2026,0.590551198,1267.337349,948
159,2/22/2026,0.015748031,450.8429319,591
159,2/23/2026,0,110.3915493,138
159,2/24/2026,0,79.55357143,93
159,2/25/2026,0.023622049,168.0305677,190
159,2/26/2026,0.850393832,137.616129,222
159,2/27/2026,0.051181108,341.1545455,308
159,2/28/2026,0,1110.024691,929
159,3/1/2026,0,385.496063,505
159,3/2/2026,0.015748031,110.3915493,117
159,3/3/2026,0,89.16915423,136
159,3/4/2026,0,163.9297297,175
159,3/5/2026,0,119.7925926,106
160,2/4/2026,0,154.8221154,197
160,2/5/2026,0,148.8377282,107
160,2/6/2026,0,290.3260073,222
160,2/7/2026,0,695.9179104,879
160,2/8/2026,0,301.6236559,339
160,2/9/2026,0,94.75,64
160,2/10/2026,0,106.2573099,82
160,2/11/2026,0.011811025,174.1060606,122
160,2/12/2026,0,154.8221154,148
160,2/13/2026,0,569.2716763,463
160,2/14/2026,0,1267.337349,1244
160,2/15/2026,0.007874016,618.6629213,772
160,2/16/2026,0,270.259887,458
160,2/17/2026,0,119.7925926,148
160,2/18/2026,0.070866138,191.5615764,171
160,2/19/2026,0.114173219,174.1060606,152
160,2/20/2026,0.259842515,373.3566879,327
160,2/21/2026,0,1233.686275,965
160,2/22/2026,0.05905512,520.6186441,193
160,2/23/2026,0,93.08,173
160,2/24/2026,0,91.46524064,133
160,2/25/2026,0,182.2408759,202
160,2/26/2026,0,154.8221154,160
160,2/27/2026,0,402.7941176,366
160,2/28/2026,0,1110.024691,951
160,3/1/2026,0,447.0123457,688
160,3/2/2026,0,91.46524064,135
160,3/3/2026,0.133858278,94.75,169
160,3/4/2026,0.145669281,174.1060606,209
160,3/5/2026,0.511811078,166.986014,158
161,2/4/2026,0,148.8377282,107
161,2/5/2026,0,100.225,96
161,2/6/2026,0,270.259887,263
161,2/7/2026,0,611.1417323,660
161,2/8/2026,0,220.9241379,180
161,2/9/2026,0,65.26190476,81
161,2/10/2026,0,67.25352113,55
161,2/11/2026,0,137.616129,115
161,2/12/2026,0,91.46524064,79
161,2/13/2026,0,416.3571429,333
161,2/14/2026,0,1010.5625,947
161,2/15/2026,0,423.5294118,410
161,2/16/2026,0.098425195,163.9297297,123
161,2/17/2026,0,67.25352113,73
161,2/18/2026,0.523622036,148.8377282,115
161,2/19/2026,0.035433073,108.8055556,132
161,2/20/2026,0.425196916,296.5333333,320
161,2/21/2026,0,895.5348837,788
161,2/22/2026,0,385.496063,416
161,2/23/2026,0,71.09345794,94
161,2/24/2026,0,71.09345794,65
161,2/25/2026,0,154.8221154,154
161,2/26/2026,0,110.3915493,116
161,2/27/2026,0,296.5333333,368
161,2/28/2026,0,852.1596639,864
161,3/1/2026,0,331.7697842,449
161,3/2/2026,0,67.25352113,128
161,3/3/2026,0,70.92592593,78
161,3/4/2026,0,137.616129,125
161,3/5/2026,0.031496063,108.8055556,133
162,2/4/2026,0,89.16915423,53
162,2/5/2026,0,70.92592593,59
162,2/6/2026,0,174.1060606,192
162,2/7/2026,0,481.3425414,543
162,2/8/2026,0,147.6,132
162,2/9/2026,0,71.09345794,40
162,2/10/2026,0,58.12408759,33
162,2/11/2026,0,93.08,67
162,2/12/2026,0,71.09345794,53
162,2/13/2026,0,280.8842105,301
162,2/14/2026,0.003937008,895.5348837,682
162,2/15/2026,0,296.5333333,265
162,2/16/2026,0,168.0305677,137
162,2/17/2026,0,71.09345794,48
162,2/18/2026,0.0511811,119.7925926,76
162,2/19/2026,0,80.94285714,96
162,2/20/2026,0,208.9411765,187
162,2/21/2026,0,719.0757576,471
162,2/22/2026,0,252.6173913,276
162,2/23/2026,0,75.68518519,45
162,2/24/2026,0,58.12408759,63
162,2/25/2026,0,106.2573099,103
162,2/26/2026,0,76.85526316,110
162,2/27/2026,0,216.6267606,234
162,2/28/2026,0,714.9195609,580
162,3/1/2026,0,200.5985915,338
162,3/2/2026,0,70.92592593,73
162,3/3/2026,0.082677163,58.12408759,62
162,3/4/2026,0,91.37254902,96
162,3/5/2026,0,70.92592593,99
163,2/4/2026,0,137.616129,163
163,2/5/2026,0,154.8221154,135
163,2/6/2026,0,258.5933014,157
163,2/7/2026,0,511.8983051,506
163,2/8/2026,0,321.3348624,281
163,2/9/2026,0,126.8560794,101
163,2/10/2026,0,118.4955357,81
163,2/11/2026,0.003937008,174.1060606,138
163,2/12/2026,0,174.1060606,86
163,2/13/2026,0,520.6186441,286
163,2/14/2026,0,1049.589744,905
163,2/15/2026,0,726.6078431,699
163,2/16/2026,0,447.0123457,576
163,2/17/2026,0,216.6267606,446
163,2/18/2026,0.055118114,347.8575499,622
163,2/19/2026,0.031496063,258.5933014,508
163,2/20/2026,0.326771706,383.1410256,541
163,2/21/2026,0,1005.886179,833
163,2/22/2026,0.074803151,611.1417323,149
163,2/23/2026,0,163.9297297,4
163,2/24/2026,0,154.8221154,113
163,2/25/2026,0,280.8842105,154
163,2/26/2026,0.031496063,200.5985915,159
163,2/27/2026,0,385.496063,413
163,2/28/2026,0,895.5348837,1016
163,3/1/2026,0.003937008,532.125,586
163,3/2/2026,0,127.8516129,140
163,3/3/2026,0.145669296,127.8516129,170
163,3/4/2026,0.232283458,216.6267606,359
163,3/5/2026,0.523622036,168.0305677,190
164,2/4/2026,0,126.8560794,120
164,2/5/2026,0,106.2573099,92
164,2/6/2026,0,200.5985915,178
164,2/7/2026,0,447.0123457,424
164,2/8/2026,0,242.1313673,192
164,2/9/2026,0,89.16915423,156
164,2/10/2026,0.011811025,89.16915423,52
164,2/11/2026,0.094488174,126.8560794,83
164,2/12/2026,0,110.3915493,92
164,2/13/2026,0,347.8575499,222
164,2/14/2026,0,825.1736527,564
164,2/15/2026,0,447.0123457,406
164,2/16/2026,0.472440958,224.0731707,241
164,2/17/2026,0.106299207,89.16915423,86
164,2/18/2026,1.066929221,154.8221154,110
164,2/19/2026,0.531496048,126.8560794,98
164,2/20/2026,0.208661422,249.5630631,222
164,2/21/2026,0,569.2716763,474
164,2/22/2026,0,347.8575499,333
164,2/23/2026,0,89.16915423,87
164,2/24/2026,0,79.55357143,93
164,2/25/2026,0,137.616129,134
164,2/26/2026,0.003937008,110.3915493,125
164,2/27/2026,0,242.1313673,219
164,2/28/2026,0,547.4032258,424
164,3/1/2026,0,319.5,360
164,3/2/2026,0.003937008,89.16915423,71
164,3/3/2026,0,80.94285714,84
164,3/4/2026,0,126.8560794,124
164,3/5/2026,0,108.8055556,85
165,2/4/2026,0,161.2021277,128
165,2/5/2026,0.173228353,126.8560794,128
165,2/6/2026,0,283.484375,263
165,2/7/2026,0,695.9179104,709
165,2/8/2026,0,224.0731707,272
165,2/9/2026,0,110.3915493,89
165,2/10/2026,0,89.16915423,86
165,2/11/2026,0,166.986014,145
165,2/12/2026,0.007874016,126.8560794,123
165,2/13/2026,0,448.3441528,289
165,2/14/2026,0,1267.337349,867
165,2/15/2026,0.094488181,520.6186441,462
165,2/16/2026,0.035433076,208.9411765,283
165,2/17/2026,0,89.16915423,117
165,2/18/2026,0.007874016,174.1060606,92
165,2/19/2026,0.003937008,137.616129,192
165,2/20/2026,0,296.5333333,290
165,2/21/2026,0,1010.5625,722
165,2/22/2026,0.043307088,385.496063,455
165,2/23/2026,0,110.3915493,123
165,2/24/2026,0,79.55357143,123
165,2/25/2026,0,174.1060606,177
165,2/26/2026,0,126.8560794,159
165,2/27/2026,0.42125985,331.4468085,302
165,2/28/2026,0.007874016,1005.886179,854
165,3/1/2026,0,331.7697842,381
165,3/2/2026,0,110.3915493,92
165,3/3/2026,0,79.55357143,84
165,3/4/2026,0,166.986014,177
165,3/5/2026,0,126.8560794,122
166,2/4/2026,0,147.6,126
166,2/5/2026,0,148.8377282,100
166,2/6/2026,0,290.3260073,290
166,2/7/2026,0,547.4032258,600
166,2/8/2026,0,283.484375,285
166,2/9/2026,0,126.8560794,85
166,2/10/2026,0,110.3915493,92
166,2/11/2026,0.003937008,168.0305677,142
166,2/12/2026,0,154.8221154,196
166,2/13/2026,0,520.6186441,366
166,2/14/2026,0,929.1269841,800
166,2/15/2026,0,644.6363636,532
166,2/16/2026,0,347.8575499,319
166,2/17/2026,0,168.0305677,297
166,2/18/2026,0.055118114,347.8575499,418
166,2/19/2026,0.031496063,252.6173913,403
166,2/20/2026,0.326771706,402.7941176,503
166,2/21/2026,0,825.1736527,844
166,2/22/2026,0.074803151,547.4032258,206
166,2/23/2026,0,166.986014,
166,2/24/2026,0,147.6,157
166,2/25/2026,0,252.6173913,139
166,2/26/2026,0.031496063,166.986014,170
166,2/27/2026,0,383.1410256,322
166,2/28/2026,0,776.2307692,835
166,3/1/2026,0.003937008,450.8429319,498
166,3/2/2026,0,126.8560794,141
166,3/3/2026,0.145669296,106.2573099,76
166,3/4/2026,0.232283458,200.5985915,198
166,3/5/2026,0.523622036,148.8377282,163
167,2/4/2026,0.633858263,224.0731707,221
167,2/5/2026,0.019685039,174.1060606,166
167,2/6/2026,0.011811025,347.8575499,308
167,2/7/2026,0.039370079,663.21875,595
167,2/8/2026,0.314960599,481.3425414,559
167,2/9/2026,0.106299207,174.1060606,145
167,2/10/2026,0.035433073,137.616129,108
167,2/11/2026,0.007874016,216.6267606,157
167,2/12/2026,0.208661422,191.5615764,142
167,2/13/2026,0.047244098,547.4032258,378
167,2/14/2026,0.295275599,1183.076923,873
167,2/15/2026,0.468503922,895.5348837,874
167,2/16/2026,0.066929139,481.3425414,393
167,2/17/2026,0,110.3915493,111
167,2/18/2026,0.003937008,200.5985915,161
167,2/19/2026,0,174.1060606,145
167,2/20/2026,0,347.8575499,294
167,2/21/2026,0.003937008,929.1269841,731
167,2/22/2026,0.003937008,726.6078431,618
167,2/23/2026,0,174.1060606,140
167,2/24/2026,0.023622049,119.7925926,122
167,2/25/2026,0.007874016,216.6267606,218
167,2/26/2026,0.023622049,191.5615764,199
167,2/27/2026,0.066929139,402.7941176,367
167,2/28/2026,0.003937008,895.5348837,822
167,3/1/2026,0.003937008,668.5060241,749
167,3/2/2026,0.035433073,200.5985915,242
167,3/3/2026,0,137.616129,137
167,3/4/2026,0.12204726,200.5985915,174
167,3/5/2026,0.086614177,191.5615764,143
168,2/4/2026,0.437007844,108.8055556,145
168,2/5/2026,0.393700868,96.13461538,104
168,2/6/2026,0,220.9241379,253
168,2/7/2026,0,481.3425414,786
168,2/8/2026,0,148.8377282,303
168,2/9/2026,0,91.46524064,80
168,2/10/2026,0,76.85526316,53
168,2/11/2026,0.16141732,119.7925926,118
168,2/12/2026,0,110.3915493,167
168,2/13/2026,0,447.0123457,367
168,2/14/2026,0,1110.024691,964
168,2/15/2026,0.748031557,481.3425414,540
168,2/16/2026,0.019685039,216.6267606,306
168,2/17/2026,0,89.16915423,77
168,2/18/2026,0.003937008,137.616129,138
168,2/19/2026,0.003937008,118.4545455,116
168,2/20/2026,0.070866138,286.8283582,343
168,2/21/2026,0.606299222,1005.886179,926
168,2/22/2026,0.007874016,347.8575499,421
168,2/23/2026,0,89.16915423,82
168,2/24/2026,0,67.25352113,115
168,2/25/2026,0,126.8560794,128
168,2/26/2026,0.263779521,115.0666667,142
168,2/27/2026,1.141732335,290.3260073,347
168,2/28/2026,0.007874016,895.5348837,941
168,3/1/2026,0,296.5333333,479
168,3/2/2026,0,89.16915423,72
168,3/3/2026,0,71.09345794,96
168,3/4/2026,0,118.4955357,182
168,3/5/2026,0.003937008,106.2573099,134
169,2/4/2026,0.114173234,174.1060606,108
169,2/5/2026,0.023622049,106.2573099,105
169,2/6/2026,0.003937008,242.1313673,303
169,2/7/2026,0,611.1417323,896
169,2/8/2026,0,249.5630631,233
169,2/9/2026,0,100.3636364,78
169,2/10/2026,0,106.2573099,68
169,2/11/2026,0.007874016,182.2408759,145
169,2/12/2026,0,110.3915493,114
169,2/13/2026,0,511.8983051,368
169,2/14/2026,0,1349.518519,1164
169,2/15/2026,0.696850419,726.6078431,682
169,2/16/2026,0.303149611,283.484375,214
169,2/17/2026,0,106.2573099,134
169,2/18/2026,0,174.1060606,126
169,2/19/2026,0.062992133,110.3915493,125
169,2/20/2026,0.177165359,331.4468085,326
169,2/21/2026,0.11023622,1233.686275,948
169,2/22/2026,0.350393742,481.3425414,495
169,2/23/2026,0,91.46524064,92
169,2/24/2026,0,89.16915423,123
169,2/25/2026,0,182.2408759,193
169,2/26/2026,1.01968503,119.7925926,149
169,2/27/2026,0.098425195,347.8575499,435
169,2/28/2026,0,1110.024691,937
169,3/1/2026,0,402.7941176,460
169,3/2/2026,0.015748031,96.13461538,103
169,3/3/2026,0.015748031,94.75,227
169,3/4/2026,0,174.1060606,138
169,3/5/2026,0,106.2573099,180
170,2/4/2026,0,95.86774953,63
170,2/5/2026,0,89.16915423,60
170,2/6/2026,0,191.5615764,189
170,2/7/2026,0,514.9345794,469
170,2/8/2026,0.015748031,168.0305677,163
170,2/9/2026,0,106.2573099,63
170,2/10/2026,0,106.2573099,52
170,2/11/2026,0,118.4545455,119
170,2/12/2026,0,100.3636364,133
170,2/13/2026,0,383.1410256,295
170,2/14/2026,0.688976407,1178.757887,889
170,2/15/2026,0,347.8575499,388
170,2/16/2026,0,182.2408759,184
170,2/17/2026,0,89.16915423,57
170,2/18/2026,0,119.7925926,82
170,2/19/2026,0,91.46524064,88
170,2/20/2026,0,258.5933014,263
170,2/21/2026,0,852.1596639,755
170,2/22/2026,0,283.484375,422
170,2/23/2026,0,91.46524064,84
170,2/24/2026,0,89.16915423,77
170,2/25/2026,0,118.4955357,133
170,2/26/2026,0,96.13461538,124
170,2/27/2026,0,280.8842105,238
170,2/28/2026,0,852.1596639,790
170,3/1/2026,0,242.1313673,342
170,3/2/2026,0,95.85454545,94
170,3/3/2026,0,91.46524064,65
170,3/4/2026,0,118.4955357,117
170,3/5/2026,0.011811025,96.13461538,82
177,2/4/2026,0,126.8560794,74
177,2/5/2026,0,91.46524064,57
177,2/6/2026,0,252.6173913,212
177,2/7/2026,0,644.6363636,693
177,2/8/2026,0,191.5615764,172
177,2/9/2026,0,71.09345794,49
177,2/10/2026,0,76.85526316,65
177,2/11/2026,0,126.8560794,105
177,2/12/2026,0,91.46524064,54
177,2/13/2026,0,479.1730769,314
177,2/14/2026,0,1233.686275,901
177,2/15/2026,0,415.05,325
177,2/16/2026,0,195.7888889,134
177,2/17/2026,0,80.94285714,36
177,2/18/2026,0,148.8377282,68
177,2/19/2026,0,100.225,161
177,2/20/2026,0,296.5333333,321
177,2/21/2026,0,934.5945946,829
177,2/22/2026,0,347.8575499,304
177,2/23/2026,0,71.09345794,71
177,2/24/2026,0,67.25352113,65
177,2/25/2026,0,137.616129,140
177,2/26/2026,0,96.13461538,166
177,2/27/2026,0,331.4468085,344
177,2/28/2026,0,929.1269841,806
177,3/1/2026,0,290.3260073,428
177,3/2/2026,0,71.09345794,57
177,3/3/2026,0.188976347,89.16915423,62
177,3/4/2026,0.003937008,126.8560794,86
177,3/5/2026,0.003937008,93.08,104
179,2/4/2026,0,100.225,75
179,2/5/2026,0,71.09345794,28
179,2/6/2026,0.003937008,154.8221154,149
179,2/7/2026,0,321.3348624,256
179,2/8/2026,0,126.8560794,115
179,2/9/2026,0,65.26190476,41
179,2/10/2026,0,67.25352113,44
179,2/11/2026,0,119.7925926,69
179,2/12/2026,0,78.80910468,42
179,2/13/2026,0.015748031,249.5630631,181
179,2/14/2026,0,547.4032258,341
179,2/15/2026,0,270.259887,244
179,2/16/2026,0,174.1060606,217
179,2/17/2026,0.224409431,76.85526316,19
179,2/18/2026,0.003937008,126.8560794,84
179,2/19/2026,0,80.94285714,71
179,2/20/2026,0.035433073,182.2408759,165
179,2/21/2026,0,415.05,285
179,2/22/2026,0,200.5985915,142
179,2/23/2026,0,65.26190476,51
179,2/24/2026,0,58.90816327,55
179,2/25/2026,0,126.8560794,82
179,2/26/2026,0,80.94285714,55
179,2/27/2026,0,174.1060606,159
179,2/28/2026,0,402.7941176,254
179,3/1/2026,0,174.1060606,251
179,3/2/2026,0,58.90816327,49
179,3/3/2026,0,58.90816327,41
179,3/4/2026,0,118.4955357,63
179,3/5/2026,0,71.09345794,79
189,2/4/2026,0.082677171,242.1313673,283
189,2/5/2026,0.192913368,148.8377282,236
189,2/6/2026,0,383.1410256,424
189,2/7/2026,0,825.1736527,1226
189,2/8/2026,0,347.8575499,432
189,2/9/2026,0,191.5615764,473
189,2/10/2026,0,119.7925926,202
189,2/11/2026,0.137795284,249.5630631,251
189,2/12/2026,0.043307088,161.2021277,242
189,2/13/2026,0,627.952381,677
189,2/14/2026,0,1267.337349,1193
189,2/15/2026,0.551181138,929.1269841,1078
189,2/16/2026,0.114173234,447.0123457,726
189,2/17/2026,0,137.616129,219
189,2/18/2026,0.003937008,336.8125,280
189,2/19/2026,0.027559057,166.986014,240
189,2/20/2026,0,479.1730769,369
189,2/21/2026,0.035433073,1233.686275,1275
189,2/22/2026,0.377952784,892.6792453,817
189,2/23/2026,0,220.9241379,204
189,2/24/2026,0,110.3915493,182
189,2/25/2026,0,321.3348624,330
189,2/26/2026,0,163.9297297,199
189,2/27/2026,1.051180959,547.4032258,481
189,2/28/2026,0.039370079,1110.024691,907
189,3/1/2026,0,663.21875,675
189,3/2/2026,0.015748031,224.0731707,209
189,3/3/2026,0.003937008,118.4955357,136
189,3/4/2026,0.007874016,296.5333333,275
189,3/5/2026,0.062992126,168.0305677,170
